id;isi_berita;tema
1;"Penutupan operasional Bandara Soekarno-Hatta beserta sejumlah bandara lain yang terkena dampak abu vulkanik Gunung Anak Krakatau telah berakhir. Mulai Selasa (8/9) pukul 00.01 WIB, operasional bandara kembali berjalan dengan normal. Menteri Perhubungan Dudy Purwagandhi secara langsung menyatakan pembukaan kembali operasional bandara dari Terminal 1 Bandara Soekarno-Hatta, Selasa dini hari (8/9). Sementara bandara Bandara Radin Inten II Lampung serta Bandara Muhammad Taufiq Kiemas Lampung masih menunggu perkembangan lebih lanjut. ""Per tanggal 8 September pukul 00.01 WIB, Bandara Soekarno-Hatta Banten, Bandara Halim Perdanakusuma Jakarta dan Bandara Husein Sastranegara Bandung dinyatakan aktif kembali. Menyusul Bandara Budiarto Curug Banten dan Bandara Pondok Cabe Banten juga kembali dibuka pada pukul 02.25 WIB,"" kata Dudy dalam keterangan tertulis, Selasa (8/9/2026). Untuk memastikan keselamatan dan keamanan penerbangan, pembukaan bandara ini juga disertai dengan sejumlah catatan. Pertama, Otoritas Bandara bersama dengan maskapai harus melakukan inspeksi terhadap semua armada pesawat. Kedua, pilot dan kru operasional pesawat wajib mengetahui restricted polygon, yakni wilayah udara berbentuk poligon (banyak sudut) yang dibatasi atau dilarang oleh otoritas terkait untuk dilintasi karena terdeteksi mengandung sebaran abu vulkanik. Sebelumnya, sebaran abu vulkanik Gunung Anak Krakatau telah berdampak pada ruang udara dan operasional bandar udara sejak Sabtu (5/9). Akibatnya, sebanyak delapan bandara, meliputi Bandara Soekarno-Hatta Banten, Bandara Halim Perdanakusuma Jakarta, Bandara Radin Inten II Lampung, Bandara Husein Sastranegara Bandung, Bandara Budiarto Curug Banten, Bandara Pondok Cabe Banten, Bandara Taufik Kiemas di Pesisir Barat Lampung, serta Bandara Atung Bungsu di Pagar Alam Sumsel mengalami penutupan operasional. Berdasarkan pembaruan kondisi operasional, bandara Atung Bungsu di Pagar Alam, Sumatera Selatan yang sempat ditutup, sudah dapat beroperasi secara normal per Senin (7/9) pukul 09.00 WIB. Dudy meminta maskapai terus berkoordinasi dengan pengelola bandara, otoritas serta instansi terkait untuk memastikan operasional dapat dilakukan secara aman dan selamat. (hal/ara)";finance
2;"InJourney Airports menjamin kesiapan operasional tiga bandara besar yang dibuka lagi usai paparan abu vulkanik erupsi Gunung Anak Krakatau. Bandara Soekarno-Hatta, Bandara Halim Perdanakusuma, dan Bandara Husein Sastranegara telah siap digunakan untuk lepas landas dan mendarat. Sebagai operator, InJourney telah membersihkan abu vulkanik di seluruh sisi landasan udara (air side) yakni area apron, taxiway, dan juga runway. Uji kekesatan di runway juga sudah dilakukan dan menunjukkan fasilitas tersebut memenuhi standar serta persyaratan untuk melayani operasional penerbangan. ""Fasilitas sisi udara (air side) dan sisi darat (land side) ketiga bandara siap kembali melayani penerbangan. Seluruh personel operasi dan layanan bandara juga dipastikan siap,"" kata Corporate Secretary Group Head InJourney Airports Arie Ahsanurrohim dalam keterangannya, Selasa (8/9/2026). Sesuai NOTAM dari AirNav Indonesia, status resumed operations atau operasi kembali untuk Bandara Soekarno-Hatta Tangerang telah diberikan pada 8 September 2026 mulai pukul 00.30 WIB. Kemudian status resumed operations yang sama untuk Bandara Halim Perdanakusuma diberikan pada 8 September 2026 mulai pukul 00.40 WIB, dan status resumed operations pada Bandara Husein Sastranegara diberikan 8 September 2026 mulai pukul 00.42 WIB. General Manager Bandara Soekarno-Hatta Heru Karyadi menambahkan pembukaan kembali operasional Bandara Soekarno-Hatta dilakukan secara bertahap dengan tetap mengutamakan aspek keselamatan, termasuk melalui penerapan Air Traffic Flow Management (ATFM) sebagai bagian dari strategi pengendalian arus lalu lintas penerbangan pada fase awal pemulihan. ""Pada fase awal recovery, pengendalian penerbangan dilakukan secara bertahap dan terukur melalui penerapan ATFM. Pengaturan ini diperlukan agar arus keberangkatan dan kedatangan dapat kembali berjalan dengan aman dan tertib, sekaligus memungkinkan kapasitas operasional bandara dipulihkan secara bertahap,"" ujar Heru Karyadi dalam keterangan yang sama. Lebih lanjut, pengaturan arus penerbangan pada fase awal pemulihan mempertimbangkan kondisi operasional di lapangan, termasuk kebutuhan untuk mempercepat keberangkatan pesawat yang sebelumnya terdampak serta mengembalikan kapasitas apron secara bertahap. Bandara Soekarno-Hatta juga telah berkoordinasi dengan seluruh operator transportasi publik untuk memastikan ketersediaan armada untuk mendukung mobilitas dari dan ke Bandara Soekarno-Hatta. ""Calon penumpang diimbau untuk senantiasa memantau dan memastikan status serta jadwal penerbangannya melalui kanal resmi maskapai masing-masing sebelum berangkat menuju bandara tujuan, mengingat adanya penyesuaian jadwal penerbangan,"" ujar Heru. (hal/ara)";finance
3;"Menteri Keuangan (Menkeu) Purbaya Yudhi Sadewa menanggapi rencana Gubernur DKI Jakarta Pramono Anung yang tetap ingin menerbitkan obligasi daerah. Purbaya menilai kondisi keuangan Jakarta sudah mencukupi sehingga tidak perlu mengambil langkah tersebut. ""Ya nggak apa-apa kalau mau terbitin, terbitin aja. Kan itu Pemda punya ini sendiri. Cuma kalau saya pikir ya, pandangan saya aja ya, kalau uangnya kebanyakan, buat apa ngutang?"" ujar Purbaya di Gedung DPR RI, Jakarta Pusat, Senin (7/9/2026). Kendati begitu, Purbaya tetap mempersilakan Pemprov DKI Jakarta apabila memang instrumen itu dirasa mendesak. ""Tapi kalau emang terasa perlu, ya enggak apa-apa, itu kan otonomi sendiri,"" tambah ia. Ketika ditanya soal permintaan Pramono agar Dana Bagi Hasil (DBH) dicairkan jika penerbitan obligasi tidak diperbolehkan, Purbaya justru mempertanyakan posisi tawar tersebut. Ia menegaskan penahanan penyaluran DBH untuk wilayah DKI Jakarta telah sesuai dengan aturan perundang-undangan yang berlaku. ""Emang dia bisa neken ya? Ya nggak tahu, kita lihat nanti ke depan. (DBH ditahan) kan disesuaikan dengan kondisi keuangan pemerintah kan DBH itu di undang-undang APBN seperti itu,"" beber Purbaya. Lebih lanjut, dirinya akan mempelajari terlebih dahulu terkait kewajiban izin penerbitan obligasi daerah ke pemerintah pusat. Ia juga mengingatkan agar pemda tetap berhati-hati dalam mengambil kebijakan fiskal. ""Harus izin kita kalau mau terbitin bond? Nanti saya pelajari deh. Saya enggak tahu, jadi saya pikir harusnya sih enggak, tapi harus hati-hati aja gitu,"" jelasnya. Sebelumnya, Gubernur DKI Jakarta Pramono Anung Wibowo menegaskan akan tetap mengajukan penerbitan obligasi daerah sebagai instrumen untuk membiayai sejumlah pembangunan di Jakarta. Hal itu dikatakan Pramono dalam menanggapi Menteri Keuangan Purbaya Yudhi Sadewa yang meminta agar pemerintah daerah (pemda) tidak terburu-buru menerbitkan obligasi daerah. ""Karena bagaimana pun Pemerintah DKI Jakarta kan tahu kebutuhan itu. Pak Purbaya menyampaikan bahwa duit DKI banyak. Kan kami juga disuruh bangun yang banyak juga. Dan untuk bangun itu kan perlu duit,"" kata Pramono, dikutip dari Antara. Pramono mengatakan meski ia mendengarkan dan mematuhi hal tersebut, dirinya akan tetap mengajukan obligasi daerah untuk Jakarta. Ia meminta agar DBH dari pemerintah pusat dikembalikan ke jumlah semula, jika memang pemerintah daerah diminta tidak terburu-buru menerbitkan obligasi. (rea/acd)";finance
4;"AirNav Indonesia kembali memperbarui informasi aeronautika terkait kondisi operasional sejumlah bandar udara seiring perkembangan sebaran abu vulkanik Gunung Anak Krakatau. Berdasarkan pembaruan Notice to Airmen (NOTAM), tujuh bandar udara yang sebelumnya berstatus closed masih mengalami perpanjangan penutupan hingga estimasi pukul 23.59 WIB, 7 September 2026. ""Penyesuaian status operasional bandar udara tersebut merupakan langkah mitigasi untuk mendukung keselamatan penerbangan dengan mempertimbangkan kondisi sebaran abu vulkanik Gunung Anak Krakatau,"" kata EVP of Corporate Secretary AirNav Indonesia, Hermana Soegijantoro, dalam keterangan tertulis, Senin (7/9/2026). Adapun bandar udara yang masih berstatus closed tersebut yaitu: 1. Bandar Udara Halim Perdanakusuma (HLP), status CLOSED berdasarkan NOTAM A3386/26 NOTAMR A3372/26, mulai pukul 17.29 WIB hingga estimasi pukul 23.59 WIB. 2. Bandar Udara Radin Inten II, Lampung (TKG), status CLOSED berdasarkan NOTAM B1153/26 NOTAMR B1142/26, mulai pukul 17.36 WIB hingga estimasi pukul 23.59 WIB. 3. Bandar Udara Husein Sastranegara, Bandung (BDO), status CLOSED berdasarkan NOTAM C1116/26 NOTAMR C1109/26, mulai pukul 17.41 WIB hingga estimasi pukul 23.59 WIB. 4. Bandar Udara Budiarto, Curug (RTO), status CLOSED berdasarkan NOTAM C1115/26 NOTAMR C1108/26, mulai pukul 17.39 WIB hingga estimasi pukul 23.59 WIB. 5. Bandar Udara Pondok Cabe (PCB), status CLOSED berdasarkan NOTAM C1118/26 NOTAMR C1111/26, mulai pukul 17.47 WIB hingga estimasi pukul 23.59 WIB. 6. Bandar Udara Muhammad Taufiq Kiemas (WILP), status CLOSED berdasarkan NOTAM C1117/26 NOTAMR C1110/26, mulai pukul 17.45 WIB hingga estimasi pukul 23.59 WIB. 7. Bandar Udara Salakanagara Tanjung Lesung, Pandeglang (WIHI), status CLOSED berdasarkan NOTAM C1119/26 NOTAMR C1112/26, mulai pukul 17.50 WIB hingga estimasi pukul 23.59 WIB. Menurut Hermana, AirNav Indonesia terus melakukan pemantauan terhadap perkembangan kondisi ruang udara dan sebaran abu vulkanik Gunung Anak Krakatau. Informasi aeronautika akan terus diperbarui sesuai perkembangan kondisi aktual dan informasi keselamatan penerbangan. ""AirNav Indonesia juga terus berkoordinasi dengan pemangku kepentingan penerbangan untuk memastikan informasi mengenai kondisi ruang udara dan pelayanan navigasi penerbangan tersampaikan secara tepat waktu,"" tutup Hermana. (acd/acd)";finance
5;"Menteri Keuangan Purbaya Yudhi Sadewa buka suara merespons isu pemindahan payroll atau pembayaran gaji aparatur sipil negara (ASN) pemerintah daerah (Pemda) ke bank BUMN. Purbaya menegaskan tidak ada kebijakan dari pemerintah pusat terkait pemindahan tersebut. Isu pengalihan pembayaran gaji ASN dari Bank Pembangunan Daerah (BPD) ke bank BUMN sebelumnya muncul dalam Rapat Dengar Pendapat Umum (RDPU) DPR RI bersama Serikat Pekerja Bank Pembangunan Daerah Seluruh Indonesia (SPBDSI), Kamis (3/9/2026). ""Nggak ada. Itu bukan dari kita, kita nggak ada kebijakan seperti itu. Kita seperti biasa aja,"" kata Purbaya di Kompleks Istana Kepresidenan, Jakarta, Senin (7/9/2026). Namun, Purbaya mengaku tidak mengetahui apabila masing-masing Pemda memiliki kebijakan sendiri terkait pengelolaan payroll ASN di wilayahnya. Purbaya pun kembali menegaskan hingga saat ini tidak ada rencana pemerintah pusat untuk mengubah mekanisme transfer yang berjalan. ""Tapi kalau Pemda-nya yang ngatur, ya saya nggak tahu. Tapi dari pemerintah pusat nggak ada seperti itu. Jadi nggak ada rencana perubahan transfer, cara transfer sampai sekarang ya,"" tegas Purbaya. Sebelumnya, isu ini menjadi sorotan dari pekerja BPD karena dinilai berpotensi mengancam keberlangsungan pekerjaan ratusan ribu pegawai hingga berujung pada Pemutusan Hubungan Kerja (PHK). Perwakilan SPBDSI Sigit mengatakan pengalihan payroll ASN dapat menimbulkan dampak berantai terhadap tenaga kerja, bisnis BPD, hingga perekonomian daerah. Kebijakan tersebut juga dikhawatirkan membuat dana murah atau Current Account Saving Account (CASA) yang dikelola BPD berkurang signifikan. ""Jika payroll ASN ini dipindah dari BPD ke Himbara, maka otomatis dana CASA dari BPD ini akan berkurang cukup signifikan. Dengan berkurangnya dana CASA, likuiditas dari BPD otomatis akan menurun,"" kata Sigit, sebagaimana dilansir CNN Indonesia. (hns/hns)";finance
6;"PT Pertamina Patra Niaga memperkuat pengawasan penyaluran BBM Subsidi untuk memastikan distribusi berjalan sesuai ketentuan dan tepat sasaran kepada masyarakat yang berhak. Upaya tersebut salah satunya dilakukan melalui inspeksi mendadak (sidak) bersama Kepolisian Daerah Sumatera Barat dan Pemerintah Provinsi Sumatera Barat ke sejumlah Stasiun Pengisian Bahan Bakar Umum (SPBU) di Kota Padang. Kegiatan ini melibatkan Kepala Dinas Energi dan Sumber Daya Mineral (ESDM) Provinsi Sumatera Barat Helmi Heriyanto, perwakilan Subdit IV Direktorat Reserse Kriminal Khusus Polda Sumatera Barat Kompol Firdaus, serta Sales Area Manager Retail Sumatera Barat Pertamina Patra Niaga Fakhri Rizal Hasibuan. Dalam sidak tersebut, tim melakukan pemeriksaan secara langsung terhadap proses penyaluran BBM Subsidi, kesesuaian transaksi, penggunaan QR Code, kondisi sarana dan prasarana, serta aspek kepatuhan lainnya pada lembaga penyalur. Berdasarkan hasil pemantauan di lapangan, operasional dan pelayanan kepada masyarakat di SPBU yang diperiksa berjalan normal. Tim juga menemukan indikasi kendaraan dengan nomor polisi yang tidak sesuai pada pengisian BBM Subsidi. Namun, pihak SPBU tidak melakukan pengisian terhadap kendaraan tersebut sebagai bentuk kepatuhan terhadap ketentuan yang berlaku. Vice President Corporate Communication PT Pertamina Patra Niaga Kitty Andhora mengatakan pengawasan penyaluran BBM Subsidi membutuhkan sinergi antara Pertamina, pemerintah daerah, dan aparat penegak hukum. ""Pertamina Patra Niaga terus memperkuat pengawasan, baik melalui pemeriksaan langsung di lapangan maupun pemanfaatan sistem digital, untuk memastikan BBM Subsidi disalurkan sesuai ketentuan dan diterima oleh masyarakat yang berhak. Kolaborasi dengan pemerintah daerah dan aparat penegak hukum juga terus kami lakukan untuk memastikan setiap indikasi pelanggaran dapat ditindaklanjuti secara tepat,"" ujar Kitty dalam keterangan tertulis, Senin (7/9/2026). Sebagai bagian dari upaya memastikan penyaluran BBM Jenis BBM Tertentu (JBT) dan Jenis BBM Khusus Penugasan (JBKP) tepat sasaran, Sales Area Retail Sumatera Barat telah menerbitkan 31 sanksi berupa pembinaan dan pemberhentian pasokan sementara selama 2026 terhadap lembaga penyalur yang terbukti melakukan pelanggaran sesuai dengan ketentuan yang berlaku. Selain itu, telah diajukan permintaan pemblokiran terhadap sekitar 5.000 nomor polisi kendaraan yang terindikasi melakukan pembelian BBM secara berulang. Pertamina Patra Niaga juga telah mengajukan permintaan penghapusan data terhadap ribuan nomor polisi yang terindikasi melakukan pola pembelian tidak sesuai dengan ketentuan. Sebagai bagian dari penguatan tata kelola lembaga penyalur, Sales Area Retail Sumatera Barat juga telah melakukan alih pengelolaan terhadap 3 SPBU pada 2026. Langkah tersebut antara lain dilakukan berdasarkan rekomendasi dari surat pembinaan yang telah diterbitkan. Dengan demikian, total SPBU yang telah dilakukan alih pengelolaan di wilayah Sumatera Barat mencapai 6 SPBU. ""Setiap temuan yang terbukti merupakan pelanggaran akan kami tindaklanjuti sesuai mekanisme dan ketentuan yang berlaku, mulai dari pembinaan hingga pemberian sanksi. Kami tidak memberikan toleransi terhadap penyalahgunaan dalam penyaluran BBM Subsidi karena hal tersebut dapat mengurangi hak masyarakat yang seharusnya menerima manfaat,"" tegas Kitty. Pertamina Patra Niaga terus mengembangkan pengawasan berbasis data dan digital, termasuk melalui pemanfaatan QR Code dan pemantauan pola transaksi. Langkah ini dilakukan untuk meningkatkan akurasi dan transparansi penyaluran sekaligus mendeteksi lebih dini indikasi pembelian yang tidak sesuai dengan ketentuan. Pertamina Patra Niaga mengimbau seluruh lembaga penyalur untuk menjalankan kegiatan operasional secara profesional, transparan, dan bertanggung jawab serta mematuhi seluruh ketentuan yang berlaku. Masyarakat juga diimbau melakukan pembelian BBM sesuai kebutuhan dan peruntukannya. Apabila menemukan indikasi penyalahgunaan atau penyelewengan dalam proses penyaluran BBM, masyarakat dapat menyampaikan laporan melalui Pertamina Contact Center 135. Pertamina Patra Niaga bersama pemerintah daerah dan aparat penegak hukum akan terus memperkuat koordinasi dan pengawasan untuk menjaga tata kelola distribusi BBM, meningkatkan kepatuhan lembaga penyalur, serta memastikan BBM Subsidi dapat diterima secara tepat sasaran oleh masyarakat yang berhak. (hns/hns)";finance
7;"AirNav Indonesia kembali memperbarui informasi aeronautika terkait kondisi operasional Bandara Internasional Soekarno-Hatta seiring perkembangan sebaran abu vulkanik Gunung Anak Krakatau. Berdasarkan pembaruan Notice to Airmen (NOTAM) A3387/26 (NOTAMR A3373/26), Bandara Internasional Soekarno-Hatta masih berstatus closed atau ditutup akibat abu vulkanik Gunung Anak Krakatau. Penutupan berlaku mulai pukul 17.33 WIB, dengan estimasi dibuka kembali pada pukul 23.59 WIB, 7 September 2026. ""NOTAM A3387/26 tersebut merupakan pembaruan atas NOTAM A3373/26 yang sebelumnya menetapkan periode penutupan hingga estimasi pukul 18.00 WIB,"" kata EVP of Corporate Secretary AirNav Indonesia, Hermana Soegijantoro dalam keterangan tertulis, Senin (7/9/2026). Hermana mengatakan, penyesuaian periode penutupan tersebut merupakan langkah mitigasi untuk mendukung keselamatan penerbangan dengan mempertimbangkan kondisi sebaran abu vulkanik Gunung Anak Krakatau. AirNav Indonesia terus melakukan pemantauan terhadap perkembangan kondisi ruang udara dan sebaran abu vulkanik Gunung Anak Krakatau. Informasi aeronautika akan terus diperbarui sesuai perkembangan kondisi aktual dan informasi keselamatan penerbangan. ""AirNav Indonesia juga terus berkoordinasi dengan pemangku kepentingan penerbangan untuk memastikan informasi mengenai kondisi ruang udara dan pelayanan navigasi penerbangan tersampaikan secara tepat waktu,"" tutup Hermana. (acd/acd)";finance
8;"Otoritas Jasa Keuangan (OJK) mencatat total utang masyarakat Indonesia pada layanan Peer to Peer (P2P) Lending atau pinjaman online (pinjol) mencapai Rp 105,63 triliun pada Juli 2026. Kepala Eksekutif Pengawas Lembaga Pembiayaan, Perusahaan Modal Ventura, Lembaga Keuangan Mikro dan Lembaga Jasa Keuangan Lainnya OJK, Agusman mengatakan jumlah tersebut meningkat 24,76% secara tahunan (year-on-year/yoy). ""Pada industri pinjaman daring atau pindar, outstanding pembiayaan pada Juli 2026 tumbuh 24,76% year-on-year dengan nominal sebesar Rp 105,63 triliun,"" terang Agusman dalam konferensi pers RDKB Agustus secara online, Senin (7/9/2026). Agusman menjelaskan tingkat risiko kredit macet secara agregat atau TWP90 fintech P2P lending pada Juli 2026 berada di posisi 4,32%. Angka ini juga meningkat jika dibandingkan dengan bulan sebelumnya, yakni 4,26%. ""Tingkat risiko kredit macet secara agregat atau TWP90 tercatat di posisi 4,32%"" terang Agusman. Pada industri pergadaian, Agusman menyampaikan penyaluran pembiayaan pada Juli 2026 tumbuh sebesar 50,73% year-on-year menjadi Rp 160,78 triliun, dengan pembiayaan terbesar disalurkan dalam bentuk produk gadai yaitu sebesar Rp 136,39 triliun atau 84,83% dari total pembiayaan. OJK telah memberikan persetujuan peningkatan lingkup wilayah usaha menjadi nasional kepada dua perusahaan pergadaian, yaitu PT Pusat Gadai Indonesia dan PT Raja Gadai Indonesia. ""Dengan demikian, saat ini terdapat 5 perusahaan pergadaian dengan lingkup wilayah usaha nasional,"" tutur Agusman. (hrp/hns)";finance
9;"AirNav Indonesia mengumumkan masih ada tiga bandara yang operasinya ditutup imbas sebaran abu vulkanik. Ketiga bandara tersebut adalah Bandara Radin Inten II Lampung, Bandara Muhammad Taufiq Kiemas Lampung, dan Bandara Salakanagara Tanjung Lesung. Penutupan bandara dilakukan hingga pukul 10.00 WIB pagi ini berdasarkan pembaruan informasi aeronautika yang diterbitkan AirNav Indonesia melalui NOTAM terbaru. Penerbitan NOTAM tersebut mengacu pada perubahan kondisi sebaran abu yang berdampak terhadap operasional penerbangan, sehingga berdasarkan evaluasi keselamatan dan informasi aeronautika terbaru, sejumlah bandar udara dapat kembali beroperasi. ""Selain itu, perkembangan kondisi di lapangan juga menjadi bagian dari pemantauan, antara lain dengan memerhatikan hasil paper test volcanic ash yang dilakukan secara berkala pada 7 September 2026 di lokasi bandara-bandara terdampak,"" tulis AirNav dalam keterangan resminya, Selasa (8/9/2026). Sementara itu, sudah ada enam bandara lainnya yang kembali dibuka sejak tengah malam setelah sempat ikut ditutup imbas abu vulkanik sejak hari Minggu kemarin, termasuk Bandara Soekarno-Hatta yang menjadi bandara tersibuk di Indonesia. Detail Status Operasional Bandara 1. Bandar Udara Internasional Soekarno-Hatta (WIII) kembali berstatus OPEN AND RESUMED OPERATIONS berdasarkan NOTAM A3395/26 NOTAMR A3387/26, mulai pukul 00.30 WIB pada 8 September 2026. NOTAM tersebut juga mengingatkan bahwa awan abu vulkanik Gunung Anak Krakatau masih persisten di dalam FIR dan pilot diminta berhati-hati selama proses kedatangan dan keberangkatan. 2. Bandar Udara Halim Perdanakusuma (WIHH) kembali berstatus OPEN berdasarkan NOTAM A3396/26 NOTAMR A3386/26, mulai pukul 00.40 WIB pada 8 September 2026. 3. Bandar Udara Husein Sastranegara (WICC), Bandung, kembali berstatus OPEN berdasarkan NOTAM C1123/26 NOTAMR C1116/26, mulai pukul 00.42 WIB pada 8 September 2026. 4. Bandar Udara Budiarto (WIRR), Tangerang, kembali berstatus OPEN berdasarkan NOTAM C1126/26 NOTAMR C1115/26, mulai pukul 01.25 WIB pada 8 September 2026. 5. Bandar Udara Pondok Cabe (WIHP), Tangerang Selatan, kembali berstatus OPEN berdasarkan NOTAM C1127/26 NOTAMR C1118/26, mulai pukul 01.28 WIB pada 8 September 2026. 6. Bandar Udara Pagar Alam/Atung Bungsu (WIPY), Pagar Alam, telah lebih dahulu kembali berstatus OPEN berdasarkan NOTAM C1107/26 NOTAMC C1105/26, mulai pukul 08.12 WIB pada 7 September 2026. 7. Bandar Udara Radin Inten II (WILL), Lampung, masih berstatus CLOSED hingga estimasi pukul 10.00 WIB pada 8 September 2026. 8. Bandar Udara Muhammad Taufiq Kiemas (WILP), masih berstatus CLOSED hingga estimasi pukul 10.00 WIB pada 8 September 2026. 9. Bandar Udara Salakanagara Tanjung Lesung (WIHI), Pandeglang, masih berstatus CLOSED hingga estimasi pukul 10.00 WIB pada 8 September 2026.";finance
10;"Serikat buruh mulai mengusulkan kenaikan upah minimum tahun 2027. Berdasarkan perhitungan yang dilakukan, buruh mengusulkan upah tahun depan naik sebesar 7-9%. Menurut Presiden Konfederasi Serikat Pekerja Indonesia (KSPI) Said Iqbal, kenaikan upah minimum akan mempertimbangkan inflasi, pertumbuhan ekonomi, dan indeks tertentu atau alfa. Nilai alfa yang diusulkan adalah 0,5 sampai 0,9. ""Buruh akan mengusulkan kenaikan upah minimum 2027 berdasarkan inflasi, pertumbuhan ekonomi, dan indeks tertentu. Indeks tertentu yang kami usulkan dari buruh setidak-tidaknya dari KSPI dan KSP-PB adalah 0,5 sampai 0,9,"" kata Said di kompleks DPR RI Senayan, Jakarta, Senin (7/9/2026). Ia memperkirakan inflasi berada di kisaran 3%, sedangkan rata-rata pertumbuhan ekonomi sekitar 5,2-5,3%. Berdasarkan perhitungan tersebut, Said mengusulkan kenaikan upah minimum 2027 berada pada kisaran 7,5-8,5%. ""Kalau diambil rata-rata (pertumbuhan ekonomi) 5,2% atau 5,3%, ditambah inflasi 3 sekian persen, kita udah ketemu tuh kira-kira 8,4% atau 8,5%. Dikalikan aja 0,9 (alfa). Maka bisa diperkirakan kenaikan upah minimum 2027 itu adalah berkisar 7,5% sampai dengan 8,5%,"" jelas dia. Sebagai informasi, penghitungan kenaikan upah minimum 2026 menggunakan formula inflasi + (pertumbuhan ekonomi x alfa). Pemerintah menetapkan rentang alfa sebesar 0,5-0,9. Alfa merupakan indeks tertentu yang menggambarkan kontribusi tenaga kerja terhadap pertumbuhan ekonomi. Besaran alfa menjadi salah satu komponen yang menentukan persentase kenaikan upah minimum. Said menegaskan usulannya masih berupa perkiraan. Besaran usulan masih menunggu data resmi Badan Pusat Statistik (BPS) mengenai inflasi dan pertumbuhan ekonomi yang menjadi dasar penghitungan upah minimum. ""Tentu menunggu laporan resmi BPS tentang inflasi dan pertumbuhan ekonominya, dihitung bukan tahun kalender tapi tahun takwim. September 2025 sampai Oktober 2026. Berarti menunggu BPS. Kan kita belum tau September dan Oktober berapa inflasi dan berapa pertumbuhan ekonominya,"" jelas dia. Usul Dibagi 3 Kategori Sementara itu, Presiden Konfederasi Serikat Pekerja Nusantara (KSPN) Ristadi menyoroti kesenjangan upah minimum antardaerah yang dinilai semakin lebar. Ristadi mencontohkan upah minimum di Cirebon sekitar Rp 2,8 juta, sedangkan Kota Bekasi sudah mencapai sekitar Rp 5,9 juta. ""Selisihnya sudah 100% lebih, misal Cirebon Rp 2,8 juta, di kota Bekasi sudah Rp 5,9 juta, ini sudah termasuk ekstrem. Maka secara prinsip KSPN sedang meminta reformasi aturan upah minimum melalui UU Ketenagakerjaan yang baru yang sedang proses dibahas di DPR,"" kata Ristadi dihubungi detikcom. Dengan skema tersebut, pekerja pada sektor industri sejenis akan memiliki upah minimum yang sama di seluruh Indonesia. Sistem tersebut dinilai dapat memberikan keadilan bagi pekerja sekaligus menciptakan persaingan yang lebih sehat bagi pengusaha. Apabila sistem pengupahan tahun depan masih menggunakan formula yang berlaku saat ini, KSPN mengusulkan persentase kenaikannya tidak disamaratakan di seluruh Indonesia. Usulan Upah Minimum Dibagi 3 Kategori 1. Upah Minimum di atas Rp 4,5 juta = 3,5% + (5,7% x 0,6) = 3,5% + 3,42% = 6,92% bulatkan 7% 2. Upah Minimum Rp 3,5 juta sampai dengan Rp 4,5 juta = 3,5% + (5,7% x 0,8) = 3,5% + 4,56% = 8,06% bulatkan 8% 3. Upah Minimum di bawah Rp 3,5 juta = 3,5% + (5,7% x 1) = 3,5% + 5,7% = 9,2%";finance
11;"Komisi XI DPR menyetujui pagu anggaran Kementerian Keuangan (Kemenkeu) dalam Anggaran Pendapatan dan Belanja Negara (APBN) tahun 2027 sebesar Rp 49,8 triliun. Kesepakatan tersebut diambil dalam rapat kerja Komisi XI DPR RI bersama Menteri Keuangan Purbaya Yudhi Sadewa. Ketua Komisi XI DPR RI Misbakhun membacakan kesimpulan rapat kerja tersebut. Dalam kesimpulannya, Komisi XI bersama Purbaya menyepakati pagu anggaran Kemenkeu tahun 2027. ""Komisi XI DPR RI bersama Menteri Keuangan menyepakati hal-hal sebagai berikut. Satu, komisi XI DPR RI menyatujui pagu anggaran Kementerian Keuangan dalam anggaran pendapatan dan belanja negara tahun 2027 sebesar Rp 49.801.127.984.000,"" kata Misbakhun dalam rapat tersebut di Kompleks Parlemen, Jakarta, Senin (7/9/2026). Berdasarkan rincian yang dibacakan dalam rapat, anggaran tersebut dialokasikan ke sejumlah program Kemenkeu. Program Dukungan Manajemen mendapat porsi terbesar sebesar Rp 45,8 triliun. Kemudian, Program Pengelolaan Penerimaan Negara dialokasikan sebesar Rp 3,62 triliun dan Program Pengelolaan Perbendaharaan, Kekayaan Negara dan Risiko sebesar Rp 267,58 miliar. Selanjutnya, Program Kebijakan Fiskal, Sektor Keuangan dan Ekonomi mendapat alokasi Rp 78,86 miliar. Sementara Program Pengelolaan Belanja Negara mendapatkan Rp 23,78 miliar. Misbakhun kemudian meminta persetujuan anggota Komisi XI terhadap kesimpulan tersebut. Para anggota Komisi XI yang hadir dalam rapat tersebut menyatakan setuju. Purbaya juga menyatakan persetujuannya terhadap keputusan tersebut. Ia juga menyampaikan terima kasih kepada Komisi XI DPR RI atas persetujuan terhadap anggaran Kemenkeu tahun depan. ""Kami menyampaikan terima kasih atas persetujuan pimpinan dan anggota Komisi XI DPR RI terhadap usulan Pagu Anggaran Kementerian Keuangan Tahun Anggaran 2027 sebesar Rp 49,8 triliun. Kami juga menyampaikan terima kasih atas perhatian, dukungan, serta kerja sama yang telah terjalin dengan baik antara Kementerian Keuangan dan Komisi XI DPR RI,"" tutup Purbaya. (ily/hns)";finance
12;"Chief Operating Officer (COO) Danantara Dony Oskaria memastikan kredit yang disalurkan bank BUMN untuk mendukung pelaksanaan program pemerintah, termasuk Koperasi Desa Merah Putih (KDMP) tidak akan menjadi kredit macet. Sebab, pinjaman tersebut dijamin oleh negara. Dony menjelaskan, bank BUMN pada dasarnya tidak secara langsung mendanai program pemerintah. Hubungan antara bank yang menjalankan program pemerintah tetap dilakukan secara business to business (B2B) melalui mekanisme kredit. ""Sebetulnya kita tidak mendanai program pemerintah. Jadi harus dibedakan ya. Himbara tidak mendanai program pemerintah, tetapi polanya kan B2B. Kita hanya memberikan kalau itu kredit, ya sesuai dengan kredit yang normal aja,"" ujar Dony di Kompleks Istana Kepresidenan, Jakarta, Senin (7/9/2026). Dony mencontohkan pembiayaan yang diberikan kepada Agrinas Pangan. Dalam skema tersebut, Agrinas Pangan meminjam dana kepada BRI dan pinjamannya mendapatkan jaminan dari negara. ""Misalnya Agrinas Pangan, minjam uang ke BRI, pinjamannya dijamin negara. Aman nggak? Aman kan. Ya sudah. Jadi nggak ada masalah, karena kan pinjaman apalagi yang lebih bagus jaminannya daripada negara,"" jelasnya. Dengan skema tersebut, Dony menepis kekhawatiran berbagai penugasan untuk mendukung program pemerintah dapat meningkatkan risiko kredit macet atau non-performing loan (NPL) di bank-bank Himbara. Menurutnya, keberadaan jaminan negara membuat kredit yang disalurkan kepada perusahaan pelaksana program pemerintah memiliki tingkat keamanan yang tinggi bagi perbankan. ""Kredit yang paling secure itu kredit dijamin oleh negara kan? Jadi enggak mungkin macet kan? Dijamin oleh negara. Jadi kalau di sisi bank. ya jadi kalau ke saya kan di sisi banknya, di sisi banknya ya enggak mungkin macet orang dijamin negara,"" tutup Dony. (hns/hns)";finance
13;"Presiden Prabowo Subianto meminta agar masyarakat Indonesia memiliki rekening bank. Untuk mendukung rencana tersebut, BRI dan Bank Syariah Indonesia (BSI) diminta mempersiapkan rekening bagi masyarakat. Hal tersebut disampaikan Menteri Koordinator Bidang Perekonomian Airlangga Hartarto usai mengikuti rapat terbatas bersama Prabowo. Pemerintah sebelumnya membahas kepemilikan rekening masyarakat Indonesia serta tingkat inklusi dan literasi keuangan nasional. ""Tadi Bapak Presiden meminta agar penduduk Indonesia itu mempunyai rekening koran. Jadi tentu diminta untuk BRI dan juga Bank Syariah Indonesia itu mempersiapkan rekening untuk masyarakat,"" kata Airlangga di Kompleks Istana Kepresidenan, Jakarta, Senin (7/9/2026). Airlangga menjelaskan, pemerintah akan menggunakan data kependudukan dari Direktorat Jenderal Kependudukan dan Pencatatan Sipil (Dukcapil). Data tersebut nantinya akan dipadankan dengan sistem yang terdapat di Bank Indonesia (BI). ""Dan nanti data yang dipakai adalah data dari Dukcapil. Dan data dari Dukcapil itu tentunya nanti akan dipadankan dengan sistem yang ada di Bank Indonesia terutama untuk payment sistemnya dan yang kedua gateway sistemnya. Jadi menggunakan QRIS,"" jelas Airlangga. Ke depan, rekening yang dipersiapkan tersebut juga akan dimanfaatkan untuk menyalurkan berbagai program pemerintah kepada masyarakat. Namun, Airlangga belum merinci program apa saja yang nantinya akan disalurkan melalui rekening tersebut. ""Nah ini yang disiapkan agar literasi dan juga inklusif keuangan kita bisa mencapai seoptimal, mungkin lebih tinggi dari yang sudah kita capai. Nah tentu ke depannya berbagai program nanti akan dikirimkan kepada rekening-rekening yang disiapkan untuk warga negara tersebut,"" terang Airlangga. Menurut Airlangga, langkah tersebut disiapkan untuk semakin meningkatkan tingkat inklusi dan literasi keuangan masyarakat Indonesia. Berdasarkan survei atau sensus Otoritas Jasa Keuangan (OJK) dan Badan Pusat Statistik (BPS) yang disampaikan Airlangga, tingkat inklusi keuangan Indonesia telah mencapai 93,62%. Sementara itu, tingkat literasi keuangan tercatat sebesar 69,57%. Airlangga menilai capaian tersebut relatif baik jika dibandingkan dengan standar literasi keuangan negara-negara OECD yang disebut berada pada level 63%. ""Sebetulnya angka-angka ini adalah angka yang relatif baik. Jadi kalau dibandingkan dengan OECD misalnya, OECD itu standar untuk literasi keuangan di 63%, sedangkan survei kita itu di 69,57%,"" ujarnya. (hns/hns)";finance
14;Depok - Sebaran abu vulkanik melanda sejumlah wilayah Depok, Jawa Barat. Namun, aktivitas jual beli di Pasar Agung tetap berlangsung hingga menjelang siang. Aktivitas jual beli berlangsung di Pasar Agung, Depok, Jawa Barat, Senin (7/9/2026). Pasar tetap menjadi tempat warga berbelanja di tengah sebaran abu vulkanik. Sejumlah warga tetap beraktivitas di dalam Pasar Agung meski abu vulkanik menyebar di wilayah Depok. Aktivitas perdagangan di area pasar berlangsung seperti biasa. Kondisi udara di luar pasar yang terdampak abu vulkanik tidak menyurutkan aktivitas warga. Pedagang menilai posisi pasar yang berada di area lebih rendah membuat abu vulkanik relatif tidak banyak masuk ke area jual beli. Kendaraan tampak berada di area terbuka Pasar Agung. Pemandangan tersebut kontras dengan aktivitas jual beli di dalam pasar yang tetap berjalan.;finance
15;Jakarta - Lima bandara di Jawa dioperasikan 24 jam. Kebijakan ini menjaga mobilitas setelah delapan bandara ditutup akibat erupsi Anak Krakatau. Calon penumpang mengantre saat melapor diri dan menyerahkan bagasi di Bandara Internasional Jenderal Ahmad Yani, Semarang, Jawa Tengah, Senin (7/9/2026). ANTARA FOTO/Aprillio Akbar Pemerintah mengoperasikan Bandara Ahmad Yani di Semarang, Bandara Kertajati di Majalengka, Bandara Juanda di Surabaya, Yogyakarta International Airport (YIA), dan Bandara Adi Soemarmo di Solo selama 24 jam. ANTARA FOTO/Aprillio Akbar Pengoperasian tersebut dilakukan sebagai bandara alternatif untuk menjaga kelancaran mobilitas penumpang setelah delapan bandara ditutup akibat erupsi Gunung Anak Krakatau. ANTARA FOTO/Aprillio Akbar;finance
16;"Hidup berjalan tak selamanya sesuai dengan ekspektasi. Seusai lulus dari bangku SMA, Satria Gunawan memulai karirnya sebagai pilot. Tak disangka, kondisi ekonomi keluarga memutar balikkan hidupnya sampai ia harus menjadi petani teh. Sebagai mantan pilot helikopter, Gunawan membutuhkan waktu bertahun-tahun lamanya untuk mulai mencintai teh. Bunyi pepatah, ""Tak kenal, maka tak sayang,"" berlaku dalam hidupnya. Lambat, tetapi pasti, Gunawan jatuh cinta dengan teh dan budaya yang membangun teh. Setelah memahami tumbuhan teh dan cara pengolahannya, ia memulai bisnis teh artisan pada tahun 2015. Sejak saat itu, bisnisnya terus berkembang hingga pada 2017 ia membangun kedai di Gandarai Selatan berjenama House of Teh. Melalui jejaring dan komunitas, ia membangun bisnis teh artisan dan menjadi salah satu pemasok teh artisan ternama di berbagai pulau besar di Indonesia. Seperti apa perjalanan karirnya dari pilot menjadi pebisnis teh? Bagaimana cara ia bisa mempertahankan bisnisnya di tengah gempuran minuman modern? Simak jawaban lengkapnya di d'Mentor on Location bersama Satria Gunawan! Tonton secara eksklusif di detikcom! (kil/kil)";finance
17;Memberikan bingkisan atau hantaran berupa makanan kepada orang-orang terkasih menjadi tradisi yang semakin kental di masyarakat, utamanya saat Hari Raya. Hantaran yang kini populer dikenal dengan sebutan hampers tersebut juga menciptakan peluang-peluang ekonomi baru. Celah ini dimanfaatkan oleh David Liementha dalam membangun bisnisnya, Melts.id. Sejak pandemi, Melts.id eksis sebagai pilihan pelanggannya dalam mencari hampers, khususnya bagi mereka yang tertarik dengan makanan sehat. Lain halnya dengan Rully Mustaqimah, yang justru memanfaatkan momentum Hari Raya sebagai peluang mengeruk sumber pendapatan baru. Lewat jenama Tanzif.id, Rully mengemas hampers sabun organiknya secara musiman dan berhasil meraup cuan berlipat ganda. Seberapa cuan bisnis musiman hampers? Bagaimana cara mengintip peluang dalam tren musiman seperti berkirim hampers? Simak liputan kami tentang gurihnya bisnis hampers di d'Mentor on Location bersama David Liementha dan Rully Mustaqimah. Tonton sekarang di detikcom!;finance
18;Memiliki hewan peliharaan merupakan gaya hidup yang membutuhkan banyak biaya. Pengeluaran yang harus disiapkan mulai dari makanan, mainan, hingga perawatan bulu dan kesehatan. Peluang tersebut dimanfaatkan oleh Trisetyani Suci, co-founder Anabul Pet Center, Depok. Bersama tiga rekannya, Suci membangun bisnis perawatan khusus kucing atas dasar kecintaan mereka terhadap anabul atau anak bulu, sapaan akrab bagi kucing. Anabul Pet Center memiliki beberapa layanan yang ditawarkan sesuai dengan kebutuhan kucing, seperti pet shop, dokter hewan, grooming, hingga pet hotel. Semua layanan tersebut tersedia dalam satu ruko di Kecamatan Pancoran Mas, Depok. Siapa sangka bisnis layanan 'hotel' untuk kucing ini menelurkan omzet nyaris Rp 100 juta setiap bulannya. Bahkan omzetnya bisa naik dua hingga tiga kali lipat sebulan selama masa liburan berlangsung. Intip perjalanan bisnisnya hingga bagaimana ini bisa jadi inspirasi untuk diduplikasi oleh detikers, cuma di d'Mentor on Location!;finance
19;Informasi bohong saat ini masih marak beredar dan dipercaya sebagian masyarakat, termasuk hoaks terkait isu moneter. Di dunia perbankan, ajakan menarik uang secara besar-besaran dengan berbagai motif juga kerap digencarkan pihak tak bertanggung jawab. Belakangan seruan menarik dana di bank kembali ramai di media sosial. Seruan itu muncul lantaran beredar kabar dana nasabah yang tiba-tiba menghilang. Ajakan menarik dana alias rush money di perbankan ini juga sempat merebak saat pandemi corona atau Covid-19. Informasi ini berbahaya lantaran penarikan dana secara masif di bank atau rush money dapat merusak perekonomian Indonesia. Kenapa isu seperti ini kerap beredar di masyarakat? Bagaimana masyarakat dapat memahami ini? Seperti apa sebenarnya garansi bank mengamankan dana nasabah? Dengar dan tonton diskusinya bersama Ekonom Segara Institute, Piter Abdullah dalam d'Mentor live Kamis (2/5/24) ini jam 13.00 WIB, hanya di detikcom! (eds/eds);finance
20;"Hewan peliharaan sangat mudah ditemukan di sekitar kita. Bahkan tak jarang sudah seperti bagian dari sebuah keluarga. Meski hewan peliharaan yang kerap dijumpai identik dengan anjing dan kucing, ternyata jenis reptil seperti kura kura darat juga cukup populer bagi masyarakat Indonesia. Sedikit berbeda dengan anjing dan kucing yang digemari lantaran menggemaskan dan bisa menjadi teman, sulcata ternyata membawa pendekatan ekonomi alias pundi-pundi keuntungan yang bernilai besar. Seperti apa potensinya? Potensi Cuan Ternak Sulcata Pada tahun 2022, Rakuten Insight Center, perusahaan survei asal Amerika melakukan studi mengenai kepemilikan hewan peliharaan di Indonesia. Survei yang dilakukan terhadap 10.442 responden ini menunjukkan bahwa 67% dari penduduk Indonesia memiliki hewan peliharaan. Lalu, ada 10% yang menjawab pernah memiliki peliharaan dan sisanya tidak punya. Bila diibaratkan, enam dari sepuluh rumah di Indonesia dihuni oleh hewan peliharaan. Kucing, menjadi hewan yang paling populer dengan persentase kepemilikan 47%. Ketika Indonesia dilanda pandemi Covid-19 pada 2020 lalu, industri hewan peliharaan tetap menampilkan pertumbuhan positif. Padahal, hampir semua sektor bisnis mengalami kemunduran di era pandemi. Pembatasan kegiatan di era pandemi memaksa orang-orang memiliki hobi baru, salah satunya merawat hewan peliharaan. Orang-orang yang memiliki hewan peliharaan otomatis akan mengeluarkan uang untuk produk makanan, perawatan, dan kesehatan hewan. Hal ini yang menjadi alasan dari majunya sektor hewan peliharaan di masa Covid-19. Berdasarkan survei Rakuten terhadap 7.015 warga Indonesia yang memiliki hewan peliharaan, sebanyak 38% responden mengeluarkan uang sebanyak Rp 100.000-300.000 tiap bulannya untuk keperluan hewan peliharaan. Pengeluaran itu dialokasikan untuk pembelian produk makanan, kebersihan kandang, dan perawatan hewan. Hal ini tentu dapat menjadi peluang bagi pegiat bisnis hewan peliharaan di Indonesia. Peluang ini memberi ruang kepada usaha-usaha lokal seputar hewan peliharaan untuk tumbuh dan membantu menggerakkan perekonomian Indonesia. Mengingat selama 30 tahun terakhir, sektor hewan peliharaan menjadi sektor yang terus berkembang secara stabil. Hal ini turut dimanfaatkan oleh Achmad Iqbal Furdausi, pemilik dari Bumi Reptile, bisnis hewan peliharaan asal Bogor yang kerap meraup omzet puluhan juta rupiah per bulannya. Sesuai dengan namanya, Bumi Reptile adalah bisnis yang berfokus pada hewan peliharaan berjenis reptil, yakni kura-kura. Ternyata, kura-kura cukup populer di kalangan pecinta hewan karena memiliki umur yang panjang dan memiliki daya tarik estetika tersendiri. Namun, Bumi Reptile tak menjual kura-kura biasa yang sering dijumpai di akuarium. Bumi Reptile memasarkan kura-kura darat atau sulcata. Sulcata ini dibanderol mulai dari harga Rp 800.000. Iqbal sendiri memulai bisnis ini dari kecintaannya pada kura-kura. Dia memutuskan untuk memulai bisnis sulcata, setelah membagi telur kura-kura kesayangannya kepada teman-temannya dan mendapatkan respons untuk menjual telur-telur itu saja. Dengan modal Rp 25 juta, Iqbal memulai bisnis sulcata. Sulcata sendiri diminati karena dapat dijadikan hiasan taman, rumah, dan perawatannya yang lebih mudah dan tak serepot hewan domestik lainnya. Ternyata, merawat dan memberi makan hewan tak hanya membuat hewannya gemuk, tapi dapat membuat dompet kita ikut gemuk juga. ""Di saat aku resign kerja, aku tuh pengin coba hobi-hobi binatang yang nggak bau dan aman untuk ditaruh di rumah. Akhirnya, aku yakinin diriku. Rp 25 juta, 5 jutanya aku pakai buat bikin kandang, 20 jutanya beli modal beli kura-kura. Saat itu, harganya tuh sekitar Rp 700 ribu, jadi dapat kurang lebih 20 ekor,"" jelas Iqbal dalam program d'Mentor, Kamis (7/3/24). Prestasi Bumi Reptile Bisnis sulcata memiliki permintaan yang tinggi, terutama dari area Jabodetabek. Meski begitu, Sulcata Bumi Reptile juga kerap mendapatkan permintaan dari wilayah Papua, Maluku, Aceh, Ternate, dan juga Tidore. Permintaan atas sulcata pun ikut naik secara signifikan setelah Iqbal memutuskan untuk mengiklankan sulcata ke para selebriti. Sulcata ini jadi makin populer, sampai-sampai pernah beberapa kali membintangi iklan, film, video klip, bahkan beberapa kali di sewa untuk pemotretan pre-wedding. ""Awal-awal, justru aku kasih-kasih aja. Jadi, aku mapping dulu, artis yang aku suka siapa, apakah dia suka hewan, animal lovers. Kalau dia animal lovers, biasanya aku DM."" jelas Iqbal. Bumi Reptile menyediakan beragam jenis kura-kura darat, di antaranya adalah sulcata, aldabra, dan leopard pardalis. Hal yang membedakan mereka adalah corak dan warnanya. Harga yang dibanderol untuk satu ekor sulcata dengan ukuran 12 cm adalah Rp 1,8 jutaan dan sulcata dengan ukuran 50 cm seharga Rp 25 juta. Untuk aldabra ukuran 9 cm dibanderol mulai dari harga Rp 25 juta. Terakhir, untuk leopard pardalis kecil (bayi) dibanderol mulai dari Rp 1 juta. Dalam sebulan, Bumi Reptile dapat menjual 200 hingga 300 ekor. ""Omzetnya per bulan nih. Per bulan kalau dari jual kura-kura, bisa di Rp 40-50 jutaan. Untuk pemeliharaannya sendiri gampang, pagi kita jemur, abis itu kita rendam dan kasih lampu buat yang masih kecil. Kalau udah besar, kita (taruh) di outdoor aja,"" Jelasnya. Tips dan trik Bumi Reptile sendiri memiliki strategi untuk bertahan di dunia bisnis hewan peliharaan, yakni dengan menggunakan strategi bisnis 'hulu ke hilir'. Jadi, selain menjual kura-kura hidup, Bumi Reptile juga menyediakan beragam keperluan hewan. Mulai dari pakan, vitamin, hingga keperluan kandang dan mandi hewan. Barang-barang itu kebanyakan hasil produksi sendiri. Dengan begini, pelanggan yang sebelumnya membeli sulcata akan berpotensi untuk membeli barang secara berulang di Bumi Reptile dan menjadi langganan toko. Iqbal juga menjelaskan kalau dia membuka diskusi bagi pembelinya, kalau-kalau membutuhkan saran atas perilaku atau kesehatan hewan. Tak hanya itu, Bumi Reptile juga aktif memasarkan barang dagangannya di media sosial. Media sosial digunakan oleh Iqbal sebagai media promosi sulcata dan juga menjadi tempatnya berinteraksi bersama para pengikutnya. Bila tertarik untuk memulai bisnis di sektor hewan peliharaan, Iqbal berpesan untuk memulainya karena sayang pada sang hewan. ""Tips dan triknya yang pertama, kalian harus suka dulu. Jangan mikirin cuannya aja. Setelah sayang, pelajari penyakitnya dan cara ngerawatnya. Tiga, cari marketnya dan yang keempat, kalau yakin, jalanin,"" Pesan Iqbal. Perlu diingat pula bahwa bisnis di sektor hewan peliharaan ini harus dijalankan dengan penuh kehati-hatian. Khususnya dalam memperjualbelikan hewan yang hidup. Jangan sampai kesehatan hewan jadi terabaikan. Pastikan agar hewan-hewan tersebut selalu mendapatkan pengawasan dan hidup dengan baik sehingga bisnis ini dapat tumbuh dengan sehat dan berkepanjangan. (eds/eds)";finance
21;Bisnis lilin tak hanya berkutat di penerangan. Lilin kini memiliki berbagai fungsi, mulai dari estetika, dekorasi hingga aromaterapi. Peluang itu lah yang dimanfaatkan oleh Yulianah dan suami dalam membangun bisnisnya, Jakarta Candle. Berdiri sejak 2011, Jakarta Candle berhasil melalui berbagai tantangan, seperti pandemi Covid-19, penipuan, hingga menghadapi berbagai macam polah pelanggan. Hasilnya, hingga kini usaha lilin aromaterapi tersebut berhasil mencatatkan omzet hingga 700 juta dalam setahun. Kerja sama pasangan suami istri dalam membangun bisnis menjadi cerita menarik tersendiri. Sang suami dengan kegigihannya dalam bereksperimen merancang produk berkombinasi dengan Yulianah yang gemar bicara dan handal di marketing. Pasar dekorasi dan wedding menjadi pilihan pasar yang diarungi Jakarta Candle. Lilin-lilin cantik Jakarta Candle menghiasi berbagai macam acara dan pernikahan. Di sisi lain, lilin aromaterapinya terkenal sebagai souvenir pilihan para wedding organizer. Lantas, bagaimana perjalanan bisnis Jakarta Candle? Seberapa cuan peluang bisnis ini? Simak liputannya di d'Mentor on Location episode 'Semerbak Bisnis Aromaterapi'. (eds/eds);finance
22;Industri kerajinan batik masih terus berkembang hingga saat ini. Meski telah berlangsung dalam sejarah yang panjang, peminat batik tak lekang oleh waktu. Peluang ini pula yang ditangkap dengan cermat oleh Ergy Adhitama (33). Ergy memulai Bonolo dengan modal Rp 10 juta saja. Siapa sangka, dalam waktu sewindu, bisnis tersebut kini telah berhasil mempekerjakan tak kurang dari 30 orang dan menghasilkan omzet ratusan juta rupiah. Selama orang-orang masih pergi ke kantor, selama itu pula dia yakin bisnis batiknya akan bertahan. Seberapa menjanjikan peluang usaha ini bisa diduplikasi? Bagaimana cara membesarkan bisnis batik di tengah riuhnya industri fesyen modern di Tanah Air? Dengarkan jawaban lengkapnya di d'Mentor on location, bersama Ergy Adhitama yang berhasil membesarkan bisnis batik kekinian dengan nama Bonolo. Tonton eksklusif di detikcom! (eds/eds);finance
23;Industri kerajinan batik masih terus berkembang hingga saat ini. Meski telah berlangsung dalam sejarah yang panjang, peminat batik tak lekang oleh waktu. Peluang ini pula yang ditangkap dengan cermat oleh Ergy Adhitama (33). Ergy memulai Bonolo dengan modal Rp 10 juta saja. Siapa sangka, dalam waktu sewindu, bisnis tersebut kini telah berhasil mempekerjakan tak kurang dari 30 orang dan menghasilkan omzet ratusan juta rupiah. Selama orang-orang masih pergi ke kantor, selama itu pula dia yakin bisnis batiknya akan bertahan;finance
24;Jakarta - Sebanyak 2.856 keluarga di Kelurahan Angke menerima bantuan beras 30 kilogram. Bantuan tersebut untuk alokasi kebutuhan selama tiga bulan. Sejumlah warga mengantre bantuan pangan berupa beras di Kantor Kelurahan Angke, Tambora, Jakarta Barat, Senin (7/9/2026). Setiap keluarga memperoleh 30 kilogram beras sekaligus untuk alokasi tiga bulan. Bantuan beras disalurkan kepada warga Kelurahan Angke sebagai upaya membantu memenuhi kebutuhan pangan masyarakat. Sebanyak 2.856 kepala keluarga tercatat sebagai penerima. Sejumlah warga menerima bantuan beras untuk alokasi Juli, Agustus, dan September 2026. Setiap penerima mendapat jatah 10 kilogram beras untuk setiap bulan. Penyaluran bantuan pangan beras secara nasional ditargetkan menjangkau 33.244.408 Penerima Bantuan Pangan (PBP). Data penerima mengacu pada Data Tunggal Sosial dan Ekonomi Nasional (DTSEN) versi 3 tahun 2026.;finance
25;"Pengembangbiakkan maggot cenderung dianggap harus memiliki lahan yang luas. Hal tersebut dibantah habis oleh Fathimah Himmatina melalui Magobox.id. Fathimah dan suami berhasil membangun sistem budidaya tanpa tempat luas dan tanpa bau. Bermula dari gaya hidup ramah lingkungan, Fathimah mencoba budidaya maggot di halaman rumah. Berbagai tantangan ia hadapi, mulai dari kaburnya maggot, kandang yang bau, hingga cuapan para tetangga. Tiga tahun Magobox.id beroperasi, Fathimah dan suami berhasil meraup omzet puluhan juta per bulannya. Kini, hidup lebih ramah lingkungan dan menjalankan bisnis bermandikan cuan berhasil dijalankan. Seperti apa perjalanan bisnis Fathimah dalam membangun Magobox.id? Simak wawancara kami di d'Mentor on Location episode ""Usaha Larva Lalat Penghasil Pundi-pundi Cuan Puluhan Juta""! (kil/kil)";finance
26;"Menteri Keuangan Purbaya Yudhi Sadewa menyatakan siap menangani penyelesaian utang Kereta Cepat Jakarta-Bandung atau Whoosh. Rencananya, kewajiban tersebut akan ditangani melalui Special Mission Vehicle (SMV) di bawah Kementerian Keuangan (Kemenkeu). Purbaya mengatakan proses penyerahan terkait kereta cepat diperkirakan dilakukan pada pertengahan bulan ini. Sang Bendahara Negara menyatakan akan menghitung pembayaran utang Whoosh. ""Kira-kira pertengahan bulan dikasih ke kami kan kereta cepat. Ya sudah, kita beresin. Nanti utangnya ya kita hitung, mungkin ada nanti BUMN yang di bawah Departemen Keuangan yang menangani itu,"" terang Purbaya di Kompleks Istana Kepresidenan, Jakarta Pusat, Senin (7/9/2026). Purbaya menjelaskan tidak ada pembayaran yang perlu diberikan Kemenkeu kepada Danantara dalam proses penyerahan tersebut. Ia menegaskan kewajiban pembayaran utang ke depan akan ditanggung SMV Kemenkeu. ""Nggak ada. Itu kan dana penyertaan ekuitas dikasih ke saya, nol rupiah. Kan saya nanggung utang ke depannya. SMV saya menanggung utang ke depannya. Jadi nggak ada cost-nya buat saya,"" ujarnya. Meski tidak mengeluarkan biaya saat proses penyerahan, Purbaya mengatakan pembayaran utang tetap akan dilakukan setiap tahun oleh perusahaan di bawah Kemenkeu yang nantinya ditugaskan. Purbaya memastikan SMV yang nantinya menangani kewajiban tersebut tidak perlu mencari investor baru untuk mendapatkan dana. Menurutnya, SMV Kemenkeu sudah memiliki kemampuan keuangan untuk membayar utang tersebut. ""Nggak, sudah ada uangnya. Sudah ada juga. Kan kalau SMV, let's say satu perusahaan SMV aja, keuntungannya berapa sekarang? Rp 3 triliun, Rp 4 triliun setahun. Ditambah dengan operasionalnya sendiri, mungkin dapat Rp 800 miliar keuntungannya,"" jelas Purbaya. Menurut Purbaya kemampuan keuangan tersebut cukup untuk menangani kewajiban utang yang ada saat ini. Namun, perhitungan lebih lanjut masih akan dilakukan sebelum skema tersebut ditetapkan. ""Cukuplah untuk bayar utang yang ada sekarang. Nanti kita hitung. Yang jelas kami nggak bayar, kami nggak bayar ke Danantara untuk penyerahan ini,"" tegasnya. Purbaya menambahkan SMV yang akan ditugaskan untuk menangani kewajiban utang kereta cepat belum ditentukan. Pemerintah masih akan menentukan perusahaan yang akan menjalankan tugas tersebut. (ily/hns)";finance
27;"Menteri Keuangan Purbaya Yudhi Sadewa menyatakan siap menyediakan anggaran yang dibutuhkan Badan Nasional Penanggulangan Bencana (BNPB) untuk menangani bencana. Bahkan, Purbaya menyebut siap menyediakan berapa pun dana yang dibutuhkan. Namun, Purbaya memberikan catatan agar perhitungan kebutuhan anggaran yang diajukan BNPB dapat dipertanggungjawabkan. Ia pun mengingatkan agar permintaan tambahan anggaran tidak ngaco perhitungannya. ""Berapapun angkanya akan kita usahakan semaksimal mungkin. Tapi jangan ngaco ya hitungannya, gitu aja,"" kata Purbaya di Kompleks Istana Kepresidenan, Jakarta, Senin (7/9/2026). Saat ditanya maksud perhitungan jangan ngaco, Purbaya menjelaskan anggaran tidak boleh diajukan untuk kebutuhan yang dibuat-buat. Selama perhitungannya jelas, menurutnya pemerintah tidak memiliki masalah untuk menyediakan dana. ""Ya yang nggak ada diada-adain. Tapi selama masuk akal ya, bukan masuk akal apa ya, hitungannya clear, harusnya nggak ada masalah. Kita bisa sediakan uangnya,"" jelas Purbaya. (hns/hns)";finance
28;Jakarta - Bandara ditutup akibat abu vulkanik Gunung Anak Krakatau, kereta api menjadi alternatif perjalanan masyarakat menuju dan keluar Jakarta. Penumpang terlihat berjalan menuju gerbong KAJJ di Stasiun Gambir, Jakarta, Senin (7/9/2026). Aktivitas di stasiun tampak meningkat seiring bertambahnya masyarakat yang menggunakan kereta api untuk perjalanan antarkota. Arus kedatangan pelanggan KAJJ ke wilayah Daop 1 Jakarta tercatat mencapai 37.389 pelanggan. Jumlah tersebut meningkat 18,4 persen dibandingkan hari sebelumnya yang mencapai 31.565 pelanggan. Peningkatan mobilitas terjadi di tengah terganggunya operasional penerbangan akibat sebaran abu vulkanik erupsi Gunung Anak Krakatau. Sejumlah bandara mengalami penutupan sehingga masyarakat mencari alternatif transportasi untuk melanjutkan perjalanan. Kereta api kemudian menjadi salah satu pilihan masyarakat yang membutuhkan perjalanan antarkota. Stasiun Gambir menjadi salah satu titik keberangkatan KAJJ bagi penumpang menuju berbagai kota di Pulau Jawa. Untuk mengantisipasi tingginya mobilitas, KAI Daop 1 Jakarta menyediakan 73.772 kursi KAJJ untuk keberangkatan pada 7-9 September 2026. Kapasitas tersebut disiapkan untuk memenuhi kebutuhan perjalanan masyarakat selama periode tersebut. Penambahan perjalanan tersebut menjadi langkah KAI untuk mengantisipasi peningkatan jumlah penumpang di tengah gangguan penerbangan. Masyarakat pun memiliki alternatif perjalanan antarkota melalui layanan kereta api selama sejumlah penerbangan masih terdampak sebaran abu vulkanik.;finance
29;"Otoritas Jasa Keuangan (OJK) mencatat 58 dana pensiun telah dibubarkan sejak 2020 hingga 2026. Mayoritas dana pensiun yang dibubarkan merupakan Dana Pensiun Pemberi Kerja (DPPK) dengan program pensiun manfaat pasti (PPMP). Kepala Eksekutif Pengawas Perasuransian, Penjaminan dan Dana Pensiun OJK Ogi Prastomiyono mengakui bahwa terdapat dinamika dalam penyelenggaraan dana pensiun. Akan tetapi, pembubaran sejumlah dana pensiun tersebut tidak berarti keberlanjutan industri dana pensiun menjadi persoalan. Ogi mengatakan pembubaran tersebut antara lain dipengaruhi oleh pertimbangan efisiensi, penurunan jumlah peserta, maupun skala ekonomi. ""Kondisi ini juga sejalan dengan kecenderungan global adanya peralihan dari skema manfaat pasti atau defined benefit menjadi defined contribution atau iuran pasti. Namun demikian, tidak berarti keberlanjutan industri dana pensiun menjadi persoalan,"" ujar Ogi dalam konferensi pers RDKB Agustus secara online, Senin (7/9/2026). Ogi mengatakan pekerjaan rumah industri dana pensiun ke depan justru memperdalam industri melalui perluasan kepesertaan. Dengan begitu, dana pensiun dapat semakin optimal menjadi solusi finansial masyarakat pada masa purnabakti sekaligus membantu memutus rantai sandwich generation. Untuk itu, OJK terus mendorong inovasi program yang dapat menjangkau pekerja informal, pelaku usaha mikro, kecil, dan menengah (UMKM), generasi muda, serta kelompok masyarakat lainnya, termasuk melalui digitalisasi. Hal ini juga menjadi salah satu fokus pada Bulan Dana Pensiun 2026 yang dicanangkan beberapa waktu lalu. ""Pendalaman tersebut juga berpotensi didukung oleh perkembangan kebijakan di sektor ketenagakerjaan, di mana saat ini sedang difinalisasi rancangan undang-undang tentang perlindungan ketenagakerjaan, di mana diarahkan untuk menambah cakupan jaminan ketenagakerjaan melalui jaminan pesangon yang masuk dalam ekosistem program pensiun. Namun pengaturannya lebih lanjut akan ditetapkan dalam peraturan pemerintah,"" terangnya. ""Di sisi lain, semakin besar dan sehatnya dana pensiun juga memperkuat perannya sebagai investor institusional dan sumber pembiayaan jangka panjang, sehingga turut mendukung pendalaman pasar keuangan dan pembiayaan sektor produktif,"" sambungnya. Terkait dengan keputusan Mahkamah Konstitusi mengenai pembayaran manfaat pensiun yang terbentuk dari uang pesangon, uang penghargaan masa kerja, dan/atau uang penggantian hak bagi peserta, OJK sebelumnya telah menerbitkan Keputusan Nomor 54/D.05/2026 sebagai tindak lanjut putusan MK tersebut. Saat ini OJK sedang melakukan penyesuaian terhadap POJK Nomor 27 Tahun 2023 untuk mengakomodasi ketentuan tersebut. ""Pada prinsipnya, pembayaran manfaat pensiun tersebut dapat dilakukan sekaligus atau berkala sesuai pilihan peserta, yang sebelumnya harus terlebih dahulu ditetapkan dalam Peraturan Dana Pensiun atau PDP. Penyesuaian ini dilakukan untuk memberikan kepastian serta mengakomodasi hak dan pilihan peserta sesuai keputusan Mahkamah Konstitusi,"" katanya. (hrp/fdl)";finance
30;"Otoritas Jasa Keuangan (OJK) mencatat total utang masyarakat Indonesia melalui layanan beli sekarang bayar nanti (buy now pay later/BNPL) atau paylater per Juli 2026 mencapai Rp 31,56 triliun. Kepala Eksekutif Pengawas Perbankan OJK Dian Ediana Rae mengatakan bahwa nilai tersebut setara dengan 0,35% dari total kredit perbankan. ""Per Juli 2026, baki debet kredit BNPL sebagaimana dilaporkan dalam SLIK sebesar Rp 31,56 triliun atau sebesar 0,35% dibandingkan total kredit perbankan,"" ujarnya dalam konferensi pers RDKB Agustus secara online, Senin (7/9/2026). Dian menyampaikan meski porsinya masih relatif kecil terhadap total kredit perbankan, kredit paylater tumbuh cukup tinggi. Pada Juli 2026, baki debet kredit BNPL tercatat tumbuh 31,22% secara tahunan (year-on-year/yoy). Dari sisi jumlah rekening, OJK mencatat terdapat 33,50 juta rekening BNPL pada Juli 2026. ""Jumlah tersebut meningkat dibandingkan Juni 2026 yang tercatat sebanyak 32,77 juta rekening,"" katanya. (hrp/fdl)";finance
31;"Penutupan operasional tujuh bandara terdampak abu vulkanik Gunung Anak Krakatau kembali diperpanjang hingga Senin (7/9) pukul 23.59 WIB. Menteri Perhubungan (Menhub) Dudy Purwagandhi menyatakan, penutupan ini dilakukan sebagai langkah konservatif untuk memastikan keselamatan penerbangan. ""Kenapa kami bersikap konservatif, karena sebagaimana kita ketahui arah angin sangat dinamis. Kita ingin memastikan betul bahwa debu vulkanik ini menjauh dari lokasi bandara yang ada di sekitar Gunung Anak Krakatau,"" tutur Dudy dalam keterangan tertulis, Senin (7/9/2026). Berdasarkan keterangan AirNav Indonesia, tujuh bandar udara yang sebelumnya berstatus closed masih mengalami perpanjangan penutupan hingga estimasi pukul 23.59 WIB, 7 September 2026. Berikut rinciannya: 1. Bandar Udara Halim Perdanakusuma (HLP), status CLOSED berdasarkan NOTAM A3386/26 NOTAMR A3372/26, mulai pukul 17.29 WIB hingga estimasi pukul 23.59 WIB. 2. Bandar Udara Radin Inten II, Lampung (TKG), status CLOSED berdasarkan NOTAM B1153/26 NOTAMR B1142/26, mulai pukul 17.36 WIB hingga estimasi pukul 23.59 WIB. 3. Bandar Udara Husein Sastranegara, Bandung (BDO), status CLOSED berdasarkan NOTAM C1116/26 NOTAMR C1109/26, mulai pukul 17.41 WIB hingga estimasi pukul 23.59 WIB. 4. Bandar Udara Budiarto, Curug (RTO), status CLOSED berdasarkan NOTAM C1115/26 NOTAMR C1108/26, mulai pukul 17.39 WIB hingga estimasi pukul 23.59 WIB. 5. Bandar Udara Pondok Cabe (PCB), status CLOSED berdasarkan NOTAM C1118/26 NOTAMR C1111/26, mulai pukul 17.47 WIB hingga estimasi pukul 23.59 WIB. 6. Bandar Udara Muhammad Taufiq Kiemas (WILP), status CLOSED berdasarkan NOTAM C1117/26 NOTAMR C1110/26, mulai pukul 17.45 WIB hingga estimasi pukul 23.59 WIB. 7. Bandar Udara Salakanagara Tanjung Lesung, Pandeglang (WIHI), status CLOSED berdasarkan NOTAM C1119/26 NOTAMR C1112/26, mulai pukul 17.50 WIB hingga estimasi pukul 23.59 WIB. Dudy menambahkan, sebanyak 2.961 penerbangan telah terdampak perubahan operasional bandara akibat sebaran abu vulkanik, di antaranya 2.339 penerbangan domestik dan 622 internasional. Adapun jumlah penumpang terdampak sebanyak 341.000 penumpang. Dampak ini mencakup penerbangan yang mengalami pembatalan, penundaan, maupun pengalihan. Hasil paper test di beberapa bandara terdampak memang telah menunjukkan hasil negatif. Namun, pembukaan operasional Bandara akan tetap menunggu hasil Volcanic Ash Advisory Centre (VAAC) Darwin sebagai pusat rujukan resmi. Perpanjangan penutupan bandara juga dilakukan untuk memberi waktu bagi pengelola bandara maupun maskapai untuk menyiapkan kembali operasional. Pengelola bandara akan melakukan pemeriksaan dan pembersihan fasilitas sisi udara, termasuk runway, taxiway, dan apron. Sementara maskapai perlu waktu untuk melakukan pemeriksaan dan pembersihan pesawat dari kemungkinan paparan debu vulkanik sebelum pesawat kembali beroperasi. ""Kami memastikan semua berjalan dengan baik dan kita tidak ingin mengesampingkan aspek keselamatan,"" lanjut Dudy. Kemenhub bersama pihak terkait akan terus memantau kondisi debu vulkanik serta hasil advisory VAAC Darwin sebagai bahan acuan dan evaluasi langkah operasional bandara. Dudy menegaskan keselamatan dan keamanan masyarakat akan menjadi pertimbangan utama dalam pengambilan keputusan. (acd/acd)";finance
32;Jakarta - Erupsi Gunung Anak Krakatau berdampak pada 2.961 penerbangan. Sekitar 341.000 penumpang turut terdampak akibat pembatalan massal. Menteri Koordinator Bidang Infrastruktur dan Pembangunan Kewilayahan, Agus Harimurti Yudhoyono (AHY) bersama Menteri Perhubungan Dudy Purwagandhi memberikan keterangan pers di Posko Bandara Soekarno-Hatta, Tangerang, Banten, Senin (7/9/2026). Tercatat 2.961 penerbangan dan sekitar 341.000 penumpang terdampak erupsi Anak Krakatau. AHY menuturkan, pembatalan massal ini berdampak signifikan terhadap ratusan ribu calon penumpang yang sebelumnya telah memegang tiket keberangkatan. Sementara itu, Dudy Purwagandhi mengungkap pihaknya sudah melakukan 4 kali paper test abu vulkanik di Soetta dengan hasil negatif. Namun pengecekan itu tidak lantas membuat Bandara Soetta kembali dibuka. Pihaknya ingin memastikan betul bahwa tidak adanya sebaran abu vulkanik imbas erupsi Gunung Anak Krakatau.;finance
33;"Otoritas Jasa Keuangan (OJK) melalui Satuan Tugas Pemberantasan Aktivitas Keuangan Ilegal (Satgas PASTI) menemukan dan menghentikan 951 entitas pinjaman online (pinjol) ilegal. Selain itu, Kepala Eksekutif Pengawas Perilaku Pelaku Usaha Jasa Keuangan, Edukasi, dan Pelindungan Konsumen (PEPK) OJK Dicky Kartikoyono mengatakan Satgas PASTI juga menemukan dan menghentikan 242 entitas investasi ilegal, 27 gadai ilegal, serta dua aktivitas keuangan ilegal lainnya yang ditemukan di sejumlah situs dan aplikasi. Adapun penghentian tersebut merupakan tindak lanjut dari laporan masyarakat kepada Satgas PASTI. Secara year-to-date hingga 31 Agustus 2026, OJK telah menerima 30.328 pengaduan masyarakat terkait entitas ilegal. ""Kegiatan pemberantasan keuangan ilegal ini terus akan kami perkuat termasuk dengan penggunaan teknologi pada waktunya,"" ujar Dicky dalam konferensi pers RDKB Agustus secara online, Senin (7/9/2026). Terkait dengan aktivitas penipuan atau scam di sektor jasa keuangan, OJK melalui Indonesia Anti-Scam Centre (IASC) mencatat bahwa sejak mulai beroperasi pada 22 November 2024 hingga 31 Agustus 2026, IASC telah menerima 668.441 laporan pengaduan. Jumlah rekening yang dilaporkan dan terverifikasi mencapai 1.276.688 rekening. Dicky menyampaikan dari jumlah tersebut, sebanyak 659.429 rekening telah diblokir. Total dana korban yang berhasil diblokir mencapai Rp 771,2 miliar. Sementara dana yang telah dikembalikan kepada korban mencapai Rp 206 miliar. ""Jumlah rekening yang dilaporkan dan terverifikasi mencapai 1.276.688 rekening dengan 659.429 rekening telah diblokir. Total dana korban yang berhasil diblokir sebesar Rp 771,2 miliar, sementara dana yang telah kami kembalikan kepada korban mencapai sebesar Rp 206 miliar,"" ujarnya. (fdl/fdl)";finance
34;"Direktorat Jenderal Bea Cukai (DJBC) telah melakukan sebanyak 20.643 penindakan dengan total nilai barang mencapai Rp 11,25 triliun hingga Agustus 2026. Hal ini disampaikan Direktur Jenderal Bea dan Cukai Djaka Budhi Utama dalam rapat dengar pendapat dengan Komisi XI DPR. ""Hingga Agustus 2026, DJBC telah melakukan 20.643 penindakan dengan total nilai barang sebesar Rp 11,25 triliun,"" ujar Djaka, Jakarta, Senin (7/9/2026). Penindakan paling banyak terjadi sektor rokok ilegal. Sepanjang periode Januari hingga Agustus 2026, Djaka menerangkan pihaknya telah menindak 12.617 kali dengan mengamankan barang bukti sebanyak 1,123 miliar batang rokok ilegal. Sebagai perbandingan, penindakan sepanjang tahun penuh 2025 lalu tercatat sebanyak 20.102 kasus dengan total 1,404 miliar batang rokok. Selain rokok ilegal, penindakan juga menyasar sektor ekspor dan impor. Pada sektor ekspor, tercatat ada 325 kasus penindakan dengan nilai barang yang diamankan mencapai Rp 1,82 triliun hingga Agustus 2026. Sementara di sektor impor, DJBC melakukan 6.309 penindakan dengan nilai barang tembus Rp 6,93 triliun. ""Sementara itu, pada penindakan narkotika hingga Agustus 2026, DJBC telah mengamankan 11,43 ton barang bukti,"" tambah Djaka. Djaka menegaskan penindakan ini tidak lepas dari solidnya sinergi dan koordinasi pengawasan yang dilakukan bersama jajaran aparat penegak hukum lainnya. ""Capaian tersebut tidak lepas dari sinergi pengawasan bersama aparat penegak hukum yang lain,"" imbuh ia. (acd/acd)";finance
35;"Direktorat Jenderal Bea dan Cukai Kementerian Keuangan (Kemenkeu) mencatat realisasi penerimaan bea dan cukai hingga Juli 2026 mencapai Rp 182,6 triliun. Jumlah itu setara 54,3% dari target Anggaran Pendapatan Belanja Negara (APBN) dan tumbuh 6,7% jika dibandingkan dengan periode yang sama tahun lalu. ""Hingga 31 Juli 2026, realisasi penerimaan kepabeanan dan cukai mencapai Rp 182,6 triliun atau sekitar 54,3% dari target APBN tahun 2026 sebesar Rp 336 triliun,"" ujar Direktur Jenderal Bea dan Cukai Djaka Budhi Utama dalam rapat dengar pendapat dengan Komisi XI DPR, Senin (7/9/2026). Jika dirinci berdasarkan jenis penerimaan, sektor cukai masih mendominasi sebagai kontributor terbesar dengan realisasi mencapai Rp 130,7 triliun, atau tumbuh hingga 3% dibanding tahun lalu. Pertumbuhan pada sektor ini utamanya didorong oleh dampak penegakan hukum (enforcement) sehingga produksi rokok dan minuman mengandung etil alkohol (MMEA) tetap terjaga. Sementara itu, sektor bea masuk membukukan realisasi sebesar Rp 31,5 triliun atau tumbuh sebesar 12,2%. Kinerja ini ditopang oleh peningkatan volume impor serta pergerakan kurs. ""Sementara itu untuk bea keluar, realisasi sebesar Rp 20,4 triliun atau mengalami pertumbuhan sebesar 26,3%. Kinerja bea keluar didorong oleh penguatan harga CPO dan kenaikan volume ekspor CPO,"" tambah Djaka. Djaka menilai kinerja penerimaan kepabeanan dan cukai menunjukkan tren yang semakin membaik. Melihat kinerja tersebut, ia menilai adanya indikasi positif terhadap pencapaian target penerimaan hingga penghujung tahun 2026. ""Secara keseluruhan, kinerja penerimaan kepabeanan dan cukai menunjukkan tren yang semakin membaik dan memberikan indikasi positif terhadap pencapaian target penerimaan sampai dengan akhir tahun,"" jelasnya. (acd/acd)";finance
36;Jakarta - Kemenkeu mengusulkan pagu anggaran 2027 sebesar Rp49,80 triliun untuk menjaga stabilitas fiskal dan memperkuat pelayanan publik. Menteri Keuangan Purbaya Yudhi Sadewa (tengah), Wakil Menteri Keuangan Juda Agung (kiri) dan Suahasil Nazara (kanan) mengikuti rapat kerja bersama Komisi XI DPR dengan agenda membahas pengantar Rencana Kerja Anggaran (RKA) Kementerian Keuangan tahun 2027 di Kompleks Parlemen, Jakarta, Senin (7/9/2026). Foto: ANTARA FOTO/FAUZAN Kementerian Keuangan mengusulkan pagu anggaran Tahun Anggaran 2027 sebesar Rp49,80 triliun yang diarahkan untuk mendukung pelaksanaan tugas dan fungsi Kementerian Keuangan dalam menjaga stabilitas fiskal, memperkuat kualitas pelayanan publik, serta mendorong transformasi ekonomi yang inklusif dan berkelanjutan. Foto: ANTARA FOTO/FAUZAN Dalam rencana kerja 2027, Kemenkeu memiliki lima program utama, yakni Kebijakan Fiskal, Sektor Keuangan dan Ekonomi, Pengelolaan Penerimaan Negara, Pengelolaan Belanja Negara, Pengelolaan Perbendaharaan, Kekayaan Negara dan Risiko, serta Dukungan Manajemen. Foto: ANTARA FOTO/FAUZAN;finance
37;"Menteri Perhubungan Dudy Purwagandhi menjamin semua tiket penerbangan yang batal imbas abu vulkanik erupsi Gunung Anak Krakatau bisa dikembalikan atau refund 100%. Kepastian ini diungkapkan Dudy di depan Presiden Prabowo Subianto. Dia memberikan laporan tersebut dalam Rapat Terbatas soal Penanganan Bencana secara virtual dengan Prabowo yang berada di Istana Merdeka, Jakarta Pusat. ""Terhadap penumpang kami memberikan haknya sesuai dengan ketentuan yang berlaku, di mana saat ini kami memberikan 100% refund penuh bapak presiden terhadap penerbangan yang dibatalkan,"" tegas Dudy dalam rapat yang ditayangkan virtual, Senin (7/9/2026). Pihaknya juga berkoordinasi dengan Imigrasi untuk memberikan relaksasi kepada penumpang Warga Negara Asing (WNA) yang melewati batas izin tinggal karena penerbangannya batal. ""Kemudian juga yang paling penting adalah kami bekerja sama terima kasih dengan pihak Imigrasi kita memberikan relaksasi izin terhadap penumpang warga negara asing yang melewati batas izin karena pembatalan penerbangan,"" beber Dudy. Pihaknya juga menyiapkan beberapa bandara alternatif pengganti Bandara Soekarno-Hatta dan enam bandara lainnya yang ditutup imbas abu vulkanik, mulai dari Bandara Kertajati, Bandara Juanda, Bandara Ahmad Yani, Bandara Adi Soemarmo, dan Bandara Internasional Yogyakarta. ""Bandara Kertajati sudah melayani Garuda untuk penerbangan dari Jeddah, Madinah maupun Amsterdam dan juga penerbangan dari Kertajati ke Jeddah. Begitu juga dengan Lion Air pada hari ini akan melaksanakan penerbangan dari Kertajati ke Jeddah,"" ujar Dudy. Kemudian untuk Bandara Juanda dari Singapore Airlines itu akan menambah atau akan melakukan perubahan penggunaan pesawat yang semula Boeing 737-800 akan diubah menjadi Airbus 350 agar bisa mengangkut penumpang yang ada di Singapura dalam jumlah yang lebih besar. ""Begitu juga untuk angkut penumpang yang dari Indonesia atau dari Surabaya atau dari Jakarta yang akan berangkat ke Singapura atau negara lain,"" lanjut Dudy. (hal/ara)";finance
38;Indeks Harga Saham Gabungan (IHSG) hari ini ditutup di zona merah. IHSG bergerak dua arah hingga akhirnya ditutup level 6.600-an. Dikutip dari RTI, Senin (7/9/2026),IHSG pada penutupan turun sebesar 16,80 poin ke level 6.619,67 atau melemah 0,25%.IHSG dibuka di level 6.652,09 dengan level tertinggi 6.667,75 dan terendah 6.610,93. Volume transaksi tercatat 36,73 miliar saham, turnover Rp 13,65 triliun dengan frekuensi transaksi 2.141.889 kali. Sebanyak 281 saham menguat, 332 saham melemah, dan 179 saham tidak mengalami pergerakan. Pada bursa Asia lainnya, Hang Seng Index melemah 1,08%, Nikkei naik 2,02%, sementara Shanghai Composite Index menguat 0,07%. (acd/acd);finance
39;"Pemerintah melalui Kementerian Agraria dan Tata Ruang/Badan Pertanahan Nasional (ATR/BPN) melaporkan penetapan Lahan Pangan Pertanian Berkelanjutan (LP2B) atau lahan sawah dilindungi rata-rata mencapai 87,52% secara nasional. Angka ini jauh lebih tinggi dari target awal untuk tahun ini. Menteri Koordinator Bidang Pangan Zulkifli Hasan alias Zulhas mengatakan penetapan lahan pertanian yang sudah di atas 87% secara kumulatif nasional telah memenuhi ketentuan Peraturan Presiden (Perpres) Nomor 4 Tahun 2026 tentang Pengendalian Alih Fungsi Lahan Sawah. Meski dalam tahap ini tercatat masih ada 7 Provinsi yang yang capaian LP2B-nya masih di bawah standar 87% yakni Riau, Jambi, Banten, Bali, Kalimantan Barat, Kalimantan Timur, dan Papua. Dalam hal ini, pemerintah sepakat memberikan tambahan waktu agar Pemerintah Provinsi terkait segera meningkatkan capaian penetapan lahan pertanian yang dilindungi. ""Tapi kalau diakumulasi secara nasional sudah memenuhi 87% ya. Nanti Pak Nusron bisa sampaikan. Nah yang kedua, yang 7 provinsi tadi kita putuskan, kan itu kurang dari 87%. Jadi kita kasih waktu saja untuk menambah menetapkan sehingga bisa lebih, ya. Kasih waktu,,"" ujar Zulhas dalam konferensi pers di kantornya, Jakarta Pusat, Senin (7/9/2026). Meski begitu selama masa penambahan penetapan, Zulhas menegaskan luas lahan pertanian yang sudah dilindungi dari alih fungsi alias selamanya hanya boleh digunakan untuk pertanian ini tidak boleh turun. ""Tapi tidak boleh kurang dari itu. Jadi kita kunci dulu. Ada yang 77%, ada yang 86%, ada yang 80%, ada 78%, tidak boleh berkurang dari itu, kunci ya,"" tegasnya. Pemerintah optimistis penetapan lahan sawah ini menjadi fondasi utama dalam menjaga kedaulatan dan swasembada pangan nasional, memastikan keberadaan pasokan air dan lahan pertanian tetap terlindungi dari alih fungsi yang tidak terkendali. Dalam kesempatan yang sama, Menteri ATR/Kepala BPN, Nusron Wahid, menyebut angka lahan sawah yang berhasil dilindungi pemerintah dari alih fungsi (menjadi LP2B) diraih jauh lebih cepat dibandingkan rencana awal yang sudah tercantum dalam Perpres Nomor 12 Tahun 2025. ""Ini berdasarkan Perpres Nomor 12 Tahun 2025 tentang Rencana Pembangunan Jangka Menengah Tahun 2025-2029 dan Perpres Nomor 4 Tahun 2026 tentang Pengendalian Alih Fungsi Lahan Sawah, di mana pada tahun 2029 kami ditargetkan untuk menetapkan LP2B minimal 87%,"" kata Nusron. ""Kita kerja 8 bulan dengan Kementerian Dalam Negeri, BPS, dan semuanya di bawah bimbingan Kemenko Polkam dan Kemenko Pangan, Alhamdulillah secara nasional semua pimpinan Kabupaten/Kota sudah komitmen dan tanda tangan SK sementara sebanyak secara nasional agregat 87,52%. Jadi pekerjaan yang harusnya selesai tahun 2029, bisa kita selesaikan tahun 2026,"" lanjutnya. Menurut Nusron ini merupakan capaian yang sangat baik mengingat sebelumnya dalam audit pada awal periode 2026 menunjukkan integrasi LP2B berdasarkan RTRW Kabupaten/Kota baru menyentuh angka 41,72%. Melalui komitmen bersama yang diperkuat oleh Surat Keputusan (SK) sementara dari para kepala daerah, target tersebut berhasil digenjot lebih cepat. ""Harusnya tahun 2026 hanya 78%, tahun 2027 81%, tahun 2028 84%. Januari tahun 2026 ini kita berangkat dari awal, awalnya kita hanya 68% LP2B berdasarkan RTRW Provinsi. Kemudian kalau mengacu pada RTRW Kabupaten, Januari tahun 2026 audit kita hanya 41,72%,"" ujarnya. ""Tetapi masih ada 7 provinsi yang kurang dari 87% karena amanatnya ada 87, yaitu Riau, Jambi, Banten, Bali, Kalimantan Barat, Kalimantan Timur, dan Papua. Tadi ada catatan dari BPS, khusus untuk Banten dan Bali sebisa mungkin harus sampai 87%. Kenapa? Karena ini daerah lahan subur pertanian,"" tandasnya. (igo/fdl)";finance
40;"Menteri Perhubungan Dudy Purwagandhi tak mau buru-buru membuka operasional penerbangan di Bandara Soekarno-Hatta meskipun hasil paper test negatif. Pihaknya terus melakukan paper test secara berkala untuk melihat sampai seberapa jauh abu vulkanik masih terdeteksi di permukaan. ""Dapat kami laporkan bahwa Bandara Soekarno-Hatta sudah kami lakukan sebanyak empat kali pengetesan atau paper test dan kami temukan hasilnya negatif,"" ujar Dudy dalam laporannya di Ratas Penanganan Bencana, Senin (7/9/2026). Meski begitu, pihaknya enggan buru-buru membuka operasional bandara. Dudy mengatakan pihaknya ingin memastikan agar arah angin tidak berubah lagi. ""Namun demikian kami tidak langsung serta-merta kami buka pada saat ini, bapak presiden, karena kami ingin memastikan betul mengingat bahwa sebagaimana kemarin terjadi perubahan dari angin yang semula bergerak ke arah timur dari barat kemudian bergerak ke arah timur,"" beber Dudy. Dari hasil pantauan BMKG, Dudy mengatakan teramati sebaran debu abu vulkanik Gunung Anak Krakatau pada pukul 12.10 pada ketinggian 15.000 feet bergerak ke arah barat daya dengan kecepatan 10 knots dengan intensitas tetap. Namun demikian berdasarkan Volcanic Ash Advisory Center, ads perkiraan sebaran abu vulkanik masih akan terjadi sampai dengan pukul 23.10 UTC atau 06.10 WIB pada tanggal 8 September. (hal/ara)";finance
41;"Kalangan buruh mulai menghitung besaran kenaikan upah minimum tahun 2027. Sejumlah kelompuk buruh mengusulkan kenaikan upah minimum naik sebesar 7% hingga 9%. Presiden Konfederasi Serikat Pekerja Indonesia (KSPI) Said Iqbal mengusulkan kenaikan upah minimum tetap mempertimbangkan inflasi, pertumbuhan ekonomi, dan indeks tertentu atau alfa. Ia mengusulkan indeks alfa sebesar 0,5 sampai 0,9. ""Buruh akan mengusulkan kenaikan upah minimum 2027 berdasarkan inflasi, pertumbuhan ekonomi, dan indeks tertentu. Indeks tertentu yang kami usulkan dari buruh setidak-tidaknya dari KSPI dan KSP-PB adalah 0,5 sampai 0,9,"" kata Said di kompleks DPR RI Senayan, Jakarta, Senin (7/9/2026). Ia memperkirakan inflasi berada di kisaran 3%, sedangkan rata-rata pertumbuhan ekonomi sekitar 5,2-5,3%. Berdasarkan perhitungan tersebut, Said memperkirakan kenaikan upah minimum 2027 dapat berada pada kisaran 7,5% hingga 8,5%. ""Kalau diambil rata-rata (pertumbuhan ekonomi) 5,2% atau 5,3%, ditambah inflasi 3 sekian persen, kita udah ketemu tuh kira-kira 8,4% atau 8,5%. Dikalikan aja 0,9 (alfa). Maka bisa diperkirakan kenaikan upah minimum 2027 itu adalah berkisar 7,5% sampai dengan 8,5%,"" jelas dia. Sebagai informasi, penghitungan kenaikan upah minimum 2026 menggunakan formula inflasi + (pertumbuhan ekonomi x alfa). Pemerintah menetapkan rentang alfa sebesar 0,5-0,9. Alfa merupakan indeks tertentu yang menggambarkan kontribusi tenaga kerja terhadap pertumbuhan ekonomi. Besaran alfa menjadi salah satu komponen yang menentukan persentase kenaikan upah minimum. Namun, Said menegaskan usulannya masih berupa perkiraan. Besaran usulan masih menunggu data resmi Badan Pusat Statistik (BPS) mengenai inflasi dan pertumbuhan ekonomi yang menjadi dasar penghitungan upah minimum. ""Tentu menunggu laporan resmi BPS tentang inflasi dan pertumbuhan ekonominya, dihitung bukan tahun kalender tapi tahun takwim. September 2025 sampai Oktober 2026. Berarti menunggu BPS. Kan kita belum tau September dan Oktober berapa inflasi dan berapa pertumbuhan ekonominya,"" jelas dia. Usul Dibagi 3 Kategori Sementara itu, Presiden Konfederasi Serikat Pekerja Nusantara (KSPN) Ristadi menyoroti kesenjangan upah minimum antardaerah yang dinilai semakin lebar. Ristadi mencontohkan upah minimum di Cirebon sekitar Rp 2,8 juta, sedangkan Kota Bekasi sudah mencapai sekitar Rp 5,9 juta. ""Selisihnya sudah 100% lebih, misal Cirebon Rp 2,8 juta, di kota Bekasi sudah Rp 5,9 juta, ini sudah termasuk ekstrem. Maka secara prinsip KSPN sedang meminta reformasi aturan upah minimum melalui UU Ketenagakerjaan yang baru yang sedang proses dibahas di DPR,"" kata Ristadi dihubungi detikcom. Dengan skema tersebut, pekerja pada sektor industri sejenis akan memiliki upah minimum yang sama di seluruh Indonesia. Sistem tersebut dinilai dapat memberikan keadilan bagi pekerja sekaligus menciptakan persaingan yang lebih sehat bagi pengusaha. Namun, apabila sistem pengupahan tahun depan masih menggunakan formula yang berlaku saat ini, KSPN mengusulkan persentase kenaikannya tidak disamaratakan di seluruh Indonesia. KSPN mengusulkan kenaikan upah minimum dibagi menjadi tiga kategori. Berikut rinciannya: 1. Upah Minimum di atas Rp 4,5 juta = 3,5% + (5,7% x 0,6) = 3,5% + 3,42% = 6,92% bulatkan 7% 2. Upah Minimum Rp 3,5 juta sampai dengan Rp 4,5 juta = 3,5% + (5,7% x 0,8) = 3,5% + 4,56% = 8,06% bulatkan 8% 3. Upah Minimum di bawah Rp 3,5 juta = 3,5% + (5,7% x 1) = 3,5% + 5,7% = 9,2%";finance
42;"Otoritas Jasa Keuangan (OJK) melaporkan perkembangan aktivitas kripto pada Juli 2026 menunjukkan tren penurunan. Kepala Eksekutif Pengawas Inovasi Teknologi Sektor Keuangan, Aset Keuangan Digital, dan Aset Kripto OJK, Adi Budiarso menyampaikan nilai transaksi aset kripto mencapai Rp 20,52 triliun. Angka ini turun 28,2% secara bulanan (month-to-month/mtm). Adi menyebut pergerakan transaksi tersebut ditengarai mengikuti dinamika dan fluktuasi nilai transaksi aset kripto. ""Sementara itu pada bulan Juli 2026 ini juga, nilai transaksi aset kripto tercatat sebesar Rp 20,52 triliun. Ini adalah menurun 28,2% month-to-month,"" ujar Adi dalam konferensi pers RDKB Agustus secara online, Senin (7/9/2026). Penurunan juga terjadi pada transaksi derivatif aset keuangan digital (AKD). OJK mencatat nilai transaksi derivatif AKD sebesar Rp 3,41 triliun pada Juli 2026, turun 18,52% secara bulanan. Meski transaksi mengalami penurunan, OJK menilai kepercayaan konsumen terhadap ekosistem aset keuangan digital, termasuk aset kripto, masih terjaga. ""Kepercayaan konsumen terhadap ekosistem aset keuangan digital termasuk aset kripto di Indonesia secara umum masih terjaga dan menunjukkan perkembangan yang positif,"" katanya. Sementara itu, jumlah akun konsumen aset kripto di Indonesia terus bertambah. Per Juli 2026, OJK mencatat jumlah akun konsumen mencapai 22,93 juta akun, tumbuh 1,03% secara bulanan (month-to-month/mtm). ""Terkait dengan perkembangan aktivitas aset kripto di Indonesia, per Juli 2026 jumlah akun konsumen telah mencapai 22,93 juta akun konsumen, yakni tumbuh 1,03% month-to-month,"" paparnya. (hrp/fdl)";finance
43;"Menteri Keuangan Purbaya Yudhi Sadewa buka suara soal rencana Presiden Prabowo Subianto meningkatkan anggaran mitigasi bencana. Menurutnya, tambahan anggaran sejauh ini disesuaikan dengan permintaan instansi terkait. Purbaya bilang dana mitigasi bencana semuanya dikelola oleh Badan Nasional Penanggulangan Bencana (BNPB). Maka dari itu, pihaknya menunggu perhitungan dari BNPB terlebih dahulu soal tambahan anggaran. ""Nanti kita tingkatkan sesuai permintaan, kan BNPB yang hitung. Nanti kita lihat seperti apa perhitungan BNPB. Kan sekarang saya belum terima,"" ujar Purbaya di Kompleks Istana Kepresidenan, Jakarta Pusat, Senin (7/9/2026). Sebelumnya, Prabowo mengungkapkan pemerintah akan meningkatkan anggaran mitigasi bencana. Hal ini diungkapkan olehnya dalam Ratas Perkembangan Penanganan Bencana Alam secara virtual di Istana Merdeka. Mulanya saat memberikan sambutan dalam rapat, Prabowo memaparkan Indonesia mengalami sederet bencana alam belakangan ini. Mulai dari gempa di Flores hingga sekarang ada aktivitas erupsi Gunung Anak Krakatau. Di sisi lain, kebakaran hutan dan lahan juga menjadi salah satu masalah yang perlu ditangani. Menurutnya hal ini menjadi takdir Indonesia yang hidup di lingkaran api. Maka dari itu, antisipasi bencana harus menjadi hal yang penting. ""Ini adalah takdir kita, negara yang berada di lingkaran api, the ring of fire. Jadi, ini membawa kita untuk kita harus siap menghadapi keadaan seperti ini setiap saat,"" kata Prabowo dalam rapat yang disiarkan virtual. Menurutnya, ini juga menjadi pelajaran bagi Indonesia, Indonesia harus meningkatkan mitigasi bencana dengan meningkatkan anggaran. ""Pelajaran juga bagi kita, bagi pemerintah yang saya pimpin, alokasi anggaran untuk mitigasi bencana harus kita tambah secara signifikan. Saya kira dalam menghadapi keadaan ke depan kita akan lebih mampu,"" lanjut Prabowo. (hal/ara)";finance
44;"Menteri Keuangan Purbaya Yudhi Sadewa buka suara soal pembiayaan program Koperasi Desa (Kopdes) Merah Putih memakai pinjaman dari bank BUMN. Purbaya memastikan pemerintah tidak akan telat membayar utang pinjaman tersebut. Pasalnya, menurut Purbaya, pemerintah telah berkomitmen membayar Rp 40 triliun tiap tahun. ""Kita setiap bayar Rp 40 triliun cicilan juga dengan kesiapan perbankan. Jadi, enggak ada keterlambatan pembayaran cicilan pemerintah. Kita harus menjaga kondisi sistem perbankan kita,"" ujar Purbaya di Mahkamah Agung, Jakarta, Rabu (2/9/2026). Purbaya juga memastikan pemerintah tidak membiarkan terjadi kredit macet di bank terkait pembangunan Kopdes Merah Putih. Mantan Ketua Lembaga Penjamin Simpanan (LPS) ini pun menjamin akan menyiapkan cara khusus demi menjamin kelancaran pembayaran ke bank BUMN. Namun, Purbaya enggan menjelaskan cara khusus tersebut. ""Nanti kita akan carikan cara khusus untuk memastikan semuanya bisa berjalan dengan lancar. Kita lihat nanti ada nggak cara untuk memastikan kewajiban pemerintah yang harus dibayarkan, bisa kita bayarkan,"" terang Purbaya. Di sisi lain, Purbaya menambahkan, pemerintah juga memiliki dana tunai lebih dari Rp 500 triliun. ""Pokoknya ada Rp 510 triliun lebih cash-nya sekarang. Kalau dibilang uang saya Rp 8,1 triliun, ya nggak. Sudah disiapkan kok Rp 40 triliun,"" jelas Purbaya. (hns/hns)";finance
45;"Mekanisme pembelian BBM subsidi dengan menunjukkan STNK kendaraan jadi sorotan. PT Pertamina Patra Niaga menegaskan kebijakan itu bukan merupakan kebijakan nasional. Mekanisme tersebut merupakan rencana pengawasan yang bersifat lokal di wilayah Sumatera Selatan, dan kini kebijakan itu sudah dibatalkan. Pertamina Patra Niaga memutuskan untuk membatalkan rencana implementasi mekanisme tersebut. VP Corporate Communication Pertamina Patra Niaga Kitty Andhora menyampaikan perusahaan sangat memperhatikan respons dan masukan masyarakat atas informasi yang tersebar dari wilayah Sumatera Selatan dan meluas sehingga menjadi pembahasan secara Nasional, dan menimbulkan ketidaknyamanan pada masyarakat. ""Kami memahami respons dan perhatian masyarakat terhadap informasi yang beredar. Untuk itu, kami meminta Pertamina Patra Niaga Regional Sumatera Bagian Selatan untuk membatalkan implementasi mekanisme tersebut. Kami juga menyampaikan permohonan maaf atas ketidaknyamanan yang timbul akibat informasi yang berkembang dan menimbulkan kesalahpahaman yang berdampak secara Nasional,"" ujar Kitty dalam keterangannya, Jumat (4/9/2026). Pertamina Patra Niaga memastikan setiap kebijakan terkait penyaluran BBM yang berkaitan dengan masyarakat akan dikoordinasikan terlebih dahulu dengan regulator, khususnya BPH Migas, pemerintah daerah, serta pemangku kepentingan terkait. Dalam memastikan penyaluran BBM subsidi tepat sasaran, Pertamina Patra Niaga terus memperkuat pengawasan dan pembinaan terhadap lembaga penyalur. Sepanjang Januari hingga 3 September 2026, Pertamina Patra Niaga telah melakukan pembinaan kepada lebih dari 900 SPBU di seluruh wilayah operasional. Apabila terbukti terdapat pelanggaran, Pertamina Patra Niaga akan memberikan sanksi sesuai tingkat pelanggaran, mulai dari peringatan tertulis, skorsing, hingga pemutusan hubungan usaha. Perusahaan juga terus berkoordinasi dengan aparat penegak hukum untuk mendorong penindakan terhadap penyalahgunaan BBM subsidi. Selain pengawasan di lapangan, Pertamina Patra Niaga terus memperkuat pengawasan melalui penggunaan QR Code Subsidi Tepat pada aplikasi MyPertamina untuk mendukung penyaluran BBM subsidi kepada masyarakat yang berhak. (hal/ara)";finance
46;"Badan Pusat Statistik (BPS) buka suara soal perbedaan angka garis kemiskinan Indonesia yang dirilis Bank Dunia. Dalam rilis terakhir Bank Dunia menyebut sebanyak 64,2% penduduk Indonesia berada di bawah garis kemiskinan. Angka tersebut berasal dari Macro Poverty Outlook edisi April 2026 dan merupakan proyeksi tahun 2026 dengan menggunakan garis kemiskinan sebesar US$ 8,30 per kapita per hari berdasarkan Purchasing Power Parity (PPP) 2021. Sedangkan BPS mencatat persentase penduduk miskin Indonesia pada Maret 2026 sebesar 8,07% atau sekitar 22,93 juta orang. Deputi Bidang Statistik Sosial BPS M Nashrul Wajdi menyampaikan angka yang disampaikan Bank Dunia tidak dihitung berdasarkan garis kemiskinan nasional Indonesia. Ia menegaskan kedua angka tersebut tidak dapat dibandingkan secara langsung, karena disusun dengan standar kemiskinan yang berbeda dan ditujukan untuk kebutuhan yang berbeda pula. ""Angka 64,2% merupakan perkiraan penduduk Indonesia yang pengeluarannya berada di bawah US$ 8,30 per kapita per hari menurut Bank Dunia. Garis kemiskinan tersebut dihitung berdasarkan standar yang ditetapkan World Bank, bukan garis kemiskinan nasional yang digunakan di Indonesia. Nilainya ditetapkan berdasarkan standar kemiskinan yang umum digunakan di negara-negara dalam kelompok pendapatan menengah atas, dan digunakan terutama untuk membandingkan kondisi antarnegara,"" ujar Nashrul dikutip dari Antara, Rabu (2/9/2026). Ia menjelaskan Bank Dunia menggunakan sejumlah garis kemiskinan internasional untuk membandingkan kondisi kesejahteraan antarnegara. Dalam pembaruan terbaru, Bank Dunia menggunakan garis US$ 3 per kapita per hari untuk mengukur kemiskinan ekstrem, US$ 4,20 untuk negara berpendapatan menengah bawah, dan US$ 8,30 untuk negara berpendapatan menengah atas (upper-middle income countries/UMIC). Selain itu, angka US$ 8,30tersebut tidak dihitung menggunakan kurs rupiah terhadap dolar AS yang berlaku di pasar, melainkan menggunakan PPP yang memperhitungkan perbedaan daya beli antarnegara. BPS menyebut angka kemiskinan 64,2% yang menggunakan standar 8,30 dolar AS PPP 2021 disusun berdasarkan median garis kemiskinan negara-negara berpendapatan menengah atas, bukan berdasarkan kebutuhan dasar masyarakat Indonesia secara spesifik. Dengan menerapkan standar global tersebut, jumlah penduduk miskin Indonesia akan terlihat lebih tinggi. Bahkan, kata dia lagi, Bank Dunia dalam keterangan di website resminya pada 13 Juni 2025 menyatakan garis kemiskinan nasional dan statistik kemiskinan yang diterbitkan BPS lebih tepat digunakan untuk pengambilan keputusan dan kebijakan dalam negeri Indonesia. Lebih lanjut, pihaknya mengukur kemiskinan Indonesia dengan pendekatan kebutuhan dasar atau Cost of Basic Needs (CBN). Pengukuran tersebut didasarkan pada pengeluaran minimum untuk memenuhi kebutuhan dasar makanan dan non-makanan. Komponen makanan mengacu pada standar konsumsi minimal 2.100 kilokalori per orang per hari berdasarkan pola konsumsi rumah tangga Indonesia, sedangkan komponen non-makanan mencakup kebutuhan tempat tinggal, pendidikan, kesehatan, pakaian, dan transportasi. Penghitungan garis kemiskinan BPS menggunakan hasil pendataan Survei Sosial Ekonomi Nasional (Susenas) yang mencatat pengeluaran serta pola konsumsi masyarakat. Susenas dilakukan dua kali dalam setahun, sehingga garis kemiskinan BPS dapat mencerminkan kebutuhan riil masyarakat Indonesia. Pada Maret 2026, BPS mencatat persentase penduduk miskin Indonesia sebesar 8,07 persen atau 22,93 juta orang. Angka tersebut dihitung berdasarkan garis kemiskinan nasional yang mempertimbangkan perbedaan kebutuhan masyarakat di setiap provinsi dan kabupaten/kota, termasuk tingkat harga, pola konsumsi, serta rata-rata jumlah anggota rumah tangga miskin. Secara rata-rata nasional, garis kemiskinan rumah tangga tercatat Rp 3.091.866 per bulan. (hrp/hns)";finance
47;"Menteri Keuangan (Menkeu) Purbaya Yudhi mengajukan pagu anggaran Kementerian Keuangan (Kemenkeu) pada 2027 sebesar Rp 49,8 triliun. Anggaran tersebut dialokasikan untuk lima program. ""Pagu anggaran Kementerian Keuangan tahun anggaran 2027 diusulkan sebesar Rp 49.801.124.984.000,"" ujar Purbaya dalam rapat kerja Komisi XI DPR, Senin (7/9/2026). Dalam pelaksanaannya, Kemenkeu akan menjalankan lima program utama. Pertama, Program Kebijakan Fiskal, Sektor Keuangan, dan Ekonomi dengan anggaran sebesar Rp 78,86 miliar. Kedua, Pengelolaan Penerimaan Negara sebesar Rp 3,62 triliun. Ketiga, program Pengelolaan Belanja Negara sebesar Rp 23,78 miliar. Keempat, program Pengelolaan Perbendaharaan, Kekayaan Negara, dan Risiko sebesar Rp 267,58 miliar, serta program Dukungan Manajemen Rp 45,81 triliun. Kelima program tersebut dirancang untuk memperkuat peran Kemenkeu dalam mengawal delapan klaster Program Kerja Prioritas Nasional (PKPN), yaitu kedaulatan pangan, kemandirian energi dan air, pendidikan, kesehatan, penurunan kemiskinan, hilirisasi dan industrialisasi, infrastruktur, perumahan, dan ketahanan bencana, serta ekonomi kerakyatan dan desa. Pelaksanaan prioritas tersebut diperkuat dengan berbagai enabler, antara lain pertahanan dan keamanan, penegakan hukum, tata kelola, digitalisasi, dan diplomasi ekonomi. Pada program kebijakan fiskal, sektor keuangan, dan ekonomi, pihaknya akan memperkuat harmonisasi dan debottlenecking untuk mendukung akselerasi investasi dan transformasi ekonomi, termasuk hilirisasi industri strategis. Sementara itu, pengelolaan penerimaan negara diarahkan pada penguatan integrasi proses bisnis ekspor-impor dan logistik, peningkatan lifting migas, serta penguatan pengawasan dan kualitas layanan perpajakan. Dari sisi belanja negara, Kemenkeu akan memperkuat pengelolaan keuangan negara dan daerah, termasuk melalui modernisasi sistem penganggaran dan peningkatan kapasitas pengelolaan keuangan daerah. Adapun pada pengelolaan perbendaharaan, kekayaan negara, dan risiko, Kemenkeu akan mendukung kemandirian energi melalui penjaminan pemerintah, mempercepat investasi infrastruktur melalui pembiayaan kreatif, serta mengoptimalkan pengelolaan Barang Milik Negara (BMN). Transformasi digital dan penguatan proses bisnis juga menjadi bagian dari Rencana Kerja TA 2027 melalui Program Dukungan Manajemen. Agenda tersebut mencakup pengembangan Indonesia National Single Window, penguatan Coretax System, Smart Customs and Excise System, sistem penanganan tindak pidana perpajakan, serta digitalisasi proses bisnis melalui Office Automation Kemenkeu. Purbaya menegaskan berbagai program tersebut merupakan bagian dari upaya menjaga APBN agar tetap mampu menjalankan perannya sebagai instrumen pembangunan sekaligus pelindung perekonomian masyarakat. ""APBN harus terus dijaga tetap sehat, kredibel, dan berkelanjutan, agar mampu berfungsi secara optimal sebagai shock absorber, mendukung agenda pembangunan, dan instrumen untuk mewujudkan kesejahteraan masyarakat,"" tambah ia. Adapun hingga semester I-2026, pendapatan negara terealisasi sebesar Rp 1.459,4 triliun atau tumbuh 21,3% secara tahunan. Sementara belanja negara mencapai Rp 1.656,0 triliun atau tumbuh 18,2% . Dari sisi pembiayaan, realisasi mencapai Rp 452,0 triliun atau tumbuh 59,4% secara tahunan. ""Capaian kinerja Kementerian Keuangan tahun 2026 yang positif menjadi fondasi dalam penyusunan Rencana Kerja Tahun 2027. Perbaikan pengelolaan APBN akan terus dilakukan melalui reformasi sistem perpajakan dan bea cukai, percepatan belanja dengan fokus pada program yang memberikan multiplier effect bagi pertumbuhan dan kesejahteraan, serta menjaga defisit dan utang dalam batas aman,"" jelas Purbaya. Pada periode tersebut, pihaknya telah menyelesaikan 72,43% aduan debottlenecking, mencegah penyelundupan emas batangan sebesar 190,26 kilogram, serta mengimplementasikan kecerdasan artifisial dalam pengawasan under invoicing. Pada sektor pembiayaan, penyaluran pembiayaan Ultra Mikro (UMi) telah mencapai Rp 67,58 triliun. (acd/acd)";finance
48;"Menteri Pertanian (Mentan), Andi Amran Sulaiman memastikan produksi dan ketersediaan beras nasional tetap aman di tengah kondisi El Nino dan musim kemarau yang berlangsung lebih panjang. Pemerintah juga memperkuat pasokan beras ke pasar dengan menambah alokasi beras Stabilisasi Pasokan dan Harga Pangan (SPHP) medium sebanyak 1 juta ton. Kepastian tersebut disampaikan Mentan Amran usai menghadiri rapat koordinasi bersama Menteri Koordinator (Menko) Bidang Pangan, Zulkifli Hasan (Zulhas) dan sejumlah kementerian/lembaga terkait di Kantor Kemenko Pangan, Jakarta, Senin (7/9). ""Kesimpulan semuanya, aman, aman. Produksi dan kebutuhan pangan kita aman,"" ujar Amran dalam keterangannya, Senin (7/9/2026). Amran mengatakan pemerintah telah menyiapkan sejumlah langkah untuk memastikan pasokan beras tetap tersedia sekaligus menjaga harga di tingkat konsumen. Salah satunya dengan mempercepat penyaluran beras SPHP serta mendorong beras medium dan premium masuk ke jaringan ritel. ""Yang pertama, SPHP kita tambah dan beras medium juga premium dorong ke ritel-ritel. Yang kedua, beras pecah atau menir kita stop impornya. Yang ketiga, untuk menekan harga ini, operasi pasar besar-besaran. SPHP ditambah satu juta ton, kemudian bantuan pangan dipercepat,"" tegasnya. Menurut Amran, kebijakan tersebut merupakan langkah antisipasi pemerintah menghadapi periode musim kemarau yang berpotensi menekan produksi dan pasokan di pasar. Pemerintah tidak menunggu tekanan pasokan terjadi, tetapi mengambil langkah lebih awal dengan memperkuat distribusi beras kepada masyarakat. Dalam rapat tersebut, pemerintah memutuskan penambahan 1 juta ton beras SPHP medium untuk memperkuat ketersediaan beras di pasar. Beras tersebut akan disalurkan melalui berbagai saluran distribusi agar masyarakat dapat memperoleh beras dengan harga yang terjangkau. Sementara itu, Zulhas mengatakan penambahan tersebut merupakan keputusan pemerintah untuk memperkuat pasokan dan menjaga harga beras di pasar. ""Untuk merespons itu, maka kami baru saja rapat memutuskan: kita tambah suplainya untuk beras subsidi yang kita kenal dengan SPHP. SPHP medium. Kita tambah lagi tadi 1 juta,"" kata Zulhas. Karena itu, pemerintah menambah 1 juta ton SPHP medium yang akan disalurkan pada periode Oktober hingga Desember 2026 dan dilanjutkan hingga memasuki masa panen berikutnya. Beras SPHP tersebut ditujukan untuk menjaga pasokan sekaligus menekan kenaikan harga di pasar. Pemerintah Percepat Bantuan Pangan dan Operasi Pasar Amran juga menegaskan selain memperkuat pasokan beras, pemerintah juga mempercepat bantuan pangan dan melakukan operasi pasar secara besar-besaran. Langkah tersebut menjadi bagian dari strategi pemerintah menjaga stabilitas pangan sekaligus memastikan masyarakat tidak kesulitan memperoleh beras. ""Sudah didorong. Bulog kami minta percepat. Bulog minta percepat,"" tegas Amran saat ditanya mengenai pasokan beras premium di ritel modern. Di sisi lain, pemerintah juga memperkuat kebijakan hilirisasi beras dengan memanfaatkan stok beras Bulog yang mengalami penurunan mutu untuk kebutuhan industri tepung beras. Kebijakan tersebut sekaligus mendukung pengurangan ketergantungan terhadap impor beras pecah atau menir. Amran mengatakan pemerintah telah menghentikan impor beras pecah dan mengoptimalkan stok dalam negeri untuk kebutuhan tersebut. ""Beras yang diimpor itu 380 ribu ton, beras pecah, itu kita stop. Dari Bulog 380 ribu. Alhamdulillah, jadi kita tindak stop impor beras pecah, menir,"" ujarnya. Pemerintah juga memutuskan penyediaan SPHP jagung sebanyak 150 ribu ton untuk membantu peternak rakyat dan pelaku usaha kecil-menengah menghadapi tekanan pasokan jagung selama musim kemarau. Seluruh langkah tersebut menunjukkan pemerintah melakukan mitigasi secara terukur untuk menjaga pasokan pangan dari hulu hingga hilir. Di tengah tantangan El Nino, pemerintah memastikan produksi dalam negeri tetap berjalan, sementara distribusi dan intervensi pasar diperkuat untuk menjaga kebutuhan masyarakat. ""Operasi pasar besar-besaran. SPHP ditambah satu juta ton. Kemudian bantuan pangan dipercepat,"" pungkas Amran. (akn/ega)";finance
49;"Masyarakat Indonesia semakin banyak yang menggunakan layanan pinjaman daring atau pinjol. Otoritas Jasa Keuangan (OJK) mencatat total outstanding utang masyarakat Indonesia pada layanan Peer to Peer (P2P) Lending atau pinjaman online (pinjol) tercatat sudah mencapai Rp 105,63 triliun pada Juli 2026. Kepala Eksekutif Pengawas Lembaga Pembiayaan, Perusahaan Modal Ventura, Lembaga Keuangan Mikro dan Lembaga Jasa Keuangan Lainnya OJK, Agusman mengatakan jumlah tersebut tumbuh 24,76% secara tahunan (year-on-year/yoy). ""Pada industri pinjaman daring atau pindar, outstanding pembiayaan pada Juli 2026 tumbuh 24,76% year-on-year dengan nominal sebesar Rp 105,63 triliun,"" kata Agusman dalam konferensi pers RDKB Agustus secara online, Senin (7/9/2026). Agusman menjelaskan tingkat risiko kredit macet secara agregat atau TWP90 fintech P2P lending pada Juli 2026 berada di posisi 4,32%. Angka ini juga meningkat jika dibandingkan dengan bulan sebelumnya, yakni 4,26%. ""Tingkat risiko kredit macet secara agregat atau TWP90 tercatat di posisi 4,32%"" paparnya. Pada industri pergadaian, Agusman menyampaikan penyaluran pembiayaan pada Juli 2026 tumbuh sebesar 50,73% year-on-year menjadi Rp 160,78 triliun, dengan pembiayaan terbesar disalurkan dalam bentuk produk gadai yaitu sebesar Rp 136,39 triliun atau 84,83% dari total pembiayaan. OJK telah memberikan persetujuan peningkatan lingkup wilayah usaha menjadi nasional kepada dua perusahaan pergadaian, yaitu PT Pusat Gadai Indonesia dan PT Raja Gadai Indonesia. ""Dengan demikian, saat ini terdapat 5 perusahaan pergadaian dengan lingkup wilayah usaha nasional,"" katanya. (hrp/fdl)";finance
50;"Presiden Prabowo Subianto meminta semua pihak memberikan perhatian lebih pada kebakaran hutan dan lahan (karhutla) yang terjadi dekat Ibu Kota Nusantara (IKN), Kalimantan Timur. Dia meminta agar kebakaran tidak sampai ke kawasan inti pusat pemerintahan (KIPP) IKN. Orang nomor satu di Indonesia itu meminta agar pengerahan aset-aset segera dilakukan. ""Yang harus diperhatikan juga kebakaran yang dekat dengan IKN itu, harus diperhatikan, harus dikerahkan aset-aset lebih jangan sampai kebakaran itu sampai ke zona inti,"" beber Prabowo dalam Ratas Perkembangan Penanganan Bencana secara virtual, Senin (7/9/2026). Sebelumnya, karhutla terjadi di lahan perorangan hingga hanya berjarak sekitar 20 meter dari Kawasan Hutan dengan Tujuan Khusus (KHDTK) Samboja di Kutai Kartanegara (Kukar), Kalimantan Timur (Kaltim). Lahan itu diduga sengaja dibakar untuk pembukaan kebun sawit. Manajer KHDTK Samboja Nanang Riana mengatakan kebakaran terjadi di Sungai Merdeka RT 07, Kecamatan Samboja Barat, pada Selasa (1/9/2926). Informasi awal diterimanya dari warga sekitar pukul 15.00 Wita, yang melihat asap muncul dari salah satu kebun. ""Kemarin sekitar pukul 15.00, sudah ada informasi dari warga kepada saya bahwa ada asap di kebunnya Pak Sayuti. Saya kemudian menindaklanjuti dengan turun ke lapangan untuk mengecek benar atau tidak,"" ujar Nanang, dilansir detikKalimantan, Kamis (3/9/2026) yang lalu. Nanang kemudian mendatangi lokasi dan menemukan api tersebar di tiga titik. Salah satu titik kebakaran berada sangat dekat dengan batas KHDTK sehingga pihaknya langsung berkoordinasi untuk melakukan penanganan. ""Ternyata titik apinya banyak, tersebar di tiga titik. Salah satunya berada di lokasi yang berimpit dengan Kawasan Hutan Dengan Tujuan Khusus (KHDTK). Sehingga saya melakukan koordinasi dengan teman-teman PPI Jejak Pulang untuk penanggulangan kebakaran ini,"" jelasnya. Kecurigaan adanya unsur kesengajaan muncul setelah kondisi lahan diperiksa. Selain ditemukan ajir sawit atau penanda yang ditancapkan ke tanah, Nanang melihat material di lokasi telah dikumpulkan atau ditumpuk. Menurutnya, ini merupakan pola pembersihan lahan dengan cara dibakar. (hal/ara)";finance
51;"Otoritas Jasa Keuangan (OJK) mencatatkan kinerja pasar modal dalam negeri tumbuh positif sepanjang Agustus 2026 kemarin. Kondisi ini ditopang derasnya dana asing yang masuk ke pasar modal Indonesia. Kepala Eksekutif Pengawas Pasar Modal, Keuangan Derivatif, dan Bursa Karbon, OJK Hasan Fawzi, mengatakan Indeks Harga Saham Gabungan (IHSG) ditutup di level 6.525,48 pada akhir Agustus 2026, menguat 4,64% secara month-to-month (MtM). ""Adapun resiliensi dan likuiditas pasar modal domestik tetap manageable. Aliran modal masuk investor asing di pasar saham domestik juga berlanjut di bulan Agustus di mana tercatat net buy investor asing senilai Rp 1,19 triliun,"" ujar Hasan dalam konferensi pers RDKB Agustus secara online, Senin (7/9/2026). Likuiditas pasar saham juga menunjukkan perbaikan. Rata-rata bid-ask spread pada Agustus tercatat 1,17%, menyempit dari 1,33% pada bulan sebelumnya. Hasan menilai kondisi ini sejalan dengan arah pemulihan pergerakan pasar domestik. Aliran dana asing juga terlihat di pasar obligasi. Di mana minat investor asing terhadap instrumen Surat Berharga Negara (SBN) tetap positif dengan net buy sebesar Rp15,35 triliun sepanjang Agustus 2026. Indonesia Composite Bond Index (ICBI) juga menguat 2,23% secara bulanan ke level 410,04 pada akhir Agustus. ""Kinerja industri pengelolaan investasi tetap terjaga baik di bulan laporan. Nilai Aktiva Bersih (NAB) reksa dana tercatat sebesar Rp 652,88 triliun per 31 Agustus 2026 atau meningkat 0,05% month-to-month. Adapun investor reksa dana membukukan net redemption sebesar Rp 8,5 triliun secara month-to-month,"" ujarnya. OJK juga mencatat jumlah investor pasar modal terus bertambah. Sepanjang Agustus 2026, terdapat penambahan 1,07 juta investor. Dengan demikian, total jumlah investor pasar modal mencapai 31,14 juta hingga akhir Agustus 2026. Jumlah tersebut tumbuh 52,9% sejak awal tahun. ""Penambahan investor tercatat sebanyak 1,07 juta di bulan Agustus 2026 secara month-to-month, sehingga total jumlah investor telah mencapai angka 31,14 juta atau telah tumbuh sebanyak 52,9% secara year-to-date,"" ungkapnya. (hrp/fdl)";finance
52;"Badan Nasional Penanggulangan Bencana (BNPB) menemukan pohon sawit yang bermunculan di lahan-lahan bekas kebakaran hutan dan lahan (karhutla). Kepala BNPB Suharyanto melaporkan langsung hal ini kepada Presiden Prabowo Subianto. Laporan diungkapkan Suharyanto dalam Ratas Perkembangan Penanganan Bencana Alam secara virtual. Rapat disiarkan langsung Sekretariat Presiden, Senin (7/9/2026). ""Kalimantan Barat terlihat di gambar lokasi yang baru saja kebakar, belum selesai kebakarannya di tempat lain, lokasi itu sudah berubah jadi rencana penanaman pohon, pohon sawit,"" ujar Suharyanto. Prabowo kemudian menyoroti hal tersebut. Ia mempertanyakan karhutla disengaja oleh rakyat atau perusahaan. ""Saya tertarik juga ya itu yang apa, habis kebakaran langsung jadi lahan perkebunan dalam waktu yang sangat singkat. Jadi ini benar-benar kesengajaan dan apakah ini rakyat atau ini korporasi,"" tegas Prabowo bertanya-tanya. Dia meminta agar hal ini diselidiki secara serius. Bila memang ada perusahaan atau korporasi yang ikut terseret perkara ini, dia meminta langsung nama-namanya. ""Tapi tolong diselidiki terus, dan saya minta segera nama-nama korporasinya itu, sampaikan ke saya,"" ujar Prabowo. (hal/ara)";finance
53;"Menteri Koordinator Bidang Pangan Zulkifli Hasan atau Zulhas mengungkapkan beras Stabilisasi Pasokan dan Harga Pangan (SPHP) akan disalurkan dengan merek baru, 'Beras Kita' Medium. Kemasan baru ini akan diluncurkan pada 20 Oktober 2026 mendatang. Zulhas mengatakan, perubahan ini dilakukan bersamaan dengan penyegaran kemasan. Namun untuk identitas SPHP tidak sepenuhnya dihilangkan, melainkan tetap dicantumkan pada kemasan sebagai keterangan di bawah merek. ""Ini nanti akan di-launching kemasan baru sekarang. SPHP itu diganti namanya 'Beras Kita',"" kata Zulhas dalam konferensi pers di kantornya, Jakarta, Senin (7/9/2026). Selain beras SPHP, penamaan merek 'Beras Kita' juga akan digunakan dalam kemasan beras premium yang dipasarkan Bulog. ""Ini akan dilaunching tanggal 20 Oktober mendatang. Ada 'Beras Kita', ada 'Beras (Kita) Premium',"" sambungnya. Dalam kesempatan yang sama, Direktur Utama Perum Bulog, Ahmad Rizal Ramali, menjelaskan penggunaan nama 'Beras Kita' disesuaikan dengan pola penamaan produk pangan lain milik pemerintah, semisal 'Miyakita' dan 'Maniskita'. ""Kenapa harus menggunakan nama Beras Kita? Karena Beras Kita itu seperti yang produk-produk pemerintah semua menggunakan bahasa 'Kita'. 'Kita' itu adalah seperti Gula 'ManisKita', kemudian 'Minyakita',"" ungkap Ahmad Rizal Ramali. ""Arti 'Kita' itu adalah Keluarga Indonesia Sejahtera. Jadi Beras Kita adalah Beras Keluarga Indonesia Sejahtera Medium,"" sambungnya. Dalam kemasan baru, tulisan Beras Kita Medium menjadi identitas utama dengan dominasi warna putih dan biru. Bagian bawah kemasan menampilkan ilustrasi hamparan sawah, sedangkan logo Bulog, Badan Pangan Nasional, dan Kementerian Koordinator Bidang Pangan tetap tercantum di bagian atas. Sementara tulisan SPHP dibuat lebih kecil dan berada di bawah nama Beras Kita. Dengan begitu, program SPHP tetap menjadi identitas produk, tetapi nama yang ditonjolkan kepada konsumen adalah Beras Kita. Rizal juga menyinggung penyederhanaan merek beras premium seperti Befood dan Punakawan ke dalam merek terpadu 'Beras Kita Premium'. Meski begitu, menurutnya produk beras SPHP dan produk beras premium Bulog lainnya masih akan beredar sampai kemasan yang ada habis. ""Bukan hanya packaging-nya saja, namun isinya juga diperintahkan untuk ditingkatkan. Nah, ini kami sudah komitmen dengan seluruh jajaran untuk meningkatkan mutu dan pelayanan kepada masyarakat. Mungkin ini akan di-launching nanti tanggal 20 Oktober ya. 20 Oktober itu bersamaan dengan tahun masuk tahun ketiganya pemerintahan Bapak Presiden Prabowo Subianto,"" jelasnya. (igo/fdl)";finance
54;"KAI Commuter melakukan penyesuaian jadwal perjalanan Commuter Line mulai Senin, (7/9). VP Corporate Secretary KAI Commuter, Karina Amanda mengatakan, penyesuaian ini hanya bersifat sementara waktu. Menurut Karina, langkah ini dilakukan karena pihaknya menyesuaikan jumlah sarana yang dioperasikan. Saat ini KAI Commuter sedang melakukan perawatan rangkaian sarana KRL demi alasan keselamatan dan keamanan perjalanan. ""Saat ini kami melakukan proses perawatan rangkaian sarana KRL yang ada secara intensif, demi keselamatan dan keamanan perjalanan,"" ujar Karina dalam keterangan tertulis, Senin (7/9/2026). Lebih lanjut Karina menyampaikan hari ini terdapat 17 perjalanan Commuter Line yang dilakukan penyesuaiannya atau dibatalkan. Penyesuaian jadwal pemberangkatan dilakukan pada jadwal pagi hari, sore dan malam nanti. Dengan penyesuaian jadwal keberangkatan tersebut, KAI Commuter mulai hari ini mengoperasikan sebanyak 1.048 perjalanan Commuter Line di Seluruh lintas dari sebelumnya sebanyak 1.065 perjalanan setiap harinya. ""Kami mengimbau kepada para pengguna untuk dapat kembali menyesuaikan jadwal perjalanannya,"" ucap Karina. Ia juga menegaskan babwa KAI Commuter akan terus menginfokan secara berkala terkait jadwal dan operasional Commuter Line melalui pengumuman informasi di Stasiun, di atas kereta, aplikasi C-Access, maupun melalui kanal media sosial resmi KAI Commuter. Karina menuturkan bahwa pengelola Commuter Line harus melalukan perawatan tersebut demi mengoptimalkan layanan, di samping juga sebagai komitmen KAI Commuter atas keselamatan pengguna. ""Kami memahami pasti akan ada ketidaknyamanan pengguna Commuter Line selama proses perawatan ini. Kami mohon maaf atas ketidaknyamanan yang ditimbulkan,"" sebut Karina. (acd/acd)";finance
55;"Otoritas Jasa Keuangan (OJK) meminta perbankan melakukan penelusuran dan pemblokiran terhadap 38.375 rekening yang terindikasi digunakan untuk aktivitas perjudian daring atau judi online. Kepala Eksekutif Pengawas Perbankan OJK, Dian Ediana, mengatakan jumlah tersebut meningkat dari sebelumnya sebanyak 36.735 rekening. Upaya pemblokiran rekening berkaitan judol dilakukan lantaran aktivitas ini berdampak luas pada perekonomian bahkan sektor keuangan. Rekening tersebut dihimpun dari data yang telah disampaikan oleh Kementerian Komunikasi dan Digital (Komdigi). ""Terkait dengan pemberantasan perjudian daring yang berdampak luas pada aspek sosial dan ekonomi, OJK telah meminta perbankan untuk melakukan enhanced due diligence dan atau pemblokiran atas kurang lebih 38.375 rekening. Yang sebelumnya tercatat sebesar 36.735 rekening yang terindikasi melakukan aktivitas perjudian daring,"" ujar dalam konferensi pers RDKB Agustus secara online, Senin (7/9/2026). Selain melakukan pemblokiran dan enhanced due diligence (EDD), OJK memperluas penelusuran terhadap rekening-rekening yang memiliki kesesuaian dengan Nomor Induk Kependudukan (NIK) dari pihak yang terindikasi terlibat dalam aktivitas perjudian daring. Perbankan juga diminta melakukan penutupan rekening yang memiliki kesesuaian dengan NIK pihak-pihak yang terindikasi terkait judi online, serta menerapkan enhanced due diligence.. ""Meminta perbankan melakukan penutupan rekening yang memiliki kesesuaian dengan Nomor Identitas Kependudukan atau NIK dari masing-masing pihak yang terindikasi perjudian daring serta melakukan enhanced due diligence atau EDD,"" katanya. (hrp/fdl)";finance
56;"Presiden Prabowo Subianto geram ada perusahaan yang diduga ikut andil jadi biang kerok kebakaran hutan dan lahan (karhutla). Kejengkelannya itu diungkapkan dalam Rapat Terbatas soal Perkembangan Penanganan Bencana Alam siang ini. Mulanya, Prabowo bertanya soal apakah ada dugaan korporasi ikut jadi pemicu karhutla. Kapolri Listyo Sigit Prabowo mengamini hal tersebut, dia bilang sejauh ini ada 200 laporan polisi (LP) terkait karhutla, 8 di antaranya adalah LP yang melibatkan korporasi. Pihaknya sudah menetapkan 138 tersangka terkait kasus karhutla dari 200 LP yang ada, di antaranya 60 perusahaan yang dihukum berupa pembekuan izin dan pencabutan izin. Rincinya 18 perusahaan dibekukan izinnya dan 42 perusahaan dicabut izinnya. Pihaknya masih mendalami apakah 60 korporasi ini melakukan tindak pidana lanjutan. ""Kami juga sedang melakukan pendalaman, ada 18 perusahaan dan 42 perusahaan yang saat ini diberikan sanksi administrasi berupa pembekuan atau pencabutan izin, apakah mereka juga melakukan pidana,"" lapor Sigit kepada Prabowo, Senin (7/9/2/2026). Mendengar laporan tersebut, Prabowo pun geram. Dia meminta agar Satgas Penertiban Kawasan Hutan (PKH) ikut bergerak langsung untuk menegakkan aturan. Prabowo mengatakan izin-izin korporasi yang jadi biang kerok karhurla harus dicabut. Termasuk apabila memiliki hak guna usaha (HGU). ""Nanti akan saya minta mungkin Menteri Kehutanan, Menteri ATR, dan juga Satgas PKH untuk menilai, kalau perlu kita segera cabut semuanya tuh. Semua izin-izinnya kita cabut, ya, HGU-nya dan sebagainya,"" tegas Prabowo. Prabowo menilai perbuatan korporasi semacam ini sudah kelewatan. Dia pun meminta nama-nama korporasi tersebut. ""Ini sudah kelewatan, dan juga saya ingin tahu benar-benar korporasi itu milik siapa,"" tegas Prabowo. (hal/ara)";finance
57;"Otoritas Jasa Keuangan (OJK) memastikan kondisi sektor jasa keuangan masih tetap terjaga. Hal ini berdasarkan pada Rapat Dewan Komisioner Bulanan (RDKB) bulan Agustus 2026 kemarin. Ketua Dewan Komisioner OJK, Frederica Widyasari Dewi, memaparkan londisi jasa keuangan yang tetap terjaga tersebut didukung oleh pertumbuhan intermediasi yang dinilai masih kuat di tengah berbagai tekanan ekonomi global. ""Stabilitas sektor jasa keuangan terjaga dengan pertumbuhan intermediasi yang kuat,"" ujarnya dalam konferensi pers RDKB Agustus secara online, Senin (7/9/2026). Meski begitu, OJK menilai masih ada berbagai risiko global yang berpotensi memengaruhi perekonomian dan sektor keuangan. Salah satunya adalah risiko geopolitik di kawasan Timur Tengah yang masih tinggi seiring berlarutnya konflik di Iran dan masih tertutupnya Selat Hormuz. Kondisi gangguan jalur distribusi energi tersebut menyebabkan volatilitas harga minyak dan komoditas, sehingga tekanan inflasi global tetap tinggi. Tekanan inflasi juga diperberat oleh adanya El Nino yang berkepanjangan dan berdampak pada kekeringan serta kebakaran hutan di berbagai kawasan. Kemudian momentum pertumbuhan ekonomi global cenderung termoderasi. Hal ini tercermin dari mayoritas negara yang mencatatkan perlambatan pertumbuhan pada triwulan II 2026. Di Amerika Serikat, pertumbuhan ekonomi pun turun dan berada di bawah ekspektasi, disertai pasar tenaga kerja yang termoderasi dan inflasi yang tetap tinggi meski dalam tren yang menurun. Sementara di China, pertumbuhan PDB triwulan II 2026 melambat menjadi 4,3% year-on-year, dengan data terkini mengindikasikan pelemahan yang masih berlanjut baik pada sektor produksi maupun permintaan domestik. ""Di sisi domestik, pertumbuhan ekonomi triwulan II 2026 tercatat tetap kuat dengan tumbuh sebesar 5,29% year-on-year, didukung investasi dan belanja pemerintah. Konsumsi rumah tangga yang kuat juga masih menjadi penopang utama pertumbuhan. Inflasi Agustus 2026 tercatat sebesar 3,19% year-on-year, dan aktivitas manufaktur berada pada zona kontraksi di level PMI 49,8,"" katanya. ""Di sisi kebijakan, kami terus melanjutkan dan memperkuat implementasi agenda reformasi pasar modal Indonesia. Di antaranya melalui peningkatan tata kelola bursa melalui pengaturan demutualisasi dalam rancangan POJK tentang pemegang saham bursa efek, serta penyempurnaan kerangka enforcement di sektor pasar modal,"" sambungnya. (hrp/fdl)";finance
58;"PT Timah (Persero) Tbk mengerahkan Emergency Response Team (ERT) yang terdiri dari personel Fire Fighter bersama Grup MIND ID untuk membantu menangani kebakaran hutan dan lahan (karhutla) di wilayah Kalimantan Barat. Personel Fire Fighter PT Timah yang dikerahkan berasal dari sejumlah wilayah operasional perusahaan dan mereka merupakan personel yang memiliki kemampuan dalam penanganan kondisi darurat, khususnya kebakaran. Dalam menjalankan tugas, para personel Fire Fighter PT Timah dibekali dengan berbagai perlengkapan pemadaman dan alat pelindung diri untuk mendukung keselamatan personel ketika bekerja di tengah kondisi asap dan medan kebakaran. Pengerahan personel Fire Fighter ini merupakan bagian dari dukungan PT TIMAH bersama Grup MIND ID dalam membantu penanganan karhutla di Kalimantan Barat. Mobilisasi personel dilakukan dengan mengedepankan kesiapsiagaan, keselamatan, serta koordinasi dengan pihak terkait di lokasi kejadian. Direktur Utama PT TIMAH (Persero) Tbk, Restu Widiyantoro bersama Direktur Utama MIND ID Maroef Sjamsoeddin ikut memantau dan mengantarkan langsung tim yang akan melaksanakan tugas penanganan karhutla di Kalimantan. Direktur Utama MIND ID Maroef Sjamsoeddin menegaskan bahwa inisiatif kemanusiaan ini lahir dari komitmen untuk selalu hadir bersama masyarakat di masa-masa krisis. MIND ID memastikan program bantuan berjalan secara holistik, tidak berhenti di fase penanggulangan bencana tetapi hingga proses pemulihan ke depannya. ""Langkah ini merupakan bentuk kepedulian kami terhadap lingkungan dan masyarakat. Kehadiran relawan Grup MIND ID ini menjadi bagian dari upaya bersama untuk mempercepat pengendalian titik api sekaligus membantu mengurangi risiko kesehatan dan gangguan terhadap aktivitas yang dihadapi masyarakat,"" ujarnya dalam keterangan tertulis, dikutip Senin (7/9/2026). Corporate Secretary PT TIMAH (Persero) Tbk, Ruddy Nursalam mengatakan, sebanyak 15 personel Fire Fighter ditugaskan untuk membantu menangani kondisi karhutla di Kalimantan Barat. ""PT TIMAH bersama Grup MIND ID mengerahkan personel Fire Fighter untuk membantu penanganan karhutla di Kalimantan Barat. Personel yang ditugaskan merupakan tim yang telah memiliki kemampuan dalam penanganan kondisi darurat kebakaran dan siap mendukung upaya pemadaman di lapangan,"" ujarnya. Ia berharap seluruh personel dapat menjalankan tugas dengan penuh disiplin, menjaga kekompakan, serta mengutamakan keselamatan selama berada di lokasi penanganan karhutla. Kemampuan Emergency Response Team yang dimiliki PT TIMAH selama ini tidak hanya digunakan untuk merespons kondisi darurat di wilayah operasional perusahaan, tetapi juga dapat dikerahkan untuk mendukung penanganan bencana dan kondisi darurat yang membutuhkan sumber daya terlatih. Melalui sinergi bersama Grup MIND ID, PT TIMAH turut memperkuat upaya penanganan karhutla di Kalimantan Barat. Kehadiran para personel Fire Fighter diharapkan dapat membantu mempercepat penanganan kebakaran sekaligus mendukung upaya perlindungan terhadap masyarakat dan lingkungan di sekitar wilayah terdampak. (ara/ara)";finance
59;"Menteri Keuangan (Menkeu) Purbaya Yudhi Sadewa mengakui tidak akan memenuhi semua instansi yang meminta tambahan anggaran. Menurut Purbaya, jika semua K/L meminta tambahan anggaran, nominalnya bisa hampir mencapai Rp 1.000 triliun. ""Kalau minta semua, semua kan mintanya (total anggaran) sampai Rp 1.000 triliun waktu itu kan bilangnya. Kalau kita uangnya banyak kayak di surga ya, saya kasih semua,"" ujar Purbaya saat ditemui di Gedung DPR, Jakarta Pusat, Senin (7/9/2026). Seperti diketahui, rata-rata kementerian/lembaga ramai mengajukan tambahan anggaran untuk tahun depan ke DPR. Dalam rapat pembahasan postur sementara RAPBN 2027 antara pemerintah dan Badan Anggaran (Banggar), target belanja negara dinaikkan dari sebelumnya Rp 4.097,2 triliun menjadi Rp 4.106,3 triliun. Penambahan tersebut hanya terjadi pada pos anggaran belanja pemerintah pusat, dalam hal ini kementerian/lembaga. Purbaya mengatakan kenaikan tambahan Rp 9,1 triliun untuk belanja K/L bukan termasuk permintaan tambahan anggaran yang diajukan K/L. Purbaya menjelaskan pemerintah memilih untuk menggelontorkan anggaran pada program atau sektor mana yang memberikan dampak pada pertumbuhan perekonomian nasional. ""Ini kan ada keterbatasan. Itulah ekonomi. Kita selalu menghadapi scarcity. Jadi kita mesti pilih yang mana yang paling optimal buat perekonomian. Itu yang sedang kita lakukan,"" tambahnya. Selain belanja negara, pendapatan negara dan hibah juga dinaikkan sebesar Rp 9,1 triliun dari sebelumnya Rp 3.426 triliun menjadi Rp 3.435 triliun. Tambahan anggaran ini terjadi pada pos penerimaan perpajakan, yakni penerimaan pajak dan kepabeanan dan cukai yang masing-masing menjadi Rp 2.912 triliun dan Rp 2.593 triliun. Selain itu, pos penerimaan negara bukan pajak (PNBP) juga ikut naik Rp 5,1 triliun menjadi Rp 522, 5 triliun dari sebelumnya Rp 517,4 triliun. Terkait kenaikan target penerimaan pajak ini, khususnya PNBP, Wakil Menteri Keuangan (Wamenkeu) Suahasil Nazara mengatakan perhitungannya sudah termasuk pertimbangan pada harga komoditas dan nilai tukar mata uang. ""PNBP kan lihat juga harga, biasanya juga kurs. Jadi, ada harga komoditas, kurs, dan itu kalau peningkatan juga cukup bagus,"" katanya. (acd/acd)";finance
60;Jakarta - Sebaran abu vulkanik Gunung Anak Krakatau meningkatkan kebutuhan masker di Jakarta. Penjualan masker medis di Jalan Andara Raya disebut naik hingga 100 persen. Warga memilih masker yang dijual di Jalan Andara Raya, Pondok Labu, Jakarta, Senin (7/9/2026). Masker diburu warga sebagai antisipasi sebaran abu vulkanik. ANTARA FOTO/Sulthony Hasanuddin Sejumlah masker medis ditawarkan pedagang di Jalan Andara Raya, Pondok Labu, Jakarta. Pedagang menyebut penjualan meningkat hingga 100 persen akibat kebutuhan masyarakat. ANTARA FOTO/Sulthony Hasanuddin Meningkatnya sebaran abu vulkanik Gunung Anak Krakatau membuat masker semakin dibutuhkan. ANTARA FOTO/Sulthony Hasanuddin;finance
61;"Kementerian Perhubungan (Kemenhub) menyiapkan sejumlah bandara alternatif sebagai antisipasi dampak sebaran abu vulkanik Gunung Anak Krakatau di Provinsi Banten. Hingga Senin (7/9), sejumlah maskapai juga mulai mengalihkan penerbangan maupun pendaratan di bandara-bandara alternatif. ""Saat ini dan sejak kemarin Garuda Indonesia sudah melakukan pendaratan di Bandara Kertajati (Majalengka, Jawa Barat). Hari ini rencananya akan dilakukan juga pendaratan di Kertajati untuk penerbangan dari Jeddah dan Amsterdam,"" ujar Menteri Perhubungan Dudy Purwagandhi dalam keterangan tertulis, Senin (7/9/2026). Dudy menyebutkan, Bandara Kertajati merupakan salah satu bandara alternatif yang disiapkan untuk mengantisipasi penutupan operasional sejumlah bandara akibat sebaran abu vulkanik Gunung Anak Krakatau di Provinsi Banten. Hingga Senin sebanyak 4 penerbangan Garuda Indonesia telah memanfaatkan bandara Kertajati sebagai alternatif dari Bandara Soekarno-Hatta. Adapun bandara alternatif lain di antaranya Bandara Internasional Yogyakarta, Bandara Juanda di Provinsi Jawa Timur, Bandara Adi Soemarmo dan Bandara Jenderal Ahmad Yani di Provinsi Jawa Tengah. ""Singapore Airlines juga akan melakukan pendaratan dengan mengganti pesawatnya yang semula menggunakan Boeing 737-800, akan diganti dengan Airbus A350 di mana bisa menampung lebih banyak penumpang. Masyarakat yang terbang dari Singapura bisa kembali melalui Surabaya. Kemudian Singapore Airlines juga akan memproses penerbangan ke Yogyakarta sebagai bandara alternatif,"" lanjut Dudy. Dudy terus mendorong maskapai, terutama maskapai luar negeri menggunakan pesawat besar dan bandara alternatif yang telah disediakan, sehingga penumpang yang terjebak di luar negeri bisa segera kembali ke dalam negeri melalui bandara alternatif. Sementara itu, berdasarkan uji paper test sejumlah bandara terdampak, Dudy menyebut bandara Atung Bungsu di Pagar Alam, Sumatera Selatan telah menunjukkan hasil negatif dari paparan abu vulkanik. Dengan demikian bandara tersebut dinyatakan kembali dibuka dan beroperasi normal. Sementara tujuh bandara lain masih dilakukan penutupan, yakni Bandara Soekarno-Hatta, Banten, Bandara Radin Inten II, Lampung, Bandara Budiarto, Banten, Bandara Halim Perdanakusuma, Jakarta, Bandara Pondok Cabe, Banten, Bandara Muhammad Taufiq Kiemas, Lampung, Bandara Husein Sastranegara, Jawa Barat. (acd/acd)";finance
62;"Dampak letusan Gunung Anak Krakatau (GAK) yang dimulai sejak Jumat (4/9) malam, akan terus dirasakan oleh dunia penerbangan Indonesia. Berdasarkan informasi terbaru yang disampaikan oleh Kementerian Perhubungan, penutupan sejumlah bandara akibat erupsi ini akan diperpanjang hingga Senin (7/9) pukul 18.00 WIB. Bandara-bandara yang ditutup antara lain Soekarno-Hatta (CGK), Radin Inten II Lampung (TKG), Halim Perdanakusuma (HLP), Husein Sastranegara Bandung (BDO), Budiarto Curug (RTO), Pondok Cabe (PCB), serta Bandara M. Taufik Kiemas (TFY). penutupan ketujuh bandara ini dilakukan sebagai bentuk mitigasi dari ancaman abu vulkanik yang dapat mengganggu mesin, sistem pesawat, hingga jarak pandang pilot. Langkah cepat yang dilakukan pemerintah patut diapresiasi. Meski demikian, dampak yang ditimbulkan akibat penutupan ini juga perlu segera ditangani. Seperti diketahui, empat dari tujuh bandara yang ditutup merupakan bandara komersial dengan layanan penerbangan tak hanya dalam negeri tetapi juga luar negeri. Mengutip data InJourney yang diambil dari detikFinance, setidaknya ada 2.300 penerbangan dan 268.539 penumpang terdampak sejak awal penutupan pada Sabtu (5 September 2026) hingga Senin (7 September 2026) pukul 09.00 WIB. dari angka tersebut, Bandara Soekarno-Hatta Tangerang Banten menyumbang angka 1.320 penerbangan dan 173.474 penumpang terdampak. Menanggapi efek penutupan bandara tersebut, Menko Bidang Infrastruktur dan Pembangunan Kewilayahan Agus Harimurti Yudhoyono (AHY) mendorong Kementerian Perhubungan untuk menyiapkan bandara alternatif. Adapun beberapa bandara yang ditunjuk antara lain Bandara Internasional Jawa Barat (BIJB) Kertajati di Majalengka, Bandara Ahmad Yani Semarang, Bandara Yogyakarta, serta Bandara Juanda Surabaya. Lalu sejauh mana bandara-bandara ini dapat menampung limpahan jumlah penerbangan yang sempat tertunda? Berdasarkan kondisi ini, sejauh mana ketahanan sistem penerbangan di Indonesia terhadap berbagai ancaman khususnya bencana alam? Simak ulasannya dalam detikSore bersama Pakar Aviasi, Alvin Lie. detikSore juga akan melihat langsung kondisi terkini di sejumlah bandara terdampak erupsi Gunung Anak Krakatau. Di sana, Jurnalis detikcom akan menyampaikan langsung laporan pandangan mata terkait penundaan sejumlah penerbangan dari atau menuju bandara Radin Inten Lampung dan Soekarno-Hatta, tangerang, Banten. Semudah apa para penumpang memperoleh hak-hak mereka? Simak laporannya dalam detikSore! Jelang petang nanti, detikSore akan menghadirkan Dani Arwanto. Inisiator Kelompok Tani Cemara di Jakarta utara. Kepada detikSore, dia akan menceritakan bagaimana usahanya mengubah ladang kumuh menjadi 'surga' bagi tanaman-tanaman hijau. Apa saja hasil yang diperoleh penerima anugerah Kalpataru 2023 di kategori Perintis Lingkungan itu? Simak kisahnya dalam Sunsetlak detikSore! Ikuti terus ulasan mendalam berita-berita hangat detikcom dalam sehari yang disiarkan secara langsung langsung (live streaming) pada Senin-Jumat, pukul 15.30-18.00 WIB, di 20.detik.com dan TikTok detikcom. Sampaikan komentar Anda melalui kolom live chat yang tersedia. ""Detik Sore, Nggak Cuma Hore-hore!"" (vys/gub)";finance
63;"Menteri Pertanian (Mentan) Andi Amran Sulaiman mengakui efisiensi biaya dan ongkos produksi beras Indonesia masih kalah dibandingkan negara tetangga seperti Vietnam dan Thailand. Menurut Amran besarnya alokasi subsidi pertanian yang dikucurkan pemerintah Thailand dan Vietnam menjadi pembeda utama ketimpangan biaya produksi beras domestik dengan negara tersebut. Hal ini disampaikan Amran menanggapi pernyataan Menteri Koordinator Bidang Perekonomian Zulkifli Hasan (Zulhas) yang menyebut biaya produksi beras petani lokal tiga kali lebih mahal dari dua negara tetangga itu. ""Pernyataan Pak Menko itu benar. Di sana subsidinya besar. Saya mempelajari bahkan di Arkansas, Amerika, hingga China subsidinya itu mencapai 70-80%"" kata Amran saat ditemui di kantor Kemenko Pangan, Jakarta Pusat, Senin (7/9/2026). Menurutnya secara umum biaya produksi beras di Indonesia masih sama dengan Thailand dan Vietnam. Hanya saja pemerintah tidak mengucurkan subsidi sektor pertanian sebesar negara-negara tetangga. ""Sebenarnya sama saja kalau dibandingkan, tapi subsidi kita kan kecil banget dibanding negara lain,"" ujarnya. Saat ditanya apakah pemerintah akan meningkatkan subsidi sektor pertanian untuk meningkatkan daya saing nasional, Amran menilai tingkat subsidi yang ada saat ini sudah cukup. Terlebih di tengah keterbatasan anggaran. Menurutnya Kementan lebih berfokus memaksimalkan dorongan teknologi, efisiensi rantai pasok, serta mekanisasi pertanian guna menggenjot produktivitas dan pendapatan petani. ""Cukuplah dulu. Ini kan APBN juga,"" tandasnya. (fdl/fdl)";finance
64;"Presiden Prabowo Subianto mengungkapkan pemerintah akan meningkatkan anggaran mitigasi bencana. Hal ini diungkapkan olehnya dalam Ratas Perkembangan Penanganan Bencana Alam secara virtual di Istana Merdeka. Mulanya saat memberikan sambutan dalam rapat, Prabowo memaparkan Indonesia mengalami sederet bencana alam belakangan ini. Mulai dari gempa di Flores hingga sekarang ada aktivitas erupsi Gunung Anak Krakatau. Di sisi lain, kebakaran hutan dan lahan juga menjadi salah satu masalah yang perlu ditangani. Menurutnya hal ini menjadi takdir Indonesia yang hidup di lingkaran api. Maka dari itu, antisipasi bencana harus menjadi hal yang penting. ""Ini adalah takdir kita, negara yang berada di lingkaran api, the ring of fire. Jadi, ini membawa kita untuk kita harus siap menghadapi keadaan seperti ini setiap saat,"" kata Prabowo dalam rapat yang disiarkan virtual, Senin (7/9/2026). Menurutnya, ini juga menjadi pelajaran bagi Indonesia, Indonesia harus meningkatkan mitigasi bencana dengan meningkatkan anggaran. ""Pelajaran juga bagi kita, bagi pemerintah yang saya pimpin, alokasi anggaran untuk mitigasi bencana harus kita tambah secara signifikan. Saya kira dalam menghadapi keadaan ke depan kita akan lebih mampu,"" lanjut Prabowo. (hal/ara)";finance
65;"Pemerintah akan melelang sebagai stok beras cadangan pemerintah (CBP) yang sudah mengalami penurunan mutu akibat penyimpanan jangka panjang. Rencananya sebanyak 380.000 ton beras akan dilelang secara terbuka untuk difungsikan sebagai bahan baku tepung beras nasional. Menteri Koordinator Bidang Pangan, Zulkifli Hasan alias Zulhas mengatakan lelang ini diperuntukkan bagi pengusaha pengolahan tepung beras dengan menetapkan harga batas bawah. ""Kebutuhan tepung itu sebetulnya dari beras pecah. Nah, karena kita dua tahun, stok kita ini kan paling tinggi ya. Belum pernah Bulog punya stok setinggi ini. Tahun lalu lima juta lebih, tahun ini lima juta lebih. Tentu ada yang karena sudah dua tahun, tentu ada yang kurang mutu. Nah, yang kurang mutu itu kira-kira 300.000, ini kita tadi boleh dilelang,"" jelas Zulhas dalam konferensi pers di kantornya, Jakarta Pusat, Senin (7/9/2026). Lebih lanjut, Zulhas mengatakan beras yang sudah turun mutu ini akan dilelang dengan harga minimal Rp 11.000 per kilogram. Menurutnya harga tersebut masih lebih murah dari harga beras SPHP medium. ""Minimal harganya Rp11.000. Dilelang, sudah kita putuskan ya. Dilelang tapi minimal Rp 11.000. SPHP kan Rp 12.000, jadi beda Rp 1.000 saja. Eh boleh dilelang Rp 11.000, itu yang mutunya turun. Itu nanti bisa dibeli oleh pabrik-pabrik tepung itu, pengusaha tepung itu untuk di, jadi tepung sehingga harga tepung yang naik juga bisa turun,"" ujarnya. Direktur Utama Perum Bulog, Ahmad Rizal Ramali, memaparkan mekanis lelang resmi akan dilakukan melalui Kantor Pelayanan Kekayaan Negara dan Lelang (KPKNL) di bawah naungan Kementerian Keuangan (Kemenkeu). ""Disepakati bahwa akan diberikan kebijakan hilirisasi beras yaitu menjadi tepung beras, jadi 380.000 ton dengan skema nanti dilelang di KPKNL. Di KPKNL dengan harga minimal Rp 11.000 yang dilepas dari pemerintah,"" terang Ahmad. Selain memberdayakan beras yang kurang mutu, ia mengatakan melalui proses lelang ini pemerintah bisa menghentikan impor beras pecah khusus industri tepung yang sudah berlangsung sejak tahun lalu. ""Bahan tepung beras yang biasanya itu impor dari luar negeri, alhamdulillah di saat ini sudah tidak ada impor lagi beras pecah dan lain sebagainya, maka dengan stok Bulog yang banyak dan adanya beras-beras Bulog yang turun mutu, di mana ketentuan dari tepung beras itu usia simpannya minimal di atas 10 bulan,"" tambahnya. (igo/fdl)";finance
66;"PT Telkom Indonesia (Persero) Tbk. (TLKM) berkomitmen untuk membagikan dividen yang menjadi hak investor atau para pemegang saham tahun 2026. Besaran dividen yang diberikan akan mengacu pada kinerja Perseroan. Direktur Keuangan & Manajemen Risiko Telkom Indonesia, Arthur Angelo Syailendra, mengatakan perseroan memproyeksikan dividend payout ratio (DPR) berada di kisaran 60-90% dari laba bersih. Meski begitu, besaran dividen ini harus mendapatkan persetujuan dalam rapat umum pemegang saham (RUPS). ""Telkom akan tetap fokus pada dividen tunai yang dibagikan setelah akhir tahun buku berjalan, bagaimana keputusannya pada RUPS tahun buku tersebut,"" ujarnya dalam konferensi pers secara virtual, Senin (7/9/2026). ""Per-assumption dari total dividen yang akan dibagikan berdasarkan dividen payout ratio sebesar 60-90% dari labah bersih,"" sambungnya. Arthur menjelaskan bahwa Telkom juga akan menyeimbangkan pertumbuhan dividen per share dengan kebutuhan ekspansi dan investasi Telkom, kinerja perusahaan, kondisi pasar serta aspirasi para pemegang saham. ""Di samping itu, Telkom juga akan menyeimbangkan pertumbuhan dividen per share dengan kebutuhan ekspansi dan investasi Telkom kinerja perusahaan, kondisi pasar, serta aspirasi para pemegang saham,"" katanya. (hrp/fdl)";finance
67;"Skema tadpole dengan angsuran yang lebih besar di awal periode pinjaman daring (pindar) dinilai bisa merugikan peminjam. Hal ini dinilai tidak sejalan dengan prinsip perlindungan konsumen, karena masyarakat yang mengakses pinjaman justru berada dalam kondisi membutuhkan dana. Anggota Komisi XI DPR RI Harris Turino menyoroti pola pembayaran dalam skema Tadpole yang membuat kewajiban peminjam sangat besar pada awal masa pinjaman, kemudian semakin kecil pada periode berikutnya. Menurut Harris, kemudahan akses pinjaman online harus diikuti dengan tanggung jawab penyelenggara dan regulator untuk memastikan produk pinjaman ditawarkan secara transparan, adil, dan tidak mengeksploitasi masyarakat yang sedang membutuhkan uang. ""Jadi, skema Tadpole itu adalah kewajibannya dari pinjaman itu di awal dibebankan besar sekali, baru kemudian di belakangnya kecil. Saya melihat persoalan ini bukan semata-mata soal pinjaman online saja, tetapi persoalan ini adalah persoalan perlindungan konsumen dan integritas dari industri jasa keuangan,"" tegas Harris dalam keterangannya, Senin (7/9/2026). Direktur Ekonomi Digital Center of Economic and Law Studies (Celios) Nailul Huda menilai skema Tadpole tidak adil bagi peminjam karena masyarakat yang mengajukan pinjaman pada dasarnya membutuhkan dana karena tidak memiliki uang yang cukup pada saat tersebut. Ketika peminjam justru diwajibkan membayar cicilan dalam jumlah besar pada awal periode, manfaat dana yang diperoleh menjadi relatif lebih kecil. ""Skema Tadpole sudah dibatasi oleh OJK karena memang tidak fair terhadap borrower. Borrower ketika meminjam ya sudah pasti karena tidak mempunyai uang di awal. Ketika harus membayar lebih besar di awal, maka yang didapatkan akan relatif lebih sedikit. Bagi konsumen itu tentu sangat memberatkan ketika dibebankan di awal. Pinjaman daring seharusnya memberikan skema yang adil bagi konsumen,"" ujar Nailul. Nailul menjelaskan, skema Tadpole sebenarnya digunakan penyelenggara untuk mengurangi risiko gagal bayar pada akhir periode pinjaman. Dengan membebankan cicilan lebih besar di awal, perusahaan dapat memastikan sebagian besar kewajiban peminjam telah dibayarkan sebelum memasuki masa akhir pinjaman. Sebagai gambaran, peminjam mengambil pinjaman dengan pokok utang Rp 1 juta dan bunga Rp 300 ribu. Dengan demikian, total kewajiban yang harus dibayarkan mencapai Rp 1,3 juta. Dalam skema Tadpole dengan tiga kali pembayaran, cicilan dapat dibuat tidak sama, yakni Rp 700 ribu pada cicilan pertama, Rp 400 ribu pada cicilan kedua, dan Rp200 ribu pada cicilan ketiga. Dengan pola tersebut, pokok utang sudah tertutupi pada pembayaran awal. Bagi perusahaan, mekanisme ini dapat mengurangi risiko kerugian apabila peminjam mengalami gagal bayar pada akhir periode. Namun, dari sisi peminjam, pola tersebut membuat beban pembayaran jauh lebih berat pada awal masa pinjaman. Nailul menilai, jika konsumen memang memiliki kemampuan untuk membayar lebih besar di awal, hal tersebut seharusnya menjadi pilihan, bukan kewajiban. Konsumen dapat diberikan opsi untuk melakukan pembayaran lebih besar atau menempatkan dana sebagai deposit yang dapat digunakan ketika dibutuhkan. Dengan mekanisme tersebut, konsumen tetap memiliki fleksibilitas menggunakan dananya dan tidak otomatis terbebani pembayaran besar pada awal masa pinjaman. Industri Diminta Perbaiki Credit Scoring Nailul menilai industri pindar tidak akan mengalami persoalan apabila skema Tadpole tidak lagi digunakan. Penyelenggara masih dapat menerapkan skema cicilan biasa yang membagi kewajiban pembayaran secara lebih merata setiap periode. Menurutnya, penghentian skema Tadpole justru dapat mendorong platform memperbaiki sistem penilaian kelayakan kredit atau credit scoring agar lebih prudent. ""Jika skema Tadpole tidak dipakai, industri pindar kan tidak ada masalah juga dengan skema biasa. Justru saya pribadi melihat ada tekanan ke platform untuk membuat sistem credit scoring yang lebih prudent,"" katanya. Selama ini, kata Nailul, platform menganggap skema Tadpole dapat digunakan untuk mengantisipasi tingginya risiko gagal bayar. Padahal, penerapan skema tersebut membuat peminjam harus menghadapi beban pembayaran yang tinggi sejak awal. ""Selama ini kan platform beranggapan untuk menghindari gagal bayar tinggi, maka Tadpole, justru Tadpole ini bisa membuat borrower harus membayar tinggi di awal,"" ujarnya. Selain pola pembayaran, Nailul menekankan pentingnya transparansi mengenai bunga dan biaya pinjaman. Setiap perhitungan bunga dan biaya lainnya harus disampaikan secara terbuka kepada konsumen. Ia juga mengingatkan agar tidak terdapat biaya tersembunyi (hidden cost) dalam skema pinjaman yang ditawarkan kepada masyarakat. Penyelenggara wajib menjalankan layanan sesuai dengan ketentuan yang berlaku, termasuk batasan bunga yang ditetapkan regulator. AFPI Diminta Sejalan dengan Regulator Nailul juga mengharapkan AFPI sebagai asosiasi industri pindar memiliki sikap yang searah dengan regulator dalam penerapan skema pinjaman daring. Menurutnya, AFPI tidak seharusnya mengambil kebijakan yang melampaui ketentuan regulator. Di sisi lain, kepentingan konsumen tetap harus menjadi perhatian dalam setiap skema pembiayaan yang ditawarkan. ""AFPI harus searah dengan regulator. AFPI tentu tidak boleh bertindak melebihi regulator. Namun demikian, konsumen harusnya diberikan informasi yang jelas, kemudian diberikan hak untuk memilih melanjutkan atau tidak dengan skema tersebut,"" kata Nailul. Dengan transparansi informasi dan pilihan yang jelas bagi konsumen, peminjam diharapkan dapat memahami konsekuensi finansial sebelum menyetujui pinjaman. Hal ini sekaligus menjadi bagian penting dalam menjaga perlindungan konsumen dan kepercayaan terhadap industri pinjaman daring.";finance
68;"PT Daya Intiguna Yasa Tbk (Perseroan atau MR.D.I.Y. Indonesia, IDX: MDIY) resmi membuka toko ke-1.400 di Indonesia. Pencapaian ini semakin mengukuhkan posisi MR.D.I.Y. Indonesia sebagai peritel perlengkapan rumah tangga terbesar di Tanah Air. Pembukaan toko ke-1.400 ini bertepatan dengan semangat perayaan Hari Pelanggan Nasional yang jatuh pada 4 September. Kehadiran MR.D.I.Y. Indonesia di 1.400 lokasi ini sejalan dengan komitmen Perseroan untuk terus hadir semakin dekat dengan pelanggan di seluruh Nusantara. Direktur Utama MR.D.I.Y. Indonesia, Edwin Cheah mengatakan perseroan mengutamakan pendekatan customer-centric dan menjadikan kebutuhan pelanggan sebagai kompas dalam menjalankan strategi pertumbuhan. ""Sebagai Perseroan yang mengutamakan pendekatan customer-centric, kami menjadikan kebutuhan pelanggan sebagai kompas dalam menjalankan strategi pertumbuhan. Hari Pelanggan Nasional menjadi momentum yang tepat untuk terus membuktikan pelanggan senantiasa menjadi pusat dari setiap langkah pertumbuhan MR.D.I.Y. Indonesia,"" ujar Edwin dalam keterangan tertulis, Kamis (3/9/2026). Prinsip customer-centric tersebut tidak hanya diwujudkan melalui pelayanan di dalam toko, tetapi juga menjadi landasan dalam memperluas jaringan. Kehadiran di 1.400 lokasi merefleksikan komitmen Perseroan untuk terus bertumbuh bersama pelanggan serta menghadirkan produk yang hemat dan lengkap semakin dekat bagi keluarga di seluruh Indonesia. Pencapaian 1.400 toko sekaligus menegaskan konsistensi Perseroan dalam menjalankan rencana ekspansi 2026 sesuai target. Tahun ini, Perseroan menargetkan pembukaan paling tidak 270 toko baru. Hingga Agustus 2026, jaringan MR.D.I.Y. Indonesia telah membuka 177 toko baru dan menjangkau 445 dari 514 kota dan kabupaten di 37 dari 38 provinsi. Ekspansi ini termasuk di area tier 3 seperti Kabupaten Sorong Selatan dan Kabupaten Buton Tengah. Sepanjang Juli dan Agustus 2026, total sebanyak 27 toko yang dibuka berada di luar Pulau Jawa. Sejumlah toko baru bahkan mencatatkan penjualan jauh di atas target awal pada bulan pertama operasional, menunjukkan kuatnya keandalan MR.D.I.Y. Indonesia bagi pelanggan Indonesia. Dari keseluruhan jaringan perseroan tersebut, 80% merupakan toko yang berdiri sendiri (standalone stores), sementara sisanya berada di pusat perbelanjaan (mall-based stores). Melalui jaringan yang semakin luas, MR.D.I.Y. Indonesia memberikan akses kepada lebih banyak pelanggan terhadap sekitar 18.000 pilihan produk kebutuhan sehari-hari dengan komitmen Hemat, Lengkap, Dekat. Guna menyemarakkan Hari Pelanggan Nasional, perseroan turut menghadirkan program kurasi produk spesial paling menguntungkan dengan harga yang lebih hemat hingga 52%. Lebih dari 800 produk dipilih berdasarkan berbagai kebutuhan dan persona pelanggan, termasuk kebutuhan merapikan dan menata rumah, kebutuhan sekolah dan kreativitas, kebutuhan olahraga, hobi dan game, kebutuhan perkakas dan liburan, serta kebutuhan fesyen dan pernak-pernik. Kurasi tersebut memudahkan pelanggan menemukan produk yang sesuai dengan kebutuhan sehari-hari, dengan tetap mengedepankan prinsip hemat dan value for money. ""MR.D.I.Y. Indonesia menjadikan kebutuhan pelanggan sebagai pertimbangan utama dalam menentukan kurasi produk dan mengembangkan pengalaman berbelanja. Kami terus memperdalam analisis terhadap pola pembelian, tingkat perputaran produk, dan perubahan permintaan untuk memahami kebutuhan pelanggan di berbagai wilayah,"" jelas Edwin. Selain menjaga relevansi pilihan produk, MR.D.I.Y. Indonesia terus berinvestasi dalam pelatihan dan pengembangan kompetensi karyawan, termasuk pemahaman produk dan keterampilan interpersonal. Investasi ini bertujuan mempertahankan standar pelayanan yang konsisten di seluruh 1.400 toko. ""Ke depan, MR.D.I.Y. Indonesia akan terus hadir lebih dekat bagi keluarga Indonesia, dengan komitmen menghadirkan produk yang hemat dan lengkap di setiap toko baru,"" pungkas Edwin. (anl/ega)";finance
69;"Direktur Utama PT Telkom Indonesia (Persero) Tbk. (TLKM) Dian Siswarini buka suara soal rencana konsolidasi aset fiber milik sejumlah BUMN ke bawah naungan Telkom. Salah satu yang sebelumnya disebut ialah aset fiber milik PT PLN (Persero) yakni PLN Icon Plus. Rencana konsolidasi itu merupakan arahan dari Danantara untuk setiap bisnis yang dijalankan BUMN fokus terhadap bisnis intinya. Dian menyampaikan saat ini rencana konsolidasi aset fiber tersebut masih dalam tahap kajian dan pembahasan bersama para pemangku kepentingan terkait. ""Terkait rencana konsolidasi aset fiber BUMN, kami memandang bahwa inisiatif tersebut merupakan bagian dari upaya mendorong BUMN untuk lebih di fokus pada core business serta meningkatkan efisiensi dan juga pemanfaatan aset sebagaimana arah kebijaksanaan strategis BUMN. Saat ini, rencana tersebut masih dalam tahap kajian dan pembahasan bersama para pemangku kepentingan terkait,"" ujar Dian dalam konferensi pers secara virtual, Senin (7/9/2026). Dian menyampaikan, dalam pembahasan dengan pemangkuan kepentingan tersebut mencakup aspek strategis, aspek bisnis, aspek operasional, maupun tata kelola. ""Untuk memastikan skema konsolidasi yang tepat bagi semua pihak,"" katanya. Meski begitu, Dian belum dapat mengungkapkan entitas maupun aset fiber BUMN mana saja yang akan dikonsolidasikan ke Telkom. ""Karena itu, terkait entitas maupun aset yang akan dikonsolidasikan belum kami dapat disclose atau sampaikan pada saat ini,"" terangnya. Sebelumnya, Telkom diminta Danantara untuk konsolidasi aset fiber seluruh BUMN. Hal ini disampaikan Direktur Utama Telkom, Dian Siswarini di kantor Telkom, Jakarta, Rabu (11/3/2026) malam. Langkah ini kata Dian adalah bagian dari strategi TLKM 30 untuk memperkuat tata kelola perusahaan dan fundamental bisnis di tahun 2026. ""Ada arahan Danantara, ada kajian supaya aset fiber di BUMN lain dikonsolidasikan,"" kata Dian. Ketika ditanya apakah aset fiber BUMN lain itu adalah PLN, Dian membenarkan. ""Ada dua, satunya itu (PLN) dan ada satu lagi,"" imbuhnya. Dian juga menjelaskan terkait dengan strategi TLKM 30 ini, Infranexia masih dengan rencana unlocking value. Caranya adalah dengan menggandeng investor, bisa dari dalam maupun dari luar negeri. Rencana ini kemungkinan baru akan dieksekusi tahun 2027. ""Mencari partner tahun ini bukan menjadi fokus, mungkin tahun depan. Sekarang fokus tahun ini bagaimana Infranexia bisa menjadi perusahaan FiberCo yang mumpuni,"" jelas Dian. (hrp/fdl)";finance
70;"AirNav Indonesia menerbitkan dua surat peringatan terkait perkembangan aktivitas vulkanik Gunung Anak Krakatau dan Gunung Ibu. ASHTAM VAWR3760 dirilis pada 7 September 2026 pukul 09.10 WIB terkait perkembangan aktivitas vulkanik Gunung Anak Krakatau di Selat Sunda dan ASHTAM VAWR9818 pada pukul 08.20 WIB terkait aktivitas vulkanik Gunung Ibu di Kabupaten Halmahera Barat, Maluku Utara. Untuk Gunung Anak Krakatau, ASHTAM VAWR3760 menetapkan status peringatan Merah dengan sebaran abu vulkanik teridentifikasi hingga Flight Level 500 (FL500) atau sekitar 50.000 kaki dan bergerak ke arah barat daya dengan kecepatan 15 knot (sekitar 28 km/jam). Kemudian sebaran abu vulkanik pada ketinggian hingga Flight Level 150 (FL150) atau sekitar 15.000 kaki, bergerak ke arah barat dengan kecepatan 15 knot. ASHTAM juga menyebutkan adanya abu vulkanik pada ketinggian tinggi yang telah terpisah dari sumber gunung berapi dan bergerak ke arah barat daya, yang diperkirakan akan menipis atau menghilang dalam waktu 12-18 jam. Sementara itu, emisi abu vulkanik secara terus-menerus hingga FL150 bergerak ke arah barat. ""Kondisi tersebut berada dalam Flight Information Region (FIR) Jakarta atau wilayah informasi penerbangan Jakarta. Untuk bandara terdampak (affected aerodrome) maupun rute pelayanan lalu lintas penerbangan terdampak (affected ATS routes) menjadi prioritas perhatian dalam pengelolaan ruang udara yang dilakukan Airnav Indonesia,"" tulis AirNav dalam keterangannya, Senin (7/9/2026). Gunung Ibu Untuk Gunung Ibu, ASHTAM VAWR9818 menetapkan status peringatan Oranye. Berdasarkan pemantauan, sebaran abu vulkanik Gunung Ibu teridentifikasi hingga Flight Level 070 (FL070) atau sekitar 7.000 kaki dan bergerak ke arah utara dengan kecepatan 10 knot (sekitar 19 km/jam). Laporan dari darat menunjukkan emisi abu vulkanik yang masih berlangsung (ongoing volcanic ash emissions). Abu vulkanik teridentifikasi melalui citra satelit, namun pada pengamatan terbaru tertutup oleh awan meteorologis. Aktivitas Gunung Ibu berada dalam FIR Ujung Pandang atau wilayah informasi penerbangan Ujung Pandang. Berdasarkan ASHTAM VAWR9818, tidak terdapat bandara terdampak maupun rute penerbangan terdampak. Untuk diketahui, ASHTAM merupakan informasi aeronautika khusus mengenai aktivitas gunung berapi dan abu vulkanik, yang diterbitkan untuk menyampaikan informasi mengenai keberadaan, ketinggian, dan pergerakan abu vulkanik yang dapat memengaruhi ruang udara. Informasi ini menjadi auan penting bagi pengguna ruang udara dalam melakukan perencanaan dan pelaksanaan penerbangan. ASHTAM VAWR3760 terkait Gunung Anak Krakatau berlaku mulai 7 September 2026 pukul 09.10 WIB hingga 8 September 2026 pukul 09.10 WIB. Sementara ASHTAM VAWR9818 terkait Gunung Ibu berlaku mulai 7 September 2026 pukul 08.20 WIB hingga 8 September 2026 pukul 08.20 WIB. Simak juga Video 'Update Sebaran Abu Vulkanik Anak Krakatau, Apakah Sampai Jakarta?': (hal/ara)";finance
71;"Menteri Keuangan (Menkeu) mengakui rentetan bencana yang terjadi di Tanah Air, mulai dari gempa bumi, kebakaran hutan dan lahan, hingga erupsi gunung bisa berdampak pada pertumbuhan ekonomi. Namun, Purbaya memprediksi ekonomi tidak akan tumbuh melambat secara signifikan. ""Pertumbuhan ekonomi harusnya sih ada gangguan dikit, tapi enggak akan sampai memperlambat ekonomi secara signifikan,"" ujar Purbaya saat ditemui di Gedung DPR, Jakarta Pusat, Senin (7/9/2026). Terkait kesiapan anggaran menghadapi bencana, Purbaya memastikan bahwa pemerintah telah menyiapkan dana penanganan bencana melalui Badan Nasional Penanggulangan Bencana (BNPB). Ia menyebut jika nantinya dibutuhkan dana tambahan di luar alokasi yang ada, pemerintah siap menggelontorkannya. ""Dana pasti pertama kali masuk BNPB. Nanti kalau kebutuhan dana tambahan baru kita kasih. Mudah-mudahan nggak besar dampaknya,"" imbuh Purbaya. Meski diuji dengan berbagai bencana, Purbaya menegaskan kondisi anggaran dan fundamental ekonomi nasional masih berada dalam batas yang aman. Pemerintah pun optimistis target pertumbuhan ekonomi tetap terjaga dan akan digenjot pada sisa kuartal-III hingga kuartal-IV tahun ini. ""Masih, kita akan genjot di kuartal III ke kuartal IV ini,"" tambah ia. (acd/acd)";finance
72;"Pemerintah akan menyalurkan bantuan sosial (bansos) pangan beras sebanyak 30 kg untuk periode Oktober, November, dan Desember 2026. Rencananya penyaluran dilakukan secara sekaligus (dirapel) untuk periode tiga bulan tersebut kepada seluruh keluarga penerima manfaat. Menteri Koordinator Bidang Pangan Zulkifli Hasan alias Zulhas mengatakan penyaluran bansos ini menyasar masyarakat kurang mampu yang masuk dalam kelompok desil 1 hingga desil 4. Menurutnya mencakup puluhan juta jiwa. ""Kita sudah memutuskan bantuan pangan untuk desil 1-desil 4 sejumlah 33 juta sekian (penerima manfaat) ya, rakyat kita yang jumlahnya itu kali 10 kg per bulan. Jadi 30 kg,"" kata Zulhas dalam konferensi pers usai rapat di kantornya, Jakarta Pusat, Senin (7/9/2026). Menurutnya langkah penyaluran bansos yang dilakukan sekaligus ini juga bertujuan untuk membanjiri stok masyarakat. Dengan begitu, permintaan akan beras di pasar dapat turun signifikan. Kondisi ini dinilai dapat ikut menekan kenaikan harga imbas pelemahan produksi beras domestik di tengah musim kemarau kering hingga akhir tahun ini. ""Kita putuskan tadi minta bulog selesaikan dikirimnya derapel bulan ini semua. Jadi nggak 10 kg, 10 kg, 10 kg lagi. Tapi langsung 30 kg dikirim langsung. Agar bulog membanjiri pasar masyarakat beras. Nggak usah nunggu sampai nanti bulan depan 10 kg lagi, bulan depan 10 kg, tidak,"" tegasnya. (igo/fdl)";finance
73;"PT Indonesia Asahan Aluminium (Persero) atau INALUM mendukung penanganan kebakaran hutan dan lahan (karhutla) yang melanda sejumlah titik di Indonesia, termasuk di Kabupaten Mempawah, Kalimantan Barat. Wilayah ini merupakan wilayah operasional PT Borneo Alumina Indonesia (BAI), anak usaha INALUM dan PT Aneka Tambang (Persero) Tbk (ANTAM) yang mengoperasikan smelter grade alumina refinery (SGAR) beserta fasilitas pendukungnya. Pada Jumat (4/9), Direktur Utama PT Mineral Industri Indonesia (MIND ID) Maroef Sjamsoeddin mengkoordinasikan langsung pengerahan 60 personel pemadam kebakaran bersertifikat dari Grup MIND ID untuk memperkuat tim yang telah bekerja di lapangan. Personil tersebut merupakan personal gabungan yang berasal INALUM, ANTAM, PT Bukit Asam (Persero) Tbk, PT Timah (Persero) Tbk, PT Freeport Indonesia, dan PT Vale Indonesia Tbk. Maroef Sjamsoeddin menyampaikan penanganan bencana membutuhkan kepedulian dan kolaborasi dari berbagai pihak. Karena itu, Grup MIND ID hadir untuk membantu masyarakat serta memperkuat upaya pengendalian karhutla yang berdampak pada lingkungan maupun aktivitas sosial masyarakat. ""Langkah ini merupakan bentuk kepedulian kami terhadap lingkungan dan masyarakat. Kehadiran relawan Grup MIND ID ini menjadi bagian dari upaya bersama untuk mempercepat pengendalian titik api sekaligus membantu mengurangi risiko kesehatan dan gangguan terhadap aktivitas yang dihadapi masyarakat,"" ujarnya dalam keterangan tertulis, Senin (7/9/2026). Selain dukungan personel, penguatan penanganan di lokasi juga dilakukan melalui penyediaan berbagai perlengkapan pemadaman dan peralatan keselamatan serta dukungan medis untuk para relawan maupun para masyarakat yang terdampak. Direktur Utama INALUM, Melati Sarnita mengatakan, keterlibatan perusahaan dalam penanganan karhutla merupakan bagian dari tanggung jawab sosial dan lingkungan perusahaan serta bentuk kepedulian terhadap masyarakat setempat. Kehadiran tim di lapangan tidak hanya diarahkan pada proses pemadaman, tetapi juga membantu mencegah penyebaran api dan mengurangi potensi dampak karhutla yang lebih luas. ""Bagi INALUM, keberadaan perusahaan harus memberikan manfaat dan rasa aman bagi masyarakat di sekitarnya. Karena itu, ketika terdapat situasi darurat seperti karhutla, kami berupaya bergerak bersama seluruh pihak yang memiliki kompetensi dan kewenangan untuk membantu penanganannya,"" ujar Melati. Sementara itu, Direktur Utama BAI, Darwin Saleh Siregar, menyampaikan bahwa penanganan karhutla di Mempawah membutuhkan upaya yang tidak sederhana karena sebagian titik kebakaran berada di lahan gambut, di mana api dapat merambat dan bertahan di bawah permukaan meskipun kobaran di atas tanah telah padam. ""Api pada lahan gambut dapat merambat dan bertahan di bawah permukaan meskipun kobaran di atas tanah telah padam. Kondisi ini membuat proses pemadaman membutuhkan waktu lebih panjang, ketersediaan sumber air yang memadai, serta penyisiran dan pendinginan berulang untuk memastikan api benar-benar padam dan tidak kembali muncul,"" ujar Darwin. (acd/acd)";finance
74;"Menteri Keuangan (Menkeu) Purbaya Yudhi Sadewa menanggapi rencana Gubernur DKI Jakarta Pramono Anung yang tetap ingin menerbitkan obligasi daerah. Menurut Purbaya, jika keuangan daerah sudah mencukupi, langkah tersebut tidak perlu dilakukan. ""Ya nggak apa-apa kalau mau terbitin, terbitin aja. Kan itu Pemda punya ini sendiri. Cuma kalau saya pikir ya, pandangan saya aja ya, kalau uangnya kebanyakan, buat apa ngutang?"" ujar Purbaya saat ditemui di Gedung DPR RI, Jakarta Pusat, Senin (7/9/2026). Kendati begitu, Purbaya tetap mempersilakan Pemprov DKI Jakarta apabila memang instrumen itu dirasa mendesak. ""Tapi kalau emang terasa perlu, ya enggak apa-apa, itu kan otonomi sendiri,"" tambah ia. Ketika ditanya soal sikap Pemprov DKI Jakarta yang meminta agar Dana Bagi Hasil (DBH) dicairkan jika penerbitan obligasi tidak diperbolehkan, Purbaya justru mempertanyakan posisi tawar tersebut. Ia menegaskan penahanan penyaluran DBH untuk wilayah DKI Jakarta telah sesuai dengan aturan perundang-undangan yang berlaku. ""Emang dia bisa neken ya? Ya nggak tahu, kita lihat nanti ke depan. (DBH ditahan) kan disesuaikan dengan kondisi keuangan pemerintah kan DBH itu di undang-undang APBN seperti itu,"" beber Purbaya. Lebih lanjut, dirinya akan mempelajari terlebih dahulu terkait kewajiban izin penerbitan obligasi daerah ke pemerintah pusat. Ia juga mengingatkan agar pemda tetap berhati-hati dalam mengambil kebijakan fiskal. ""Harus izin kita kalau mau terbitin bond? Nanti saya pelajari deh. Saya enggak tahu, jadi saya pikir harusnya sih enggak, tapi harus hati-hati aja gitu,"" jelasnya. Sebelumnya, Gubernur DKI Jakarta Pramono Anung Wibowo menegaskan akan tetap mengajukan penerbitan obligasi daerah sebagai instrumen untuk membiayai sejumlah pembangunan di Jakarta. Hal itu dikatakan Pramono dalam menanggapi Menteri Keuangan Purbaya Yudhi Sadewa yang meminta agar pemerintah daerah (pemda) tidak terburu-buru menerbitkan obligasi daerah. ""Karena bagaimana pun Pemerintah DKI Jakarta kan tahu kebutuhan itu. Pak Purbaya menyampaikan bahwa duit DKI banyak. Kan kami juga disuruh bangun yang banyak juga. Dan untuk bangun itu kan perlu duit,"" kata Pramono, dikutip dari Antaranews. Pramono mengatakan meski ia mendengarkan dan mematuhi hal tersebut, dirinya akan tetap mengajukan obligasi daerah untuk Jakarta. Ia pun meminta agar dana bagi hasil (DBH) dari pemerintah pusat dikembalikan ke jumlah semula, jika memang Pemerintah Daerah diminta untuk tidak terburu-buru menerbitkan obligasi. (acd/acd)";finance
75;"Menteri Keuangan (Menkeu) Purbaya Yudhi Sadewa memastikan anggaran untuk membayar kewajiban utang Koperasi Desa/Kelurahan Merah Putih (KDKMP) tetap menggunakan Dana Desa. Pembayaran kewajiban dengan total Rp 240 triliun ini akan dicicil setiap tahun senilai Rp 40 triliun dan jatuh tempo pada September 2026. ""Iya (dana desa), dari uang yang disiapkan dari sebagian dari dana desa. (Dananya) siap, kita siapkan. Kita sisihkan sebelumnya kan,"" ujar Purbaya saat ditemui di Gedung DPR RI, Jakarta Pusat, Senin (7/9/2026). Purbaya mengaku hanya tinggal menyetor pembayaran kewajiban tersebut. Namun, ia menyebut masih menunggu prosedurnya agar tidak terjadi kesalahan di kemudian hari. Dengan begitu, perbankan tidak akan terganggu dengan adanya program Koperasi Desa Merah Putih ini. ""Sudah, tinggal dibayar. Cuman kita masih nunggu prosedur yang clear jangan sampai ada kesalahan di prosedur kita nanti. Tapi udah siap semua.Jadi, perbankan-nya nggak akan terganggu gara-gara koperasi desa merah putih,"" jelas Purbaya. ""Clear-nya jangan sampai di penjara gitu, jangan salah-salah prosedur,"" tambah ia. Sebelumnya, Purbaya memastikan pemerintah tidak akan telat membayar utang pinjaman pembiayaan program KDKMP. Pasalnya, menurut Purbaya, pemerintah telah berkomitmen membayar Rp 40 triliun tiap tahun. ""Kita setiap bayar Rp 40 triliun cicilan juga dengan kesiapan perbankan. Jadi, enggak ada keterlambatan pembayaran cicilan pemerintah. Kita harus menjaga kondisi sistem perbankan kita,"" ujar Purbaya di Mahkamah Agung, Jakarta, Rabu (2/9/2026). (acd/acd)";finance
76;"Maskapai mengalihkan penerbangan dari Bandara Soekarno-Hatta imbas dampak abu vulkanik erupsi Gunung Anak Krakatau. Menteri Perhubungan Dudy Purwagandhi mengatakan Garuda Indonesia dan Singapore Airlines akan mengalihkan penerbangan ke bandara alternatif. Garuda Indonesia akan menggunakan Bandara Kertajati atau Bandara Internasional Jawa Barat (BIJB) Majalengka, Jawa Barat sebagai pengganti tujuan penerbangan dari Jeddah, Arab Saudi, dan Amsterdam, Belanda. ""Kami sampaikan beberapa maskapai mulai mengalihkan penerbangannya ke bandara alternatif. Rencananya hari ini akan dilakukan pendaratan Garuda, penerbangan dari Jeddah dan dari Amsterdam,"" ujar Dudy dalam keterangan video yang diunggah di akun Instagram resmi @kemenhub151, Senin (7/9/2026). Sementara itu, Singapore Airlines akan mengalihkan penerbangannya ke Surabaya dan Yogyakarta sebagai alternatif. ""Singapore Airline akan melakukan pendaratan dengan ganti pesawat Airbus 350 sehingga masyarakat yang stranded di Singapura bisa kembali melalui Surabaya. Singapore Airline juga akan proses penerbangan ke Yogyakarta sebagai alternatif,"" beber Dudy. 6 Bandara Alternatif Kemenhub menang menyiapkan sejumlah bandara alternatif yang dapat digunakan sesuai kebutuhan dan kondisi operasional penerbangan. Terdapat enam bandara yang dapat dijadikan alternatif, yakni Bandara Juanda di Provinsi Jawa Timur, Bandara Adi Soemarmo di Provinsi Jawa Tengah, Bandara Internasional Yogyakarta di Provinsi Daerah Istimewa Yogyakarta, Bandara Adisutjipto di Provinsi Daerah Istimewa Yogyakarta, Bandara Jenderal Ahmad Yani di Provinsi Jawa Tengah, serta Bandar Udara Internasional Kertajati, Jawa Barat. ""Kami mendorong agar maskapai dapat menggunakan bandara tersebut untuk menghindari penumpukan penumpang,baik yang akan datang maupun yang akan terbang. Ini yang kita harapkan supaya pengaturan penumpang bisa optimal,"" sebut Dudy. Penggunaan bandara alternatif tersebut tetap menyesuaikan kondisi operasional, kesiapan bandara, rute penerbangan, serta keputusan masing-masing maskapai. Kemenhub terus berkoordinasi dengan pengelola bandara, AirNav Indonesia, maskapai penerbangan, serta instansi terkait untuk memastikan penyesuaian operasional dapat dilakukan secara aman dan terkoordinasi. Bandara Soekarno-Hatta yang menjadi bandara internasional tersibuk di Indonesia masih ditutup operasionalnya hingga pukul 18.00 WIB hari ini. Soetta dan 6 bandara lainnya ditutup karena dampak abu vulkanik dari erupsi Gunung Anak Krakatau masih membahayakan penerbangan. (hal/ara)";finance
77;"Pemerintah menambah alokasi penyaluran beras program Stabilisasi Pasokan dan Harga Pangan (SPHP) Medium hingga 1 juta ton sampai akhir tahun 2026. Langkah ini dilakukan untuk mempertebal stok beras di pasar seiring pelemahan produksi akibat musim kemarau kering yang diperkirakan berlangsung hingga awal tahun depan. Menteri Koordinator Bidang Pangan, Zulkifli Hasan alias Zulhas, menyampaikan bahwa penambahan pasokan ini diperlukan karena tipisnya produksi beras dari petani pada musim gadu tahun ini. Menurutnya hal ini sedikit berbeda dengan kondisi tahun sebelumnya. Di mana saat itu Indonesia masih menghadapi kemarau basah, sehingga masih ada hujan dan para petani masih bisa berproduksi meski mengalami penurunan. ""Tahun ini kering, tidak ada, hampir tidak ada lagi sawah petani yang produksi yang kita sebut paceklik atau gadu ya. Jadi nggak ada produksi,"" kata Zulhas dalam konferensi pers usai rapat di kantornya, Jakarta Pusat, Senin (7/9/2026). Ia mengatakan alokasi beras SPHP 1 juta ton ini merupakan penambahan dari alokasi sepanjang 2026 yang sebelumnya sudah ditetapkan sebesar 828.000 ribu ton. Sehingga total beras SPHP yang akan disalurkan pemerintah melalui Perum Bulog hingga akhir tahun ini mencapai 1,82 juta ton. ""Kemarin 828.000, sudah tinggal 80.000 lagi, medium ya SPHP itu. Kita tambah lagi tadi 1 juta, 1 juta SPHP medium. Jadi beras yang subsidi yang dijual di pasar kira-kira harganya 12 ribu, 12.500 paling mahal,"" ujar Zulhas. ""1 juta SPHP medium tambahan untuk Oktober, November, Desember. Karena ini nggak ada panen, karena musim kemarunya panjang,"" tegasnya lagi. Selain mempertebal stok beras medium di pasar, menurut Zulhas penambahan alokasi penyaluran SPHP ini dimaksudkan untuk menurunkan kenaikan harga yang terjadi imbas pelemahan produksi beras domestik. ""Karena supply and demand, tidak ada produksi, pasti harganya naik. Ada naik Rp 100-200. Nah untuk merespons itu, maka kami baru saja rapat memutuskan, kita tambah suplainya untuk yang beras subsidi, yang kita kenal dengan SPHP,"" jelasnya. Dalam kesempatan yang sama, Direktur Utama Perum Bulog, Ahmad Rizal Ramali, mengungkapkan bahwa kuota tambahan dari pemerintah ini jauh melampaui usulan awal pihaknya untuk mengamankan stok beras akhir tahun dan hari besar keagamaan. ""Beras SPHP alokasi penambahannya, awalnya kami mengajukan 400.000 ton untuk mengantisipasi karena beras SPHP sekarang yang ada di gudang-gudang Bulog tinggal sekitar 100.000 ton untuk menghadapi bulan September, Oktober, November, Desember,"" kata Ahmad. ""Karena di akhir tahun biasanya ada hari kebesaran agama, maka perlu kebutuhan lebih besar. Kami ajukan lebih kurang 400.000 ton, malah didukung oleh pemerintah 1 juta ton,"" sambungnya. Rizal menambahkan pasokan tambahan tersebut difungsikan untuk memperkuat ketahanan stok nasional hingga memasuki masa panen raya pada Maret 2027 mendatang. ""Kan di bulan Januari, bulan Februari itu kan belum ada panen. Panen nanti di bulan Maret. Oleh karena itu yang usulan kami dari 400.000 dilipat-gantakan menjadi 1 juta sampai 2027, sampai di awal panen bulan Maret nanti,"" tuturnya. (fdl/fdl)";finance
78;"Erupsi Gunung Anak Krakatau dampaknya telah dirasakan hingga ke wilayah Jakarta dan sekitarnya. Tak terkecuali kediaman pribadi Menteri Keuangan (Menkeu) Purbaya Yudhi Sadewa yang terkena sebaran abu vulkanik tersebut. Awalnya, Purbaya mengaku sempat tidak menyadari jika debu tipis yang mengotori rumahnya berasal dari aktivitas vulkanik gunung berapi. Usai dibersihkan, lalu kotor kembali, Purbaya baru sadar debu tersebut sebaran abu vulkanik Gunung Anak Krakatau. ""Kemarin bersih-bersih, kok kotor terus, mungkin abu vulkanik. Saya nggak tahu, nggak sadar tadinya,"" ujar Purbaya saat ditemui di Gedung DPR, Jakarta, Senin (7/9/2026). Seperti diketahui, abu vulkanik erupsi Gunung Anak Krakatau menyebar hingga Jakarta dan sekitarnya. Plt Deputi Bidang Meteorologi BMKG Andri Ramdhani mengatakan kemungkinan abu Anak Krakatau menyebar sampai wilayah timur Pulau Jawa bergantung pada arah angin. ""Untuk kemungkinan abu vulkanik mencapai Jawa Tengah dan Jawa Timur, secara meteorologis hal tersebut bergantung pada perubahan arah angin di berbagai lapisan atmosfer,"" ujar Andri kepada detikcom, dikutip dari detikNews, Senin (7/9). Saat ini sebaran abu lebih banyak terpantau di wilayah Jawa bagian barat dan Sumatera bagian selatan. ""Namun, apabila terjadi perubahan pola angin yang mendukung, sebaran abu dapat bergerak ke wilayah yang lebih jauh,"" tambah Andri. (acd/acd)";finance
79;"PLN Indonesia Power (PLN IP) mengembangkan aset karbon dari Pembangkit Listrik Tenaga Panas Bumi (PLTP) Gunung Salak. Potensi pengurangan emisi dari peningkatan kapasitas pembangkit tersebut akan dikembangkan menjadi aset karbon yang memiliki nilai ekonomi. Pengembangan aset karbon itu dilakukan melalui penandatanganan Second Amendment to Emission Reduction Purchase Agreement (ERPA) untuk proyek Capacity Upgrade of Gunung Salak Geothermal Power Plant Project Indonesia. Kerja sama tersebut melanjutkan kolaborasi PLN IP dengan South Pole AG dalam pengembangan aset karbon dari peningkatan kapasitas PLTP Gunung Salak. Aset karbon yang berasal dari pengurangan emisi tersebut selanjutnya dapat dimonetisasi dan diperdagangkan. Direktur Utama PLN Indonesia Power Bernadus Sudarmanta mengatakan pengembangan aset karbon dapat menjadi sumber nilai ekonomi tambahan dari pembangkit energi bersih. ""Pengembangan energi baru terbarukan tidak hanya berbicara mengenai penyediaan energi yang lebih bersih, tetapi juga bagaimana setiap potensi pengurangan emisi dapat dikelola menjadi nilai tambah yang berkelanjutan. Melalui pengembangan aset karbon dari PLTP Gunung Salak, kami melihat adanya peluang untuk menciptakan nilai ekonomi sekaligus mendorong keberlanjutan pengembangan energi panas bumi di Indonesia,"" tegas Bernadus dalam keterangan resmi, ditulis Senin (7/9/2026). Menurutnya, pengembangan aset karbon merupakan salah satu skema yang dapat digunakan untuk mengoptimalkan potensi ekonomi dari pembangkit energi terbarukan. ""Geothermal memiliki potensi besar sebagai sumber energi bersih yang andal. Karena itu, kami terus mendorong berbagai inisiatif yang tidak hanya meningkatkan kinerja aset pembangkit, tetapi juga membuka peluang nilai tambah dari aspek lingkungan dan pengurangan emisi,"" tambahnya. Melalui monetisasi aset karbon, pengurangan emisi dari proyek energi terbarukan dapat memiliki nilai ekonomi. Skema tersebut juga dapat memberikan tambahan insentif bagi investasi dan pengembangan sektor energi bersih. Dalam kerja sama ini, PLN Indonesia Power diwakili Direktur Pengembangan Bisnis dan Niaga Julita Indah bersama Specialist, Business Development Sustainable Technologies - SEA South Pole AG Fadri Mokolintad. Sementara itu, Wakil Menteri ESDM Yuliot Tanjung mengatakan percepatan transisi energi menjadi penting di tengah dinamika geopolitik global yang turut memengaruhi ketersediaan energi. ""Dinamika geopolitik global menunjukkan bahwa ketersediaan energi menjadi tantangan yang harus diantisipasi bersama. Karena itu, Indonesia perlu terus mendorong kemandirian dan swasembada energi melalui peningkatan pasokan, pembangunan infrastruktur, serta percepatan transisi menuju energi yang lebih bersih dan berkelanjutan,"" ujar Yuliot. PLN Indonesia Power menyebut pengembangan aset karbon PLTP Gunung Salak menjadi salah satu skema untuk memperoleh manfaat ekonomi dari pengurangan emisi sekaligus mengembangkan pembangkit energi panas bumi. (fdl/fdl)";finance
80;"Kepadatan kendaraan masih terjadi pada layanan angkutan penyeberangan di Ketapang-Gilimanuk. Bahkan panjang antrean kendaraan sempat mengular sampai belasan kilometer (km). General Manager PT ASDP Indonesia Ferry (Persero) Ketapang, Media Syahrianto, mengatakan atrean panjang sempat terjadi pada ruas jalan menuju Pelabuhan Gilimanuk, Bali, hingga 4-5 km pada Minggu (6/9) kemarin. Sementara kondisi kepadatan saat ini masih pasang-surut. Lebih lanjut di sisi ruas menuju Pelabuhan Ketapang, Jawa Timur, kepadatan juga sempat terjadi hingga belasan kilometer pada Minggu kemarin. Kepadatan juga masih terjadi pagi hari ini, namun panjang antrean mulai surut hingga 4,5 km dengan ekor antrean di sekitar Watudodol. ""Di sisi Gilimanuk sekarang ekor antrean hanya di sekitar area manuver, itu hanya beberapa ratus meter saja sebelum masuk pelabuhan,"" jelas Media kepada detikcom, Senin (7/9/2026). ""Per hari ini Senin (6/9) pukul 08.00, antrean kendaraan yang sebelumnya sempat mencapai belasan kilometer kini telah berhasil terurai bertahap hingga tersisa sekitar 4.5 kilometer menuju Pelabuhan Ketapang dengan ekor antrean di sekitar Watudodol,"" ujarnya lagi. Ia mengatakan kepadatan mulai terjadi dengan meningkatnya volume kendaraan pengguna jasa di kedua Pelabuhan. Di sisi lain, pada saat yang bersamaan terdapat pembangunan peningkatan kapasitas dermaga di sisi pelabuhan Gilimanuk maupun Ketapang. ""Kondisi tersebut kemudian menyebabkan waktu tunggu kendaraan menjadi lebih panjang dan antrean kendaraan sempat mengular hingga beberapa kilometer menuju Pelabuhan Ketapang,"" ujarnya. Untuk mengatasi masalah ini ASDP berkoordinasi intensif dengan seluruh pemangku kepentingan agar langsung melakukan langkah-langkah percepatan penguraian antrean. Salah satunya mengoptimalkan kapasitas kapal yang beroperasi pada lintasan Ketapang-Gilimanuk, dengan kapasitas angkut yang lebih besar. Kemudian ASDP bersama dengan Balai Pengelola Transportasi Darat (BPTD) menerapkan pola operasional Tiba-Bongkar-Berangkat (TBB) untuk mempercepat waktu layanan kapal di pelabuhan. Lalu bersama Kepolisian melakukan pengaturan dan rekayasa arus kendaraan bersama stakeholder terkait. Lebih lanjut, ASDP bersama Kantor Kesyahbandaran dan Otoritas Pelabuhan (KSOP) mempercepat penerbitan Surat Persetujuan Berlayar (SPB) dengan tetap mengedepankan aspek keamanan dan keselamatan. Serta terakhir secara berkelanjutan memberikan service recovery berupa makanan berat, snacks, dan minuman untuk pengemudi truk yang terdampak dan ditampung di bufferzone Bulusan. Langkah lanjutan dan mitigasi, ASDP akan terus mengevaluasi pola operasional yang berjalan dan melakukan penyesuaian apabila diperlukan, dengan tujuan utama mempercepat pelayanan, mengurangi waktu tunggu, serta memberikan kepastian dan kenyamanan yang lebih baik bagi pengguna jasa,"" ujarnya. Belum cukup, ASDP juga menyiapkan langkah lanjutan berupa mengoperasikan kapal perbantuan KMP Jatra I untuk lintasan Ketapang-Gilimanuk. Dalam hal ini ASDP merelokasi KMP Portlink di lintasan Tg. Wangi - Lembar agar melayani truk tujuan Lombok. ""ASDP juga mengimbau kepada seluruh pengguna jasa untuk tetap mengikuti arahan dan pengaturan dari petugas di lapangan agar proses penguraian antrean dapat berjalan dengan tertib dan optimal,"" imbau Media. ""Serta yang tidak kalah penting, bagi pengguna jasa yang telah memiliki tiket tetapi belum dapat menyeberang akibat kondisi force majeure ini tidak perlu khawatir tiketnya hangus. Pengguna jasa tetap akan kami layani dan diseberangkan sesuai dengan ketentuan yang berlaku,"" pungkasnya. (fdl/fdl)";finance
81;"PT Perusahaan Gas Negara (Persero) Tbk (PGN), selaku Subholding Gas Pertamina menggelar City Gas Tour yang berlangsung pada 4-13 September 2026. Kegiatan ini menyambangi empat wilayah di Jawa Timur (Jatim), yakni Pasuruan, Sidoarjo, Surabaya, dan Bojonegoro. Adapun pesan utama dari acara ini adalah pemanfaatan gas bumi tidak hanya menjadi alternatif energi bagi masyarakat, tetapi juga memberikan manfaat efisiensi yang dapat dirasakan langsung, mulai dari sektor transportasi hingga kegiatan usaha. Dalam perjalanan tersebut, PGN menghadirkan langsung berbagai bentuk pemanfaatan gas bumi, antara lain food truck berbahan bakar Compressed Natural Gas (CNG), kendaraan berbahan bakar gas (BBG), bengkel keliling BBG, serta komunitas pengguna kendaraan gas seperti Komunitas Mobil Gas (Komogas) dan Komunitas Bajaj Gas (Kobagas). Direktur Infrastruktur dan Teknologi PGN Hery Murahmanta mengatakan City Gas Tour menjadi bagian dari upaya pihaknya untuk mendekatkan informasi mengenai layanan gas bumi sekaligus menunjukkan secara langsung berbagai pemanfaatannya dalam kehidupan sehari-hari. ""Melalui City Gas Tour, PGN ingin meningkatkan pemahaman kepada masyarakat bahwa gas bumi bisa dimanfaatkan untuk mendukung kebutuhan rumah tangga, usaha maupun transportasi. Saat ini, layanan gas bumi PGN telah tersedia di 78 kota/ kabupaten di Indonesia,"" jelas Hery, dalam keterangan tertulis, Senin (7/9/2026). ""Kami juga terus mengembangkan infrastruktur dan ekosistem gas bumi agar manfaatnya dapat dirasakan masyarakat secara lebih luas,"" sambungnya. Menurut Hery, salah satu manfaat yang dapat dirasakan langsung dari penggunaan gas bumi adalah efisiensi biaya, baik bagi masyarakat yang menggunakannya sebagai bahan bakar kendaraan maupun untuk mendukung kegiatan usaha. Manfaat tersebut salah satunya dirasakan Muslihudin, pengemudi bajaj yang telah menggunakan BBG sejak 2014. Dengan aktivitas berkendara sejak pagi hingga malam hari, penggunaan BBG membantunya menekan biaya bahan bakar untuk menunjang aktivitas sehari-hari. Efisiensi serupa juga dirasakan pengguna mobil BBG yang berprofesi sebagai pengemudi taksi online bandara. Dengan jarak tempuh yang relatif tinggi setiap harinya, penggunaan BBG pada kendaraannya dapat memberikan penghematan biaya bahan bakar hingga sekitar Rp 5 juta per bulan. Pemanfaatan gas bumi dalam City Gas Tour juga ditunjukkan melalui food truck berbahan bakar CNG. Kendaraan ini menggunakan gas bumi tidak hanya untuk bahan bakar kendaraan, tetapi sekaligus untuk memenuhi kebutuhan energi dalam kegiatan memasak. Direktur Operasi PGN Solution Agoeng Pratomo Noegroho mengatakan, penggunaan CNG pada food truck mampu memberikan efisiensi sekitar 40% untuk bahan bakar kendaraan, sementara untuk kebutuhan bahan bakar kompor, efisiensinya dapat mencapai 60%. ""Penggunaan CNG sebagai bahan bakar food truck dapat memberikan efisiensi sekitar 40%. Sementara untuk kebutuhan bahan bakar kompor food truck, bisa hemat hingga 60%,"" jelas Agoeng. PGN Solution juga terus mengembangkan fungsi food truck agar manfaatnya semakin luas. Selain untuk kegiatan usaha dan edukasi, kendaraan tersebut kini dapat difungsikan sebagai kendaraan emergency untuk mendukung kebutuhan di wilayah-wilayah terpencil. Pengembangan pemanfaatan BBG juga didukung melalui penguatan ekosistem dan layanan bagi pengguna kendaraan gas. Direktur Utama (Dirut) PT Gagas Energi Indonesia Santaji Gunawan mengatakan, salah satunya diwujudkan melalui penyediaan bengkel keliling BBG yang berkolaborasi dengan Komogas. ""Bengkel keliling BBG merupakan salah satu bentuk layanan bagi pengguna kendaraan BBG, khususnya saat membutuhkan bantuan terkait kendala mekanik. Layanan ini juga dilengkapi dengan peralatan lengkap serta dapat mendukung kebutuhan uji emisi kendaraan BBG,"" ujar Santaji. Bengkel keliling BBG telah menjangkau sejumlah wilayah, antara lain Palembang dan Surabaya. Dalam rangkaian City Gas Tour kali ini, Gagas bersama CSR PGN juga memberikan bantuan konversi BBG secara gratis kepada 75 taksi online sebagai bagian dari upaya memperkuat ekosistem sekaligus memperluas pemanfaatan gas bumi pada sektor transportasi. Di setiap kota tujuan, City Gas Tour juga akan membaur langsung dengan masyarakat melalui berbagai kegiatan seperti food truck corner dengan ribuan kupon makanan dan minuman, fun walk, fun run, lomba memasak, lomba mewarnai dan menggambar, pemeriksaan kesehatan gratis, reels challenge, serta door prize. Melalui kegiatan tersebut, masyarakat sekaligus mendapatkan edukasi mengenai penggunaan gas bumi yang aman, mudah, dan efisien. Melalui City Gas Tour 2026, PGN berharap masyarakat tidak hanya memperoleh informasi mengenai gas bumi, tetapi juga dapat melihat secara langsung bentuk pemanfaatan serta manfaatnya. PGN akan terus mengembangkan infrastruktur dan ekosistem gas bumi agar pemanfaatannya semakin luas untuk mendukung kebutuhan masyarakat, kegiatan usaha, dan sektor transportasi. (anl/ega)";finance
82;"Sebanyak tujuh bandara di selatan Sumatera dan barat Jawa ditutup hingga pukul 18.00 WIB hari ini imbas abu vulkanik. Ribuan penerbangan jet komersial terdampak penutupan bandara tersebut. Sebanyak empat di antaranya adalah bandara yang melayani penerbangan jet komersial, mulai dari Bandara Soekarno-Hatta Tangerang, Bandara Halim Perdanakusuma Jakarta, Bandara Husein Sastranegara Bandung, serta Bandara Radin Inten II Lampung. PT Angkasa Pura Indonesia atau InJourney Airports mencatat sejak 5 September 2026 hingga 7 September 2026 pukul 09.00 WIB, jumlah penerbangan terdampak dari penutupan sementara empat bandara tersebut, sebanyak 2.300 penerbangan dan penumpang terdampak sebanyak 268.539 orang. Khusus di Bandara Soekarno-Hatta yang menjadi bandara tersibuk di Indonesia, jumlah penerbangan terdampak sebanyak 1.320 penerbangan dan penumpang terdampak sebanyak 173.474 penumpang. ""Penanganan penumpang terus kami lakukan hingga bandara dinyatakan kembali dibuka. Selain di 4 bandara terdampak abu vulkanik, SRA diterapkan juga di bandara-bandara yang memiliki penerbangan menuju bandara terdampak, disesuaikan dengan kebutuhan di masing-masing bandara,"" ujar Corporate Secretary Group Head InJourney Airports Arie Ahsanurrohim dalam keterangannya, Senin (7/9/2026). Berdasarkan keterangan resmi AirNav ada tiga bandara lainnya yang ikut terdampak abu vulkanik dan melakukan penutupan hingga pukul 18.00 WIB. Mulai dari Bandara Budiarto Curug, Bandara Muhammad Taufiq Kiemas, dan Bandara Pondok Cabe. Sementara itu, Bandara Pagar Alam/Atung Bungsu (WIPY), Pagar Alam, Sumatera Selatan, telah kembali berstatus OPEN berdasarkan NOTAM C1107/26 NOTAMC C1105/26, yang berlaku mulai pukul 08.12 WIB pada 7 September 2026. Daftar 7 Bandara yang Ditutup - Bandara Internasional Soekarno-Hatta (CGK), status CLOSED, berdasarkan NOTAM A3373/26 NOTAMR A3368/26, mulai pukul 08.28 WIB hingga estimasi pukul 18.00 WIB pada 7 September 2026. - Bandara Halim Perdanakusuma (HLP), status CLOSED, berdasarkan NOTAM A3372/26 NOTAMR A3369/26, mulai pukul 08.16 WIB hingga estimasi pukul 18.00 WIB pada 7 September 2026. - Bandara Radin Inten II, Lampung (TKG), status CLOSED, mulai pukul 08.20 WIB hingga estimasi pukul 18.00 WIB. - Bandara Budiarto, Curug (RTO), status CLOSED, mulai pukul 08.30 WIB hingga estimasi pukul 18.00 WIB. - Bandara Husein Sastranegara, Bandung (BDO), status CLOSED, mulai pukul 08.32 WIB hingga estimasi pukul 18.00 WIB. - Bandara Muhammad Taufiq Kiemas (WILP), status CLOSED, mulai pukul 08.35 WIB hingga estimasi pukul 18.00 WIB. - Bandara Pondok Cabe (PCB), status CLOSED, mulai pukul 08.37 WIB hingga estimasi pukul 18.00 WIB.";finance
83;"Pemerintah diminta untuk memperkirakan kesiapsiagaan nasional untuk mengatasi dampak aktivitas erupsi sejumlah gunung api di Indonesia. Mulai dari Gunung Anak Krakatau, Gunung Ibu, Gunung Ili Lewotolok, dan Gunung Semeru. Anggota Komisi V DPR RI Ade Ginanjar mengatakan kondisi tersebut harus menjadi momentum untuk memastikan seluruh sistem mitigasi bencana, transportasi, meteorologi, serta pencarian dan pertolongan berjalan secara terpadu. ""Kita tidak boleh melihat setiap erupsi sebagai kejadian yang berdiri sendiri. Negara harus memastikan seluruh sistem siap menghadapi kemungkinan dampak yang meluas terhadap masyarakat dan konektivitas nasional,"" ujar Ade dalam keterangannya, Senin (7/9/2026). Ade menilai BMKG bersama Badan Geologi/PVMBG harus memastikan informasi mengenai aktivitas gunung api dapat diterjemahkan secara cepat menjadi keputusan operasional. Data terkait aktivitas vulkanik, arah dan ketinggian sebaran abu, kondisi angin, cuaca, hingga potensi dampaknya terhadap wilayah udara dan laut harus dapat diterima secara cepat oleh Kementerian Perhubungan, Basarnas, pemerintah daerah, operator transportasi, serta masyarakat. Menurutnya, kekuatan mitigasi tidak hanya terletak pada kemampuan mendeteksi ancaman, tetapi juga pada kemampuan negara mengubah data menjadi tindakan sebelum risiko berkembang menjadi korban. ""Masyarakat membutuhkan informasi yang jelas, cepat, dan konsisten. Karena itu, satu data, satu koordinasi, dan satu protokol respons harus terus diperkuat,"" tegas Ade. Dari sisi transportasi, Ade meminta Kementerian Perhubungan meningkatkan kewaspadaan terhadap dampak abu vulkanik terhadap penerbangan dan pelayaran, khususnya wilayah yang berada dalam jalur potensi sebaran abu. Aktivitas Gunung Anak Krakatau menjadi pengingat bahwa dampak erupsi dapat menjangkau wilayah yang jauh dari lokasi gunung dan berpotensi mengganggu konektivitas udara maupun laut. Menurut Ade, keselamatan harus menjadi dasar setiap keputusan operasional, tetapi masyarakat juga harus memperoleh informasi secara cepat mengenai pembatalan, penundaan, pengalihan rute, maupun pemulihan layanan transportasi. ""Jangan sampai masyarakat hanya mengetahui gangguan setelah berada di bandara, pelabuhan, atau dalam perjalanan. Informasi harus diberikan sedini mungkin agar masyarakat dapat mengambil keputusan dengan aman,"" kata Ade. Ade juga mendorong Basarnas memperkuat kesiapan personel, peralatan, komunikasi, serta skenario pencarian dan pertolongan di wilayah yang berpotensi terdampak aktivitas vulkanik. Kesiapan tersebut harus mencakup wilayah darat, pesisir, dan perairan, mengingat sejumlah gunung api aktif berada di kawasan yang berdekatan dengan permukiman serta jalur transportasi masyarakat. Menurutnya, Basarnas tidak boleh hanya bergerak setelah keadaan darurat terjadi, tetapi harus memiliki pemetaan risiko dan skenario respons yang dapat segera diaktifkan ketika terjadi peningkatan aktivitas gunung api, gangguan transportasi, maupun kondisi yang membutuhkan evakuasi dan pertolongan. Lebih lanjut, legislator dari Komisi V DPR RI tersebut meminta pemerintah memperkuat sistem komunikasi publik agar masyarakat di sekitar kawasan rawan bencana maupun pengguna transportasi memperoleh informasi yang mudah dipahami dan dapat segera ditindaklanjuti. Masyarakat harus mengetahui perkembangan status gunung, wilayah yang perlu dihindari, potensi sebaran abu, kondisi transportasi, serta langkah perlindungan yang harus dilakukan. ""Jangan sampai masyarakat mengetahui ancaman setelah dampaknya terjadi. Peringatan dini harus benar-benar menjadi peringatan yang sampai kepada masyarakat dan diikuti tindakan yang jelas,"" kata Ade. Ade menegaskan meningkatnya aktivitas sejumlah gunung api harus menjadi pengingat bahwa kesiapsiagaan bencana merupakan bagian penting dari pelayanan publik dan keselamatan nasional. Pemerintah perlu membangun sistem yang menghubungkan BMKG, Badan Geologi/PVMBG, Kementerian Perhubungan, Basarnas, pemerintah daerah, operator transportasi, dan lembaga terkait sehingga setiap perubahan kondisi dapat segera direspons secara terkoordinasi. ""Prioritas kita adalah menyelamatkan masyarakat. Transportasi harus aman, informasi harus cepat dan akurat, serta Basarnas harus siap ketika masyarakat membutuhkan pertolongan. Negara harus hadir bukan hanya ketika bencana terjadi, tetapi sejak tanda-tanda ancaman terdeteksi,"" pungkas Ade Ginanjar. (hal/ara)";finance
84;"Menteri Keuangan (Menkeu) Purbaya Yudhi Sadewa menyampaikan pemerintah siap menggelontorkan tambahan anggaran untuk penanganan bencana di tanah air. Menurut Purbaya, alokasi penanganan bencana ini mendapat perlakuan khusus demi meringankan penderitaan korban bencana alam. Sejauh ini, Purbaya mengatakan Badan Nasional Penanggulangan Bencana (BNPB) belum mengajukan anggaran tambahan. Besaran dana tambahan untuk penanganan bencana ini tergantung pada permintaan BNPB. ""Akan ada, kalau itu tergantung permintaan dari BNPB. Jadi kalau minta, kita lihat. Jadi kalau untuk bencana, treatment-nya beda, itu bukan untuk foya-foya, untuk mengurangi penderitaan yang dialami oleh masyarakat kita,"" ujar Purbaya saat ditemui di Gedung DPR RI, Jakarta Pusat, Senin (7/9/2026). Purbaya menyebut BNPB mempunyai dana siap hampir Rp 1 triliun. Ia memastikan anggaran untuk penanganan bencana alam tersedia dan meminta masyarakat untuk tidak khawatir. ""Dia punya hampir Rp 1 triliun kan yang ready. Terus ditambah lagi nanti dengan kalau ada permintaan, ya kita tambah,"" tambah ia. Saat ditanya mengenai potensi ketersediaan dana melebihi Rp 5 triliun untuk tahun ini, Purbaya memastikan pencairan dana tambahan akan disesuaikan secara riil dengan tingkat kebutuhan di lapangan. Terkait ada batas maksimal atau khusus anggaran, Purbaya memastikan tidak ada pembatasan. Pemerintah berkomitmen menyiapkan dana yang cukup, sembari berharap tidak terjadi eskalasi bencana yang lebih besar ke depannya. ""Enggak ada untuk bencana, apalagi bencana besarnya. Mudah-mudahan enggak ada bencana lagi, ya. Kita siapkan uang cukup,"" beber Purbaya. (acd/acd)";finance
85;"Erupsi Gunung Anak Krakatau menimbulkan dampak paparan abu vulkanik ke beberapa wilayah di barat Jawa dan selatan Sumatera. Masyarakat diimbau untuk mengurangi kegiatan di luar rumah. Lantas bagaimana dengan para Aparatur Sipil Negara (ASN), apakah diperbolehkan untuk bekerja dari rumah (work from home/WFH)? Kementerian PAN-RB mengatakan pola kerja ASN dapat disesuaikan dengan kondisi dan kebutuhan masing-masing daerah atau instansi, tak terkecuali penerapan kerja secara fleksibel seperti bekerja dari rumah. ""Dalam situasi dan kondisi tertentu, PPK atau pimpinan instansi dapat menyesuaikan pola kerja ASN, termasuk melalui skema bekerja dari rumah (WFH),"" tulis Kementerian PAN-RB dalam unggahan di akun resmi @kemenpanrb, Senin (7/9/2026). Pejabat Pembina kepegawaian atau PPK, yang menjadi pimpinan instansi masing-masing dapat menetapkan penerapan kerja fleksibel dengan mempertimbangkan beberapa hal. Mulai dari kondisi wilayah, karakteristik pekerjaan, kebutuhan pelayanan publik, dan kondisi tertentu sesuai arahan resmi otoritas kebencanaan ""Keselamatan ASN diutamakan dalam menetapkan pola kerja keselamatan dan kesehatan pegawai menjadi prioritas dengan tetap memperhatikan pelayanan kepada masyarakat,"" tulis Kementerian PAN-RB. Payung hukum kebijakan ini adalah Perpres Nomor 21 Tahun 2023 tentang Hari Kerja dan Jam Kerja Instansi Pemerintahan dan Pegawai ASN. Ada juga Peraturan Menteri PAN-RB nomor 4 tahun 2025 tentang Pelaksanaan Tugas Kedinasan Pegawai ASN Secara Fleksibel pada Instansi Pemerintahan. ASN Daerah Bisa WFH Sebelumnya, Menteri Dalam Negeri Tito Karnavian sudah memberikan lampu hijau kepada ASN di berbagai Pemerintahan Daerah (Pemda) yang terdampak erupsi Gunung Anak Krakatau untuk menerapkan skema kerja WFH. Pemberlakuan WFH ASN dapat diterapkan menyesuaikan dengan kondisi daerah masing-masing. Tito menjelaskan Kemendagri terus melakukan komunikasi tingkat provinsi dengan Banten, Lampung, Jawa Barat, DKI Jakarta, dan Sumatera Selatan. Tito mengatakan Jawa Barat sudah mengeluarkan imbauan kepada kabupaten dan kota masing-masing ""Kalau memang ada potensi yang akan berpengaruh berbahaya untuk kesehatan, untuk keamanan, maka sektor layanan publik, termasuk juga kegiatan masyarakat, termasuk juga kegiatan belajar mengajar, dapat dilakukan respons misalnya mengalihkan, untuk mengurangi dampak kesehatan, maupun dampak keamanannya, termasuk misalnya sistem transportasi, saranan, dan lain-lain,"" kata Tito dalam jumpa pers daring di akun YouTube Bakom, Minggu (6/9/2026) kemarin. Tito mengatakan jika situasi di daerah darurat karena dampak erupsi Gunung Anak Krakatau, Pemda dapat memberlakukan WFH kepada pegawainya. Kedaruratan berdasarkan aspek kesehatan dan keamanan ""Kalau itu dianggap situasinya emergency atau darurat, termasuk juga kalau situasi pemerintah kabupaten/kota melihat aspek kesehatan dan aspek keamanan di daerah itu bagi masyarakat, termasuk bagi ASN administrasi negara, bisa terganggu, maka yang dapat dilakukan work from home,"" ujar Tito. Skema WFH ASN, kata Tito, dapat dilakukan 50%, terutama untuk satuan kerja di bidang kesehatan dan sosial masyarakat. Skema WFH 75% juga dapat diterapkan, jika dianggap perlu karena mempertimbangkan aspek kesehatan dan keamanan.";finance
86;"Menteri Koordinator Bidang Infrastruktur dan Pembangunan Kewilayahan Agus Harimurti Yudhoyono (AHY) mengungkapkan Kementerian Perhubungan menyiapkan sejumlah bandara alternatif yang dapat digunakan untuk menggantikan beberala bandara yang terdampak sebaran abu vulkanik. Bandara Internasional Jawa Barat (BIJB) Kertajati di Majalengka, Bandara Ahmad Yani Semarang, Bandara Yogyakarta, serta Bandara Juanda Surabaya menjadi alternatif. AHY menekankan pentingnya kesiapan moda transportasi lain untuk mendukung mobilitas masyarakat yang terdampak. Transportasi darat, termasuk kereta api, perlu dipersiapkan untuk membantu penumpang yang mendarat di bandara alternatif sebelum melanjutkan perjalanan menuju Jakarta dan wilayah sekitarnya. ""Mode transportasi darat tentunya ini yang harus disiapkan, kereta, yang kita juga harus dorong agar memudahkan para penumpang yang seharusnya langsung landing di Jakarta tetapi harus mungkin berhenti di Kertajati, misalnya, untuk bisa datang ke Jakarta,"" ujar AHY dalam keterangannya, Senin (7/9/2026). Pemerintah akan terus memantau perkembangan sebaran abu vulkanik bersama BMKG, AirNav Indonesia, Kementerian Perhubungan, pengelola bandara, maskapai, serta pemangku kepentingan lainnya. Evaluasi kondisi dilakukan secara berkala berdasarkan hasil pengamatan dan pengujian untuk menentukan langkah operasional selanjutnya. Sebelumnya, PT Angkasa Pura Indonesia (Persero) atau InJourney Airports menyatakan sudah menyiapkan moda transportasi bus gratis tujuan Yogyakarta, Solo, Semarang dan Surabaya bagi penumpang terdampak penutupan sementara Bandara Soekarno-Hatta demi keselamatan penerbangan karena sebaran abu vulkanik. Staf bandara akan menyampaikan informasi ini secara langsung kepada penumpang terdampak yang ada di terminal, termasuk tata cara pendaftaran. Adapun penumpang terdampak dapat melakukan pendaftaran keberangkatan bus di posko yang akan didirikan di setiap terminal, atau di Terminal 1, Terminal 2 dan Terminal 3. Pada tahap pertama, sebanyak 8 bus disiapkan atau masing-masing 2 bus untuk setiap tujuan, dengan keberangkatan pertama pada Minggu, 6 September 2026, pukul 21.00 WIB. Apabila dibutuhkan, jumlah bus dan waktu keberangkatan akan ditambah, menyesuaikan kebutuhan yang ada. ""Penyediaan bus ini sebagai bagian dari prosedur penanganan penumpang terdampak atau Service Recovery Activation (SRA) menyusul penghentian aktifitas penerbangan di Bandara Soekarno-Hatta demi keselamatan karena indikasi sebaran abu vulkanik,"" ujar Corporate Secretary Group Head InJourney Airports Arie Ahsanurrohim dalam keterangannya kemarin. Di samping penyediaan bus gratis menuju Yogyakarta, Solo, Semarang dan Surabaya, termasuk SRA adalah penyediaan makanan dan minuman ringan serta penyiapan area khusus di terminal bagi penumpang terdampak. (hal/ara)";finance
87;"Penerapan kebijakan Zero Over Dimension Over Loading (ODOL) secara penuh pada Januari 2027 dinilai perlu disiapkan dengan regulasi, roadmap, dan tahapan implementasi yang jelas. Anggota DPR-RI Komisi V, Sofwan Dedy Ardyanto mengatakan, meskipun para pemangku kebijakan telah sepakat dengan rencana Zero ODOL, penerapannya tidak bisa dilakukan tanpa tahapan yang jelas. ""Saya tidak yakin bahwa serta merta dalam satu hari atau satu bulan, ruas-ruas jalan poros transportasi logistik di Indonesia ini akan Zero ODOL,"" katanya dalam keterangan tertulis, Senin (7/9/2026). Menurut Sofwan, Kementerian Perhubungan dan Kementerian Koordinator Bidang Infrastruktur perlu segera merilis roadmap atau peta jalan implementasi secara resmi kepada publik. ""Sebelum itu, saya rasa Komisi V juga perlu mendengarnya terlebih dahulu dari Kementerian Perhubungan roadmap-nya seperti apa,"" ucapnya. Roadmap tersebut, lanjut Sofwan, diperlukan sebagai dasar bagi kementerian teknis dalam menyusun aturan pelaksanaan, termasuk tahapan penerapan, insentif, hingga sanksi bagi pelanggaran. ""Roadmap tersebut penting, jangan sampai ada pemahaman yang berbeda dari kalangan dunia usaha,"" tukasnya. Dia mengatakan pembenahan kendaraan ODOL membutuhkan proses karena menyangkut sistem transportasi dan logistik. Menurutnya, dunia usaha juga perlu mendapat kepastian mengenai tahapan penerapan kebijakan yang akan dimulai pada Januari 2027. ""Kalangan dunia usaha pun sepertinya belum siap menyongsong penerapannya yang tinggal 3,5 bulan ke depan,"" ujarnya. Sofwan juga mengatakan Zero ODOL perlu ditempatkan sebagai bagian dari pembenahan sistem logistik nasional, bukan hanya persoalan kendaraan yang membawa muatan berlebih. ""Jika tidak ada roadmap yang jelas, saya khawatir akan menimbulkan wilayah abu-abu yang justru akan menjadi celah dalam penegakan aturan, atau tebang pilih,"" ujarnya. Menurut dia, kekhawatiran dari dunia usaha terkait penerapan Zero ODOL perlu menjadi perhatian karena kebijakan tersebut memberi gambaran bahwa kendaraan ODOL tidak lagi diperbolehkan beroperasi mulai Januari 2027. ""Karena itu, perlu segera ada sosialisasi tentang roadmap dan aturan main atau regulasinya nanti mau seperti apa, dan tahapannya mau seperti apa,"" tandasnya. Sofwan juga menyinggung rencana penerapan Electronic Traffic Law Enforcement (ETLE) yang mendapat respons dari pengusaha truk terkait penerapannya. Menurutnya, kejelasan regulasi akan menentukan penerapan teknologi tersebut. ""ETLE itu kan teknologi, sifatnya pendukung, untuk mendukung regulasinya. Jika regulasinya clear, aturan mainnya clear, penerapan ETLE juga akan clear,"" ungkapnya. Mengenai wacana pemberian insentif, Sofwan mengatakan mekanismenya juga perlu dimasukkan dalam roadmap. Dia mengingatkan agar pemberian insentif tidak bertentangan dengan kebijakan fiskal pemerintah yang sedang mengoptimalkan penerimaan pajak. Jika insentif diberikan, menurutnya, aturan yang disusun harus memastikan insentif tersebut tepat sasaran dan diberikan kepada pengusaha angkutan yang memenuhi ketentuan. (fdl/fdl)";finance
88;"PT Pegadaian (Persero) mencatatkan kinerja positif hingga akhir Semester I 2026. Hingga 30 Juni 2026, perusahaan berhasil membukukan laba bersih sebesar Rp 6,59 triliun, tumbuh sekitar 84,6% dibandingkan periode yang sama tahun sebelumnya sebesar Rp 3,57 triliun. Pertumbuhan tersebut sejalan dengan ekspansi bisnis Pegadaian, terutama dalam pengembangan ekosistem emas serta strategi bisnis yang disesuaikan dengan kebutuhan masyarakat. Kinerja positif juga terlihat dari total aset Pegadaian yang mencapai Rp186,33 triliun per 30 Juni 2026. Angka tersebut meningkat 53,9% dibandingkan periode yang sama tahun lalu yang tercatat sebesar Rp 121,1 triliun. Pertumbuhan aset turut ditopang oleh peningkatan Outstanding Loan (OSL) gross yang mencapai Rp 155,1 triliun. Nilai tersebut tumbuh 52,7% secara tahunan dibandingkan OSL gross sebesar Rp 101,5 triliun pada Semester I 2025. Kualitas Pembiayaan Tetap Terjaga Di tengah ekspansi bisnis dan pertumbuhan pembiayaan, Pegadaian juga mampu menjaga kualitas asetnya. Hal tersebut tercermin dari penurunan rasio Non-Performing Loan (NPL) menjadi 0,71% per 30 Juni 2026, dari sebelumnya 0,81% pada periode yang sama tahun 2025. Direktur Utama (Dirut) PT Pegadaian (Persero) Damar Latri Setiawan mengatakan pertumbuhan tersebut menjadi bagian dari upaya perusahaan untuk terus memperkuat kontribusinya terhadap perekonomian nasional di tengah berbagai tantangan ekonomi dan geopolitik. ""Alhamdulillah, Pegadaian terus membukukan pertumbuhan kinerja di tengah tantangan ekonomi dan geopolitik saat ini. Terima kasih kepada Nasabah dan seluruh masyarakat Indonesia, atas kepercayaan terhadap produk dan layanan Pegadaian,"" ujar Damar, dalam keterangan tertulis, Senin (24/8/2026). ""Dengan semangat Melayani Sepenuh Hati, Pegadaian terus meningkatkan peran dan kontribusi dalam pembangunan ekonomi, untuk MengEMASkan Indonesia,"" sambungnya. Menurut Damar, Pegadaian juga terus melakukan transformasi untuk menghadirkan produk dan layanan yang relevan dengan kebutuhan masyarakat. ""Pencapaian ini juga merupakan buah dari dedikasi dan kerja keras seluruh Insan Pegadaian. Kami berkomitmen untuk menghadirkan produk dan layanan yang relevan bagi masyarakat. Dengan hadirnya Layanan Bank Emas, serta aplikasi Tring!, harapannya mampu mempermudah masyarakat dalam berinvestasi bersama Pegadaian,"" kata Damar. Perkuat Ekosistem Emas Salah satu fokus pengembangan bisnis Pegadaian adalah memperkuat ekosistem emas melalui layanan Bank Emas atau Bullion Services. Pegadaian menawarkan sejumlah layanan dalam ekosistem tersebut, mulai dari Deposito Emas, Pinjaman Modal Kerja Emas, Jasa Titipan Emas Korporasi, hingga Perdagangan Emas. Pengembangan bisnis ini turut didukung oleh infrastruktur yang dimiliki Pegadaian. Sebanyak 90% agunan gadai di Pegadaian disebut berupa emas. Selain itu, perusahaan juga memiliki jaringan ruang penyimpanan emas atau vault dengan standar keamanan internasional. Damar menilai kondisi tersebut menjadi salah satu modal bagi Pegadaian untuk mengembangkan layanan Bank Emas sekaligus memperluas akses masyarakat terhadap produk berbasis emas. ""Emas terbukti menjadi aset aman (safe haven) yang paling diminati masyarakat. Dengan hadirnya layanan Bank Emas yang juga terintegrasi dengan Tring!, kami optimis dapat memberikan kontribusi yang signifikan terhadap roda perekonomian nasional,"" kata Damar. ""Bersama Danantara (Daya Anagata Nusantara), kami optimis untuk mewujudkan misi jangka panjang untuk MengEMASkan Indonesia,"" kata Damar. Prabowo Sebut Danantara Perkuat Kedaulatan Ekonomi Presiden RI Prabowo Subianto menegaskan bahwa pembentukan Badan Pengelola Investasi (BPI) Danantara merupakan salah satu capaian penting pemerintah dalam mengelola kekayaan dan aset negara secara lebih tertib, terukur, dan berorientasi pada masa depan. Menurut Presiden, pengelolaan yang rapi terhadap aset negara akan menjadi cadangan kekuatan ekonomi bagi generasi mendatang. ""Danantara adalah suatu dana kedaulatan di mana tabungan-tabungan kekayaan aset-aset negara disatukan, dikonsolidasi, di-manage dengan rapi. Dan ini menjadi cadangan, ini menjadi energi untuk masa depan Indonesia,"" kata Prabowo, dikutip dari laman resmi Presiden RI. ""Untuk anak, cucu, dan cicit kita,"" sambungnya. Prabowo menyampaikan bahwa Danantara memiliki nilai aset lebih dari US$ 1.000 miliar. Prabowo menyebut melalui Danantara, kekayaan negara yang sebelumnya kerap tersebar dan sulit dipantau kini dapat dikonsolidasikan dengan lebih baik. ""Alhamdulillah, kita untuk pertama kali dalam sejarah kita punya dana kedaulatan ini, Danantara ini yang nilai asetnya bernilai lebih dari seribu miliar dolar. Yang selama ini sering tidak bisa kita pantau,"" kata Prabowo. ""Sering kita tidak mengerti kekayaan kita di mana,"" pungkasnya. (anl/ega)";finance
89;"Bandara Soekarno-Hatta dan Bandara Halim Perdanakusuma lanjut ditutup hingga pukul 18.00 WIB. Penutupan diperpanjang setelah diperpanjang dari tengah malam hingga pukul 09.00 WIB hari ini. AirNav Indonesia kembali memperbarui informasi aeronautika terkait dampak sebaran abu vulkanik Gunung Anak Krakatau terhadap operasional penerbangan. Pembaruan dilakukan secara dinamis dengan mempertimbangkan perkembangan kondisi ruang udara dan aspek keselamatan penerbangan. Dalam keterangan resmi AirNav, Senin (7/9/2026), pembaruan Notice to Airmen (NOTAM) diterbitkan berupa periode penutupan sementara Bandar Udara Internasional Soekarno-Hatta (WIII) dan Bandar Udara Halim Perdanakusuma (WIHH) diperpanjang hingga estimasi pukul 18.00 WIB pada 7 September 2026. Rinciannya, ada dua NOTAM yang dirilis. Pertama, untuk Bandara Internasional Soekarno-Hatta (CGK), status CLOSED, berdasarkan NOTAM A3373/26 NOTAMR A3368/26, mulai pukul 08.28 WIB hingga estimasi pukul 18.00 WIB pada 7 September 2026. Kedua, untuk Bandara Halim Perdanakusuma (HLP), status CLOSED, berdasarkan NOTAM A3372/26 NOTAMR A3369/26, mulai pukul 08.16 WIB hingga estimasi pukul 18.00 WIB pada 7 September 2026. Penyesuaian periode penutupan tersebut merupakan langkah mitigasi untuk mendukung keselamatan penerbangan, dengan mempertimbangkan kondisi sebaran abu vulkanik Gunung Anak Krakatau. ""AirNav Indonesia terus melakukan pemantauan terhadap perkembangan kondisi ruang udara dan sebaran abu vulkanik Gunung Anak Krakatau. Informasi aeronautika akan terus diperbarui sesuai perkembangan kondisi aktual dan informasi keselamatan penerbangan,"" tulis AirNav dalam keterangannya. AirNav Indonesia juga terus berkoordinasi dengan pemangku kepentingan penerbangan untuk memastikan informasi mengenai kondisi ruang udara dan pelayanan navigasi penerbangan tersampaikan secara tepat waktu. (hal/ara)";finance
90;Harga emas Antam mengalami penurunan dan melanjutkan tren pelemahan sejak akhir pekan kemarin. Harga emas Antam 24 karat hari turun Rp 3.000 per gram berada di level Rp 2.637.000 per gram. Berdasarkan situs Logam Mulia Antam, Senin (7/9/2026), satuan harga emas hari ini yang terkecil ukuran 0,5 gram berada di angka Rp 1.368.500. Sementara harga emas 10 gram dijual dengan harga Rp 25.865.000 dan ukuran emas terbesar yakni 1.000 gram (1 kg) dibanderol Rp 2.577.600.000. Jika ditarik dalam sepekan terakhir, harga emas Antam berada dalam rentang Rp 2.624.000-2.670.000 per gram. Sementara dalam sebulan terakhir, harga emas Antam bergerak dalam rentang Rp 2.624.000-2.768.000 per gram. Buyback Emas Harga emas hari ini untuk buyback emas Antam juga turun Rp 3.000 dan berada di level Rp 2.490.000 per gram. Harga buyback adalah jika Anda ingin menjual emas, maka Antam akan membelinya dengan harga tersebut. Sesuai Peraturan Menteri Keuangan (PMK) Nomor 34 Tahun 2017, pembelian emas batangan akan dikenakan PPh 22 sebesar 0,9%. Jika ingin mendapatkan potongan pajak lebih rendah sebesar 0,45%, harus menyertakan NPWP untuk transaksinya. Rincian Harga Emas Hari Ini Harga emas 0,5 gram: Rp 1.368.500 Harga emas 1 gram: Rp 2.637.000 Harga emas 2 gram Rp 5.214.000 Harga emas 3 gram Rp 7.796.000 Harga emas 5 gram: Rp 12.960.000 Harga emas 10 gram: Rp 25.865.000 Harga emas 25 gram: Rp 64.537.000 Harga emas 50 gram: Rp 128.995.000 Harga emas 100 gram: Rp 257.912.000 Harga emas 250 gram: Rp 644.515.000 Harga emas 500 gram: Rp 1.288.820.000 Harga emas 1.000 gram: Rp 2.577.600.000 Demikian rincian harga emas hari ini keluaran Antam 1 gram hingga 1.000 gram, Senin (7/9/2026). (igo/fdl);finance
91;Nilai tukar dolar Amerika Serikat (AS) menguat terhadap Rupiah pagi ini. Mata uang Paman Sam kini berada di level Rp 17.600. Dikutip dari data Bloomberg, Senin (7/9/2026), niilai tukar dolar AS berada pada level Rp 17.664 atau menguat 0,12%. Selanjutnya, pergerakan dolar AS terhadap sejumlah mata uang lainnya bervariasi namun cenderung stagnan. Nilai tukar dolar AS terhadap dolar Kanada, CHF Swiss France, dan dolar Hong Kong berada pada posisi stagnan. Sementara untuk dolar AS melemah 0,12% terhadap yen Jepang. Begitu juga nilai tukar dolar AS terhadap won Korea melemah 2,24%. (hrp/fdl);finance
92;"Menteri Koordinator Bidang Infrastruktur dan Pembangunan Kewilayahan Agus Harimurti Yudhoyono (AHY) mengatakan 150 ribu penumpang terdampak pembatalan penerbangan imbas paparan abu vulkanik Gunung Anak Krakatau. Berdasarkan data Kementerian Perhubungan, sekitar 150 ribu penumpang terdampak gangguan operasional penerbangan dan 467 penerbangan terdampak, terdiri atas 409 penerbangan domestik dan 58 penerbangan internasional. Data ini diungkapkan AHY per 6 September 2026. Tentunya, jumlahnya bisa bertambah. ""150 ribu penumpang saat ini masih stranded atau terdampar di bandara-bandara,"" ujar AHY dalam keterangan resminya, Senin (7/9/2026). AHY mendorong seluruh pihak memberikan pelayanan terbaik kepada masyarakat yang terdampak gangguan penerbangan akibat sebaran abu vulkanik Gunung Anak Krakatau. Selain memastikan keselamatan penerbangan, pemerintah juga memberikan perhatian terhadap penanganan penumpang yang terdampak penutupan sementara sejumlah bandara. ""Prinsipnya adalah penumpang juga harus terus diberikan penjelasan, informasi yang akurat. Maskapai tidak boleh tidak terbuka. Walaupun ini force majeure, kita ingin mendorong agar maskapai juga bisa memberikan pelayanan yang baik,"" ujar AHY. Dia meminta maskapai menyampaikan informasi secara jelas kepada penumpang terkait perubahan jadwal, pembatalan, maupun pengalihan penerbangan. Pemerintah juga mendorong proses pengembalian tiket atau refund bagi penumpang yang penerbangannya dibatalkan dapat dilakukan dengan mudah. ""Termasuk bagaimana kalau refund karena tidak bisa terbang, ya harus bisa mudah untuk diberikan ganti rugi. Kemudian yang lain-lain kita terus amati dan kita terus dengarkan penjelasan dari pihak-pihak yang memiliki otoritas untuk menjelaskan secara teknis,"" kata AHY. (hal/ara)";finance
93;Indeks Harga Saham Gabungan (IHSG) pagi ini dibuka di dua arah. Sempat dibuka menguat, IHSG kemudian bergerak ke zona merah. Berdasarkan data perdagangan RTI, Senin (7/9/2026), IHSG awalnya menguat ke 6.652 pada pembukaan pukul 09.00 WIB, sejak saat itu IHSG langsung tancap gas hingga ke level tertinggi 6.662,6. Selang beberapa menit IHSG justru anjlok ke zona merah. Hingga pukul 09.05 WIB, IHSG berbalik melemah 0,13% atau turun 8,7 poin ke level 6.627,76 secara harian. Mayoritas saham yang melemah pagi ini. Sebanyak 286 saham berada di zona merah, 226 saham menguat, dan 204 saham stagnan. Volume perdagangan pagi ini mencapai 2,8 miliar saham dengan perputaran uang mencapai Rp 1,17 triliun. Frekuensi perdagangan mencapai 199.566 kali. (hal/ara);finance
94;"Ada situasi menarik yang terjadi di industri pupuk nasional. Ketika harga pupuk diturunkan hingga 20%, PT Pupuk Indonesia (Persero) justru mampu mencatatkan pertumbuhan laba yang signifikan. Sepanjang Januari-Juni 2026, Pupuk Indonesia membukukan laba bersih sebesar Rp8,51 triliun. Angka tersebut melonjak 253% dibandingkan periode yang sama tahun sebelumnya. Presiden RI Prabowo Subianto turut menyoroti kinerja tersebut dalam pidato Sidang Tahunan MPR dan Sidang Bersama DPR-DPD RI pada Jumat (14/8/2026). ""Keuntungan PT Pupuk Indonesia, perusahaan negara BUMN, keuntungannya naik 252,8%,"" kata Prabowo. Di sisi lain, pemerintah berhasil menurunkan harga pupuk hingga 20%. Prabowo menyebut penurunan harga tersebut sebagai yang pertama kali terjadi dalam sejarah. ""Harga pupuk berhasil kita turunkan 20%. Hal ini terjadi pertama kali dalam sejarah Negara Kesatuan Republik Indonesia. Pertama kali harga pupuk dapat kita turunkan kepada rakyat,"" ujarnya. Kondisi ini kemudian memunculkan pertanyaan: bagaimana perusahaan dapat mencatatkan lonjakan laba ketika harga pupuk justru diturunkan? Jawabannya tidak semata-mata berasal dari harga jual. Pupuk Indonesia melakukan transformasi bisnis dengan mengandalkan efisiensi operasional, optimalisasi aset, diversifikasi pendapatan hingga penguatan tata kelola perusahaan. Laba Tumbuh di Tengah Penurunan Harga Kinerja Pupuk Indonesia pada semester I 2026 menunjukkan bahwa pertumbuhan perusahaan tidak hanya bergantung pada kenaikan harga produk. Selain laba bersih Rp8,51 triliun, perusahaan mencatatkan pendapatan sebesar Rp59,67 triliun atau tumbuh 51% dibandingkan periode yang sama tahun sebelumnya. Sementara itu, EBITDA meningkat 140% menjadi Rp14,28 triliun. Pertumbuhan tersebut sejalan dengan peningkatan volume produksi serta efisiensi biaya operasional yang dilakukan perusahaan dalam beberapa tahun terakhir Direktur Utama Pupuk Indonesia Rahmad Pribadi mengatakan penerapan operational excellence dan cost leadership secara disiplin menjadi salah satu fondasi utama perusahaan dalam meningkatkan kinerja. Menurutnya, efisiensi yang dilakukan secara konsisten membuat perusahaan memiliki kemampuan untuk tumbuh secara berkelanjutan, termasuk ketika terjadi perubahan siklus harga komoditas. ""Berkat dukungan pemerintah melalui Danantara transformasi bisnis secara menyeluruh sudah mulai membuahkan hasil berupa capaian kinerja keuangan yang membanggakan. Dengan fondasi keuangan yang semakin kuat, kami optimistis pertumbuhan ini berkelanjutan, bukan hanya untuk kinerja perusahaan, tapi juga untuk kontribusi yang lebih besar terhadap ketahanan pangan nasional,"" ujar Rahmad. Mengandalkan Efisiensi, Bukan Sekadar Harga Industri pupuk memiliki karakteristik yang membuat biaya produksi sangat dipengaruhi harga bahan baku dan energi. Ketika harga komoditas global bergerak volatil, struktur biaya perusahaan juga dapat ikut terdampak. Untuk mengantisipasi kondisi tersebut, Pupuk Indonesia melakukan berbagai langkah untuk meningkatkan efisiensi dan memperkuat daya tahan bisnis. Perusahaan memperluas sumber pasokan dan skema kontrak bahan baku untuk meredam dampak volatilitas harga komoditas global terhadap struktur biaya. Selain itu, Pupuk Indonesia juga memperkuat kontribusi segmen non-subsidi dan produk non-pupuk sebagai bagian dari diversifikasi sumber pendapatan. Strategi tersebut membuat perusahaan tidak hanya mengandalkan satu sumber pendapatan. Dengan portofolio bisnis yang lebih beragam, kinerja perusahaan diharapkan menjadi lebih adaptif terhadap perubahan kondisi pasar. Transformasi juga dilakukan melalui operational dan digital excellence, holding business streamlining, distribusi public service obligation serta penguatan bisnis komersial. Optimalisasi Aset Jadi Kunci Penguatan kinerja keuangan yang dicapai ini memberi ruang bagi Pupuk Indonesia yang berencana melakukan peremajaan atau revitalisasi tujuh pabrik dalam lima tahun ke depan. Langkah tersebut sejalan dengan arahan Danantara untuk mengoptimalkan portofolio aset BUMN agar menjadi lebih produktif dan memberikan nilai tambah. Saat ini, Pupuk Indonesia memiliki kapasitas produksi nasional sekitar 14,8 juta ton per tahun. Kapasitas tersebut menjadi modal bagi perusahaan untuk menjaga kebutuhan pupuk domestik sekaligus menangkap peluang pasar global. Optimalisasi aset menjadi penting karena perusahaan tidak hanya dituntut menghasilkan produk dalam jumlah besar, tetapi juga memastikan setiap aset memberikan kontribusi maksimal terhadap kinerja perusahaan. Dengan fasilitas produksi yang lebih efisien, perusahaan memiliki ruang untuk menjaga biaya produksi sekaligus mempertahankan daya saing. Bisnis Tak Lagi Hanya Soal Pupuk Selain efisiensi, strategi lain yang disiapkan Pupuk Indonesia adalah memperluas portofolio bisnis. Dalam beberapa tahun ke depan, perusahaan menyiapkan sejumlah pengembangan bisnis, mulai dari metanol dan turunannya, clean ammonia hingga industrial support. Diversifikasi tersebut menjadi strategi untuk memperkuat sumber pertumbuhan sekaligus mengurangi ketergantungan terhadap siklus bisnis pupuk dan harga komoditas. Pengembangan clean ammonia juga membuka peluang bagi Pupuk Indonesia untuk masuk lebih jauh ke bisnis yang berkaitan dengan transisi energi dan kebutuhan industri masa depan. Dengan demikian, transformasi perusahaan tidak hanya berorientasi pada peningkatan laba jangka pendek, tetapi juga membangun fondasi bisnis yang mampu bertahan menghadapi perubahan ekonomi global. Efisiensi Tetap Harus Berujung ke Petani Di tengah transformasi korporasi tersebut, tujuan utama industri pupuk tetap berkaitan dengan kebutuhan petani. Penurunan harga pupuk hingga 20% diharapkan membuat pupuk semakin terjangkau. Pemerintah juga berupaya memperbaiki tata kelola distribusi agar pupuk dapat lebih cepat sampai ke petani. Pupuk Indonesia mencatat sepanjang 2025 telah menyalurkan 8.110.571 ton pupuk bersubsidi. Jumlah tersebut meningkat 10,68% dibandingkan tahun sebelumnya. Peningkatan penyaluran tersebut didukung implementasi sistem i-Pubers yang mempercepat dan mempermudah proses penebusan pupuk. Penerapan Peraturan Presiden Nomor 6 Tahun 2025 juga menyederhanakan tata kelola penyaluran pupuk bersubsidi. Tercatat hingga 1 September 2026, sebanyak 6,33 juta ton pupuk bersubsidi telah sukses disalurkan ke berbagai daerah. Penyaluran yang telah mencapai 64,3% dari total alokasi 9,8 juta ton pemerintah ini mencerminkan kerja keras tim di lapangan demi mendukung produktivitas hasil tani Indonesia. ""Sejalan dengan agenda transformasi BUMN yang didorong Danantara, semua perubahan struktural ini bermuara pada satu hal, pupuk yang terjangkau dan lebih cepat sampai ke petani, dengan cost yang lebih sehat bagi negara serta menjaga ketahanan pangan,"" ungkap Rahmad. Artinya, efisiensi yang dilakukan perusahaan bukan sekadar untuk memperbaiki laporan keuangan. Efisiensi juga diarahkan agar perusahaan mampu menjaga ketersediaan pupuk sekaligus memberikan harga yang lebih terjangkau kepada petani. Bukan Sekadar Mengejar Laba Lonjakan laba 253% pada semester I 2026 menunjukkan bahwa peningkatan keuntungan dapat berjalan beriringan dengan upaya menghadirkan pupuk yang lebih terjangkau. Kuncinya adalah membangun struktur bisnis yang lebih efisien dan tidak sepenuhnya bergantung pada kenaikan harga jual. Pupuk Indonesia kini menggabungkan efisiensi biaya, optimalisasi aset, digitalisasi, diversifikasi bisnis dan penguatan tata kelola sebagai bagian dari strategi jangka panjang. Rahmad menegaskan keberlanjutan laba perusahaan tidak semata-mata diukur dari seberapa tinggi angka keuntungan yang dapat dicapai setiap tahun. ""Bagi kami, keberlanjutan laba bukan soal mengejar angka tertinggi tiap tahun, tapi memastikan fondasi yang cukup kuat untuk tetap tumbuh meski kondisi global berubah-ubah. Ketahanan bisnis kami bukan hanya soal bertahan dari gejolak industri, tapi juga soal memastikan pertumbuhan ini dirasakan langsung oleh pelaku usaha kecil dan petani di akar rumput,"" pungkas Rahmad. Dengan strategi tersebut, pertumbuhan Pupuk Indonesia ke depan tidak hanya diharapkan memperkuat kinerja perusahaan, tetapi juga menjaga keseimbangan antara profitabilitas, keterjangkauan harga pupuk dan kepentingan petani. Pada akhirnya, pertanyaan mengenai bagaimana laba bisa naik ketika harga pupuk turun menemukan jawabannya pada satu kata: efisiensi. Ketika biaya dan operasional dikelola lebih baik, ruang untuk meningkatkan keuntungan sekaligus memberikan manfaat kepada konsumen menjadi semakin terbuka. (anl/ega)";finance
95;Market Overview Dari perdagangan saham terakhir, Indeks Harga Saham Gabungan (IHSG) ditutup turun 0,47% ke level 6.636,48 pada Jumat (4/9). Saham Sinergi Inti Andalan Prima (NATO) menjadi salah satu saham dengan kenaikan terbesar, yakni 24,63%. Pergerakan positif juga dicatatkan oleh IMPC yang naik 6,76% dan TINS sebesar 8,07%. Sebaliknya, sejumlah saham berkapitalisasi besar berada di zona merah. BBCA turun 1,11%, ASII melemah 2,97%, sedangkan BMRI terkoreksi 0,90%. Investor asing membukukan penjualan bersih sebesar Rp 317,07 miliar di pasar reguler. Jika memperhitungkan seluruh pasar, posisi asing tercatat net sell Rp 29,76 miliar. Dari 11 sektor yang diperdagangkan, sebanyak 8 sektor berakhir di zona merah. Sektor Transportasi dan Logistik mencatat penurunan paling dalam sebesar 1,09%. Sementara itu, sektor Energi menjadi sektor dengan penguatan terbesar, meski hanya naik 0,22%. Pergerakan bursa Amerika Serikat juga berakhir melemah. Dow Jones turun 0,51% ke 53.414, S&P 500 terkoreksi 0,38% ke 7.718, sementara Nasdaq turun 0,29% ke 26.506. Di pasar offshore, ETF EIDO tercatat turun 1,20%, sedangkan indeks MSCI Indonesia melemah 1%. Penyebaran abu vulkanik di wilayah Jabodetabek berpotensi meningkatkan kebutuhan masyarakat terhadap produk masker. Kondisi tersebut dinilai dapat memberikan sentimen positif bagi emiten yang bergerak di sektor terkait, termasuk MEDS dan OMED. Berita Emiten Bank BTPN Syariah (BTPS) BTPS mengumumkan rencana pembelian kembali saham dengan dana maksimal Rp 1 triliun. Dana tersebut seluruhnya akan berasal dari ekuitas perseroan. Dalam rencana tersebut, jumlah saham yang dapat dibeli kembali maksimal mencapai 10% dari modal ditempatkan. Angka tersebut merupakan batas maksimal sesuai ketentuan yang berlaku. Berdasarkan proforma laporan keuangan per 30 Juni 2026, aksi tersebut diperkirakan membuat total aset BTPS turun dari Rp 23,30 triliun menjadi Rp 22,30 triliun. Sementara total ekuitas diproyeksikan berkurang dari Rp 10,26 triliun menjadi Rp 9,26 triliun. Laba tahun berjalan juga diperkirakan turun dari Rp 655,49 miliar menjadi Rp 650,16 miliar akibat biaya pelaksanaan buyback. Namun, laba per saham atau EPS diproyeksikan meningkat dari Rp 85,09 menjadi Rp 94,54. Buyback dapat dilakukan dalam jangka waktu maksimal 12 bulan sejak 14 Oktober, dengan terlebih dahulu memperoleh persetujuan dalam RUPSLB yang dijadwalkan pada 13 Oktober. Buana Lintas Lautan (BULL) BULL membukukan kinerja yang kuat pada semester I-2026. Laba bersih perseroan melonjak 739% secara tahunan menjadi US$58,41 juta, dibandingkan US$6,96 juta pada periode yang sama tahun sebelumnya. Pertumbuhan laba tersebut ditopang oleh kenaikan pendapatan sekaligus perbaikan margin. Pendapatan BULL tercatat US$128,73 juta, naik 84% dari US$69,95 juta pada semester I-2025. Laba kotor bahkan meningkat 243% menjadi US$66,05 juta. Alhasil, margin laba kotor perseroan naik menjadi 51,3% dari sebelumnya 27,5%. Kontributor utama pertumbuhan berasal dari bisnis angkutan kapal. Pendapatan freight meningkat menjadi US$126,32 juta dari US$63,10 juta. Sementara itu, pendapatan dari segmen gas tumbuh menjadi US$6,41 juta dari sebelumnya US$0,36 juta. BULL juga tengah memperkuat bisnis LNG dengan menambah armada. Untuk mendukung rencana ekspansi tersebut, perseroan juga sedang menjajaki opsi rights issue. Raharja Energi Cepu (RATU) RATU berencana menerbitkan saham baru melalui private placement maksimal 271,51 juta saham. Jumlah tersebut setara 10% dari saham yang telah ditempatkan dan disetor penuh. Harga pelaksanaan akan ditetapkan minimal 90% dari rata-rata harga penutupan saham RATU selama 25 hari bursa berturut-turut di pasar reguler. Dengan asumsi harga pelaksanaan Rp 6.000 per saham, RATU berpotensi memperoleh dana sekitar Rp 1,63 triliun dari aksi tersebut. Dana hasil private placement akan digunakan untuk kebutuhan modal kerja serta pengembangan kegiatan usaha perseroan dan grup. Penggunaannya dapat mencakup pembelian aset, pembelian saham, dan/atau pemberian pinjaman. Bagi pemegang saham lama, aksi ini berpotensi menyebabkan dilusi maksimal 9,09%. Rencana private placement tersebut masih menunggu persetujuan pemegang saham independen melalui RUPSLB yang dijadwalkan pada 8 September. Jika memperoleh persetujuan, pelaksanaan PMTHMETD dapat dilakukan paling lama dua tahun sejak tanggal RUPSLB. Rekomendasi Saham Hari Ini - TINS - Buy 4390-4420 | TP 4500-4570 | SL 4120 - IMPC - Buy 1480-1495 | TP 1500-1550 | SL 1385 - SOCI - Buy 630-640 | TP 650-665 | SL 595 - MTEL - Buy 484-488 | TP 496-500 | SL 466 - OMED - Buy 242-248 | TP 254-258 | SL 232 Disclaimer: Ingat, bahwa segala analisis dan rekomendasi saham dalam artikel ini bersifat informatif sekaligus bukan merupakan ajakan untuk membeli atau menjual saham tertentu. (ang/ang);finance
96;"Ratusan penerbangan dibatalkan imbas abu vulkanik erupsi Gunung Anak Krakatau karena bandara di sekitar selatan Sumatera dan barat Jawa ditutup. Beberapa maskapai menyatakan siap mendampingi para penumpang untuk mendapatkan refund atau pengembalian dana hingga penjadwalan ulang penerbangan. Dikutip dari media sosial resmi maskapai, Senin (7/9/2026), Garuda Indonesia meminta penumpang untuk memastikan status penerbangan melalui beberapa saluran, mulai dari kanal pemesanan tiket yang digunakan, media sosial resmi Garuda @garuda.indonesia, ataupun melalui contact center 08041807807 atau 021-23519999. ""Apabila penerbangan Anda terdampak kami siap membantu Anda memperoleh opsi perubahan jadwal perjalanan atau prosedur full refund sesuai ketentuan yang berlaku,"" tulis Garuda dalam pengumumannya di media sosial. Citilink juga mengumumkan hal yang sama, maskapai mengarahkan agar penumpang menghubungi contact center 08041080808. Maskapai memastikan penumpang dapat melakukan perubahan jadwal tanpa biaya sekaligus pengembalian dana secara penuh. ""Bagi penumpang Citilinkers, perubahan jadwal (reschedule) dapat dilakukan tanpa biaya tambahan atau dapat mengajukan pengembalian dana (full refund),"" ujar maskapai dalam pengumumannya di media sosial resmi @citilink. Pelita Air juga mengumumkan penumpang yang terdampak pembatalan penerbangan dapat melakukan pengembalian dana ataupun opsi penjadwalan ulang. ""Untuk penumpang terdampak dapat mengubah jadwal tanpa biaya tambahan atau mengajukan pengembalian dana penuh melalui contact center kami di WhatsApp 08117110800,"" tulis maskapai lewat media sosial resmi @pelitaair. Lion Air Group dengan maskapai Lion Air, Batik Air, dan Super Air Jet juga mengungkapkan pihaknya memberikan opsi penjadwalan ulang dan pengembalian dana kepada para penumpang yang penerbangannya dibatalkan. ""Bagi pelanggan yang penerbangannya terdampak, Lion Group memberikan pilihan perubahan jadwal penerbangan (reschedule) atau pengembalian dana tiket (refund) sesuai ketentuan berlaku,"" tulis pengumuman Lion Air dalam Instagram resmi @lionairgroup. Penumpang diminta menghubungi kanal tempat pembelian tiket untuk mendapatkan informasi dan bantuan terkait reschedule dan refund. Apabila tiket dibeli melalui online travel agent (OTA), proses dilakukan pada OTA tersebut. Penumpang bisa juga menghubungi contact center resmi melalui WhatsApp di nomor 081119380888. Maskapai TransNusa juga berkomitmen untuk memberikan penanganan kepada penumpang yang terdampak pembatalan penerbangan sesuai dengan ketentuan yang berlaku. Penumpang dapat memperoleh beberapa pilihan, antara lain penjadwalan ulang tanpa biaya tambahan, pengalihan rute melalui bandara alternatif yang masih beroperasi normal apabila memungkinkan, atau pengembalian dana, sesuai dengan ketentuan yang berlaku. ""Informasi mengenai penanganan bagi penumpang terdampak dapat diperoleh melalui Call Center TransNusa di +62 21 6310 888, serta website dan kanal media sosial resmi TransNusa,"" tulis maskapai dalam keterangan resminya. (hal/ara)";finance
97;"Penutupan beberapa bandara imbas abu vulkanik Gunung Anak Krakatau diperpanjang hingga 7 September 2026 pukul 09.00 WIB pagi ini. Menteri Perhubungan Dudy Purwagandhi mengatakan, pengoperasian kembali bandara terdampak abu vulkanik Gunung Anak Krakatau akan dilakukan ketika keselamatan sudah dapat diketahui secara pasti. Untuk Bandara Soekarno-Hatta Tangerang, hal tersebut dilakukan sesuai NOTAM A3368/26 NOTAMR A3355/26 berlaku s.d. 08.59 WIB. Penutupan serupa juga dilakukan di bandara lainnya antara lain Bandara Halim Perdanakusuma Jakarta, Bandara Radin Inten II Lampung, Bandara Husein Sastranegara Bandung, Bandara Budiarto Curug Tangerang, Bandara Pondok Cabe Tangerang Selatan, Bandara Taufik Kiemas di Pesisir Barat Lampung, serta Bandara Atung Bungsu di Pagar Alam Sumsel. ""Keselamatan menjadi prioritas kita. Kami melihat situasi terakhir berdasarkan informasi yang diberikan BMKG. Jadi kami belum bisa memastikan kapan akan berakhir karena cuaca terlalu dinamis. Tadi disampaikan BMKG bahwa setiap layer ketinggian arah anginnya cepat berubah, sehingga ini yang harus kita pastikan,"" ujar Dudy dalam keterangan tertulis, Senin (7/9/2026). Hingga saat ini, Kementerian Perhubungan terus memantau perkembangan aktivitas dan penyebaran abu vulkanik Gunung Anak Krakatau. Salah satu upayanya adalah melakukan paper test setiap 30 menit sekali di seluruh bandara, guna mengetahui apakah penyebaran abu semakin melebar atau berkurang. Jika kondisi sudah kembali normal dan bandara bisa kembali beroperasi, Dudy menegaskan, akan dilakukan pemeriksaan terlebih dahulu pada pesawat yang akan digunakan. ""Biasanya semua airlines sudah menyiapkan. Kalau ada apa-apa, jika harus menginap, mereka akan tutup mesinnya. Itu pun nanti kalau misalnya (bandara) sudah buka, mereka harus melakukan pemeriksaan dulu sebelum beroperasi untuk memastikan tidak ada debu di mesin. Kita pastikan harus dicek dulu sebelum beroperasi untuk keselamatan penerbangan,"" ujar Dudy. (hal/ara)";finance
98;Samarinda - Debit Sungai Mahakam menyusut di Samarinda, Kalimantan Timur. Kondisi itu membuat muatan tongkang batu bara dibatasi demi keselamatan pelayaran. Foto udara memperlihatkan kapal tongkang melintasi Sungai Mahakam yang mengalami penyusutan debit air di Samarinda, Kalimantan Timur. ANTARA FOTO/Angga Palguna Kapal tongkang pengangkut batu bara melintas di Sungai Mahakam saat debit air menyusut. Kondisi tersebut dapat memengaruhi keselamatan dan kelancaran proses pelayaran. ANTARA FOTO/Angga Palguna Kantor Kesyahbandaran dan Otoritas Pelabuhan (KSOP) Samarinda menginstruksikan perusahaan dan pemilik pelabuhan membatasi muatan tongkang batu bara menjadi 5.500-6.000 ton dari sebelumnya 7.000 ton akibat penyusutan debit Sungai Mahakam dan Barito. ANTARA FOTO/Angga Palguna;finance
99;"Kementerian Keuangan (Kemenkeu) menyebut pajak di Indonesia relatif lebih terjangkau dibanding negara-negara besar di Eropa. Hal tersebut terjadi karena belanja negara tidak dibebankan dari penerimaan hasil pungutan pajak. Direktur Jenderal Stabilitas dan Pengembangan Sektor Keuangan (SPSK) Kemenkeu, Herman Saheruddin, bahkan menyebut pajak di Indonesia lebih rendah dibandingkan Belanda. ""Indonesia itu pajaknya tinggi atau rendah? Nah, kalau teman-teman nanti sekolah lanjut, sekolah S2 misalnya di luar negeri ya, kayak di Belanda, pajaknya itu jauh lebih tinggi daripada di Indonesia. Jadi, Indonesia ini termasuk salah satu negara yang pajaknya terjangkau,"" ungkap Herman dalam acara Lampung Financial Festival, Minggu (6/9/2026). Herman mengatakan, pajak di Indonesia relatif lebih rendah karena pemerintah memperluas penerimaan untuk belanja negara. Anggaran tersebut dialokasikan untuk pembangunan infrastruktur hingga gaji Pegawai Negeri Sipil (PNS). Salah satu penerimaan untuk mendanai belanja negara adalah penerbitan instrumen investasi surat berharga negara (SBN). Instrumen ini tidak hanya dijual di pasar domestik, tetapi juga luar negeri. ""Jadi sebenarnya SBN itu ada untuk membantu negara melakukan pembangunan. Jadi tidak selalu mengandalkan pajak, tapi dari SBN,"" ungkapnya. Herman menambahkan, SBN menjadi investasi yang aman seperti emas dengan imbal hasil sebesar 7%. Investasi di instrumen SBN juga bisa dilakukan melalui layanan mobile banking. ""Jadi, kapan waktunya tempat investasi? Ya, sekarang. Kalau kita sudah punya pendapatan yang positif, langsung sisihkan minimal untuk tabungan,"" pungkasnya. (ahi/acd)";finance
100;"Layanan angkutan penyeberangan lintas Merak-Bakauheni tetap berjalan normal di tengah aktivitas Gunung Anak Krakatau yang berada pada status Level III atau Siaga. Meskipun berjalan normal, Kementerian Perhubungan membatasi pelayaran kapal. Kapal dilarang mendekati kawasan dalam radius 3 kilometer dari kawah aktif Gunung Anak Krakatau selama status Level III (Siaga) masih berlaku. ""Saat ini layanan penyeberangan pada lintasan Merak-Bakauheni dan sebaliknya masih berjalan normal dengan tetap mengedepankan kewaspadaan dan keselamatan pelayaran. Sementara pelayaran dibatasi dalam radius 3 kilometer dari kawah aktif selama status Level III (Siaga),"" ujar Kepala Kantor Kesyahbandaran dan Otoritas Pelabuhan Kelas I Banten Raden Yogie Nugraha dalam keterangan tertulis, Minggu (6/9/2026). Raden juga mengingatkan agar seluruh kapal yang melintas di Perairan Selat Sunda untuk meningkatkan kewaspadaan terhadap kemungkinan aktivitas vulkanik Gunung Anak Krakatau, termasuk letusan, lontaran material vulkanik, abu vulkanik, maupun potensi gangguan terhadap keselamatan navigasi. Nakhoda juga diminta agar senantiasa memantau perkembangan informasi resmi mengenai aktivitas Gunung Anak Krakatau yang diterbitkan oleh PVMBG, BMKG, BPBD setempat, serta instansi pemerintah terkait. Dalam melakukan perencanaan pelayaran, nakhoda diminta memperhatikan kondisi cuaca, arah sebaran abu vulkanik, serta informasi keselamatan pelayaran yang diterbitkan instansi berwenang. Lebih lanjut, Kemenhub juga meminta seluruh penyelenggara pelayaran agar mengutamakan keselamatan pelayaran sesuai dengan ketentuan peraturan perundang-undangan yang berlaku. ""Apabila ditemukan indikasi bahaya yang dapat mengganggu keselamatan pelayaran, Nakhoda agar segera mengambil tindakan penghindaran yang diperlukan serta melaporkannya kepada Vessel Traffic Service (VTS), Stasiun Radio Pantai, Syahbandar terdekat, atau instansi terkait,"" katanya. (hrp/acd)";finance
101;"Jorge Martin tak gentar melihat Marc Marquez semakin mendekat di klasemen MotoGP 2026. Pebalap Aprilia itu menegaskan tetap siap melawan sang juara bertahan. Marc meraih kemenangan Sprint dan MotoGP Aragon. Martin hanya finis kelima sehingga keunggulannya di puncak klasemen terpangkas menjadi 19 poin. Marco Bezzecchi juga masih mengintai, tertinggal 24 poin dari Martin. Martin mengakui Aprilia kesulitan di Aragon. Namun, ia tidak mau menjadikan absennya pada balapan tahun lalu karena cedera sebagai alasan. ""Itu bukan alasan karena ada beberapa balapan yang tidak saya ikuti tahun lalu, dan saya tetap cepat,"" kata Martin kepada MotoGP.com. ""Jadi, ya, saya memang kesulitan. Kami mencoba menjaga semuanya tetap sederhana, tidak terlalu banyak mengubah motor. Tapi pada akhirnya, hari ini saya membutuhkan bantuan."" Martin menilai hasil naik-turun merupakan bagian dari persaingan satu musim penuh. Kini Martin mengincar kebangkitan di Misano. Ia menyukai karakter sirkuit tersebut dan yakin Aprilia bisa kembali kompetitif. ""Menurut saya, ini bagian dari kejuaraan. Ada beberapa balapan di mana kami (Aprilia) lebih baik. Ada juga beberapa balapan di mana kami lebih buruk,"" katanya. ""Misano adalah trek yang sangat saya sukai, di mana kami memiliki banyak grip, dan saya pikir dengan Aprilia serta gaya saya, kami bisa bangkit dan kembali cepat."" Martin Tak Takut Marc Menyusul Jarak 19 poin membuat Marc menjadi rival terdekat Martin. Namun, Martin justru tetap percaya diri. ""Saya pikir Marco dan Marc sama-sama merupakan kandidat juara bersama saya,"" ujarnya menganalisis persaingan dengan Bezzecchi dan Marquez. ""Saya merasa, meskipun masih dalam proses belajar, saya tetap memimpin. Jadi ini gila. Saya sangat senang. Dan saya pikir mulai sekarang saya bisa mempertahankan kepemimpinan ini. Bahkan jika Marc menyusul."" Martin berharap pengalaman dari 14 balapan sebelumnya menjadi modal penting untuk menghadapi persaingan berikutnya. ""Saya pikir ada beberapa balapan yang sangat bagus untuk saya, dan saya berharap semua yang kami pelajari selama 14 balapan ini bisa membantu saya untuk bertarung.""";olahraga
102;Sabar Karyaman Gutama/Moh. Reza Pahlevi Isfahani tersingkir dari China Masters 2026 usai kalah dari Nur Mohd Azriyn Ayub/Tan Wee Kiong. Wakil Indonesia habis di ajang ini. Sabar Karyaman Gutama/Moh Reza Pahlevi Isfahanimenghadapi Nur Mohd Azriyn Ayub/Tan Wee Kiong (Malaysia) di perempatfinal China Masters 2026. Pertandingan digelar di Court 1 Shenzen Arena, Jumat (4/9/2026) malam WIB. Sabar/Reza mengawali gim pertama dengan kurang baik. Mereka tertinggal 1-5. Unggulan keenam ini kemudian bisa mengejar hingga kedudukan sama kuat 6-6. Sabar/Reza bahkan berbalik memimpin dengan kedudukan 9-6. Sabar/Reza unggul 11-8 saat interval. Situasi tapi kemudian berubah selepas interval. Azriyn/Tan tampil agresif hingga bikin kembali sama kuat 11-11. Pasangan Malaysia mendapatkan momentum untuk menjauh. Sabar/Reza tertinggal 11-14 usai terus gagal mendulang angka. Sabar/Reza berusaha bangkit dengan bisa menipiskan jarak angka dengan cuma tertinggal satu poin saat kedudukan 15-16. Namun, setelahnya Azriyn/Tan bisa terus menjaga keunggulan. Sabar/Reza harus kalah 17-21 di gim pertama. Sabar/Reza tak mengulangi kesalahan di awal gim pertama saat memulai gim kedua. Mereka bisa unggul 6-2. Sabar/Reza tapi tak bisa menjaga keunggulan hingga Azriyn/Tan bikin skor sama kuat 6-6. Sabar/Reza berbalik tertinggal 6-10. Namun, Sabar/Reza dengan baik bangkit dengan unggul 11-10 saat interval gim kedua. Sabar/Reza konsisten menjaga keunggulan setelah interval. Sabar/Reza mengamankan gim kedua dengan skor 21-16. Laga harus ditentukan di gim ketiga. Due berlangsung sengit di awal gim ketiga hingga skor 4-4. Sabar/Reza sempat unggul 9-6 tapi Azriyn/Tan mendulang tiga angka beruntun hingga skor kembali imbang 9-9. Sabar/Reza unggul tipis 11-10 di interval gim ketiga. Selepas interval, Azriyn/Tan kembali bisa menyetarakan angka saat 12-12. Laga terus ketat hingga 16-16. Sabar/Reza bisa mendapatkan dua angka untuk unggul 18-16. Pukulan terukur Tan di depan net dan pengembalian Sabar yang melebar bikin kedudukan kembali sama kuat saat 18-18. Reza melakukan kesalahan serve di poin krusial hingga Azriyn/Tan mendapatkan match poin. Ganda Indonesia ini yang menyangkut di net bikin mereka kalah 19-21 di gim ketiga. Sabar/Reza tersingkir dari China Masters 2026. Tersingkirnya Sabar/Reza bikin wakil Indonesia habis di ajang ini. (pur/ran);olahraga
103;"Timnas voli putra Indonesia siap tempur dan bertekad mengharumkan nama bangsa di Asian Games 2026. Boy Arnez dan kawan-kawan percaya diri dapat mempersembahkan hasil terbaik. Asian Games 2026 berlangsung di Aichi-Nagoya, mulai 19 September hingga 4 Oktober 2026. Timnas voli putra telah melakukan persiapan sebulan penuh, baik fisik maupun mental. Kapten Timnas voli putra Boy Arnez menegaskan tidak ada kendala berarti selama Pelatnas. Chemistry tim sudah terbentuk. ""Persiapan kami sudah cukup lama, sebulan. Untuk chemistry tim sudah solid, tinggal membenahi kesalahan-kesalahan di game. Tapi kami optimis dapat main baik nanti di Asian Games,"" kata Boy saat ditemui di kawasan Jakarta Selatan, Jumat (4/9/2026). Di bawah asuhan pelatih Reidel Toiran, skuad Garuda memang telah digembleng habis-habisan. Mulai dari pelatihan intensif hingga uji coba melawan Kamboja. ""Kami sudah digembleng sih, mulai dari fisik ke mental. Nanti tinggal di Asian Games saja nanti gimana,"" tambah Boy. Bukan tanpa alasan Boy mengatakan demikian. Selain persiapan yang baik, mereka juga baru saja menorehkan hasil baik usai menjuarai AVC Men's Volleyball Cup 2026 di India. Di Asian Games, tim voli putra Indonesia tergabung dalam Grup B bersama Iran, Thailand, dan Kirgistan. Tak hanya Timnas voli putra, dari sektor putri, Maradanti juga meyakini tim putri juga bisa berbicara lebih di multievent terbesar di Asia tersebut. Tim putri Indonesia masuk Grup A bersama Jepang dan Nepal. ""Untuk persiapannya sih sebenarnya sudah siap ya. Karena sebelum menuju Asian Games 2026 ini kita udah mengikuti pertandingan internasional. Dan beberapa sparing-sparing dengan tim lainnya,"" papar Rara. Melihat lawan-lawan yang dihadapi di Aichi-Nagoya nanti, Baik Rara maupun Boy menargetkan lolos ke delapan besar terlebih dahulu. ""Tahap pertama masuk 8 besar dulu ya. Lalu nanti dari 8 besar kita pikir lagi buat masuk ke babak berikutnya. Step by step dulu,"" ucap Rara. (mcy/ran)";olahraga
104;"Jelang Asian Games 2026, Timnas basket 3x3 putra terbang ke Taiwan untuk mengikuti FIBA 3x3 Challenger. Ajang ini penting untuk pembentukan mental! Berlangsung di Kaohsiung, Taiwan, pada 5-6 September, Timnas basket 3x3 Indonesia berkekuatan empat pemain dari total delapan nama yang ikut latihan di persiapan tahap akhir. Keempat nama itu adalah Almando Davin Nepa Bait, Halmaheranno Aprianto Lolaru Hady, Erick Ibrahim Junior, dan Daffa Dhoifullah. Mereka berangkat ke Kaohsiung dengan membawa nama Tim Balige. Sementara dua pemain, yaitu Aymane Arip dan Richard Kornelius, akan menyusul dan bergabung untuk melakukan scrimmage dengan tim/klub lokal di Taiwan pada dua hari berikutnya, 7-8 September. Di Kaohsiung, Tim Balige akan berjuang dari babak kualifikasi. Mereka tergabung di Grup B bersama Tim Shibuya asal Jepang dan Tim Phoenix dari Amerika Serikat. Shibuya merupakan tim profesional yang diperkuat dua pemain Jepang dan rekrutan asal Latvia, Kristaps Gluditis dan Zigmars Raimo. Mereka pemain senior dengan usia 30 tahunan. Kemudian Phoenix dari USA diisi pemain matang dengan usia 29 dan 30 tahun.Untuk di Kualfikasi Grup B, hanya Balige yang diisi pemain muda dengan usia di bawah 23 tahun. Wakil Ketua Program 3x3 Badan Tim Nasional (BTN) DPP Perbasi sekaligus General Manager Timnas 3x3 Putra Derry Primasta Octa menegaskan pengiriman pemain muda ini sesuai regulasi Asian Games 2026 yang membatasi usia maksimal 23 tahun untuk basket 3x3. ""Pengalaman merasakan atmosfer pertandingan di ajang internasional dibutuhkan oleh pemain kita dalam membentuk karakter permainan menuju Asian Games 2026,"" kata Derry dalam keterangannya. ""Tim Balige dengan kekuatan pemain usia lebih muda dikirim ke ajang ini dengan tujuan membentuk mental tanding dan mengambil pengalaman serta merasakan atmosfer pertandingan di level internasional."" Derry juga menekankan, hasil akhir nomor dua. Yang utama adalah proses. ""Hasil akhir memang penting dalam pertandingan. Namun dalam proses pembentukan tim saat ini, melihat pemahaman pemain dalam menjalankan strategi permainan yang telah diberikan selama training camp nasional jauh lebih penting agar di Asian Games nanti bisa mendapatkan hasil maksimal,"" ujarnya. Di Asian Games 2026, Timnas Basket 3x3 Putra tergabung di Pool C. Di sana, Indonesia akan bersaing melawan Qatar, Taiwan, dan Bahrain. ""Komposisi pemain saat ini adalah yang terbaik dari proses training camp yang sudah berjalan, dipimpin oleh Coach Donnda. Kami melihat banyak perubahan positif sejak FIBA Batam Challenger."" ""Mari kita dukung anak-anak muda berprestasi Indonesia, wakil kita di kancah global melalui 3x3 Basket. Ultimately, kami bersama mau memberikan yang terbaik untuk Asian Games 2026,"" tegas Derry. (mcy/aff)";olahraga
105;"Di tengah ekspektasi tinggi, Pedro Acosta belum mampu menangi balapan alih-alih bersaing merebut titel juara dunia. Rider MotoGP Pol Espargaro tidak khawatir soal ini. Acosta digadang-gadang sebagai bintang MotoGP masa depan. Rider berjuluk si Hiu dari Mazarron ini bermodalkan gelar juara dunia di kelas Moto3 dan Moto2, lalu jadi rookie terbaik dua tahun lalu. Dari 54 balapan grand prix yang sudah dilakoni di kelas primer, Acosta 14 kali finis podium tanpa kemenangan. Acosta mentok finis kedua, yang dicapainya delapan kali termasuk di Aragon sepekan lalu. Tak bisa dipungkiri, Pedro Acosta mulai menghadapi tuntutan untuk memenangi balapan grand prix. Acosta sudah cukup pengalaman, plus dipersenjatai dengan tunggangan pabrikan KTM. Pol Espargaro, pebalap penguji KTM, yakin betul bahwa Acosta cepat atau lambat akan memenangi grand prix dan jadi juara dunia. Balapan di San Marino dan Austria diyakini jadi kesempatan bagus buat Acosta. ""Aku sepenuhnya yakin, dan kuharap secepatnya karena Misano, Austria itu sirkuit-sirkuit di mana dia bisa tampil bagus, dan di level Pedro sekarang dan level yang kami punya sekarang, dengan beberapa penyempurnaan dan peningkatan untuk balapan mendatang, kurasa itu mungkin,"" ucap adik kandung Aleix Espargaro ini di Marca. ""Kurasa sejak awal ini memungkinkan, tapi kemenangan itu belum memang belum terjadi tap dia sudah sangat dekat, dia dalam jalur yang benar. Bagaimanapun, kurasa kita tidak seharusnya terobsesi dengan ini."" ""Pedro akan memenangi banyak balapan, dia akan memenangi beberapa titel Kejuaraan Dunia. Aku sangat-sangat yakin dengan hal ini, ini hanya soal waktu saja,"" Pol Espargaro menambahkan tentang Acosta. (rin/aff)";olahraga
106;"Marco Bezzecchi tak sabar menghadapi MotoGP San Marino 2026. Bagi pebalap Aprilia itu, balapan di Sirkuit Misano punya arti khusus karena lokasinya sangat dekat dengan kampung halamannya, Rimini. MotoGP San Marino akan berlangsung di Misano pada 11-13 September. Bezzecchi menyebut seri ini selalu terasa berbeda dibandingkan balapan lainnya. ""Grand Prix kandang selalu memiliki sesuatu yang ajaib dan spesial,"" kata Bezzecchi seperti dilansir Motosan. Misano memang seperti rumah kedua bagi Bezzecchi. Sirkuit tersebut hanya berjarak beberapa kilometer dari Rimini, tempat kelahirannya. Saking dekatnya, Bezzecchi bahkan masih akan tinggal di rumah hingga Kamis sebelum pindah ke motorhome untuk menjalani rangkaian akhir pekan balapan. ""Misano benar-benar wilayah rumah saya. Saya di rumah sampai Kamis. Jadi, ya, ini luar biasa, selalu menjadi perasaan yang luar biasa, selalu memiliki rasa yang spesial,"" ujarnya. Bezzecchi Datang dengan Modal Bagus Antusiasme Bezzecchi semakin besar setelah dua seri terakhir memberinya hasil positif. Ia berhasil mengumpulkan poin penting untuk tetap berada dalam persaingan gelar MotoGP 2026. ""Beberapa waktu terakhir memang cukup sulit, tetapi dua balapan terakhir berjalan dengan baik. Kami berhasil mendapatkan kembali beberapa poin,"" katanya. Setelah MotoGP Aragon, Bezzecchi berada di posisi ketiga klasemen. Ia tertinggal 24 poin dari Jorge Martin yang memimpin, sementara Marc Marquez berada di posisi kedua dengan selisih 19 poin dari Martin. Karena itu, balapan di Misano bukan sekadar home race bagi Bezzecchi. Pebalap Italia tersebut juga punya kesempatan untuk memangkas jarak dalam perebutan gelar di depan pendukungnya sendiri. ""Anda harus percaya pada diri sendiri, Anda harus berjuang. Kimi melakukannya, dan saya tentu akan berusaha memberikan yang terbaik,"" ujar Bezzecchi.";olahraga
107;"Marc Marquez masih harus beradaptasi dengan kondisi lengan kanan yang jauh dari normal. Dokter yang pernah mengoperasinya, Samuel Antuna, mengungkap kekuatan lengan tersebut kini hanya sekitar 50 persen. Antuña menjelaskan kondisi itu merupakan dampak dari berbagai cedera dan operasi yang dijalani Marc. Kecelakaan di MotoGP Indonesia tahun lalu menjadi titik balik karena kembali memperburuk kondisi lengan kanannya. ""Sebelum kecelakaan di Indonesia, dia baik-baik saja. Dia bisa balapan, tidak merasakan sakit dan tidak mengeluhkan apa pun. Kecelakaan itu mengubah semuanya,"" kata Antuna kepada El Periodico yang dilansir Motosan. Masalah Marc kemudian semakin rumit karena saraf radial di lengannya sempat tertekan serpihan tulang. Kondisi itu membuatnya kehilangan kendali atas lengan saat berada dalam posisi tertentu di atas motor dan berkontribusi terhadap sejumlah kecelakaan. Setelah menjalani operasi untuk mengatasi masalah tersebut, kondisinya membaik. Namun, kekuatan lengan kanannya tetap jauh di bawah lengan kiri. ""Dia memiliki latissimus dorsi yang kuat, tetapi secara mekanis terganggu. Hal yang sama berlaku pada teres major. Namun, masalah utamanya adalah dia kehilangan kekuatan pada bisep,"" ujar Antuna. ""Lengan itu sangat terbatas dalam hal kekuatan, terutama pada bisep. Saya memperkirakan kekuatannya sekitar 50 persen dari kapasitasnya,"" lanjutnya. Antuna menegaskan Marc tidak kehilangan otot. Namun, sejumlah otot seperti trisep, latissimus dorsi, teres major, dan pektoralis mayor terdampak berbagai operasi sehingga mengalami perubahan dan sedikit atrofi. Kondisi tersebut membuat lengan kanan Marc tidak memiliki kekuatan yang sama dengan lengan kirinya. Meski begitu, pebalap Ducati itu mampu beradaptasi dengan keterbatasan fisiknya dan tetap kompetitif di MotoGP.";olahraga
108;"KTM punya sejumlah alasan merekrut Luca Marini ke Tech3 untuk MotoGP 2027. Pebalap Italia itu dinilai bukan cuma membawa pengalaman, tetapi juga bisa membantu KTM mengembangkan motor di era baru. Marini akan meninggalkan Honda HRC setelah tiga musim dan bergabung dengan Tech3 mulai 2027. Kepindahan tersebut sudah resmi diumumkan pada Agustus lalu. Ia akan menjadi salah satu bagian dari proyek baru Tech3 bersama KTM. Direktur motorsport KTM, Pit Beirer, mengungkapkan bahwa ketertarikan Marini terhadap proyek KTM menjadi salah satu faktor penting dalam keputusan tersebut. ""Kami sangat senang dia bergabung dengan kami. Luca menunjukkan ketertarikannya sejak awal, dan menurut saya penting memiliki seseorang yang benar-benar ingin datang ke sini,"" kata Beirer seperti dilansir Crash.net. Bagi KTM, antusiasme itu bukan satu-satunya pertimbangan. Marini juga dianggap punya kemampuan yang dibutuhkan untuk membantu pengembangan motor. ""Ketika berbicara dengan orang-orang di sekitarnya, jelas bahwa dia juga merupakan sosok yang hebat untuk membantu membuat motor menjadi lebih baik,"" ujar Beirer. KTM Ingin Marini Bantu Kembangkan Motor MotoGP akan memasuki era baru pada 2027. Kapasitas mesin akan turun dari 1.000 cc menjadi 850 cc, disertai perubahan besar pada regulasi teknis dan penggunaan ban Pirelli. KTM sendiri sudah mempersiapkan proyek tersebut. Mereka telah menguji mesin yang dirancang untuk era regulasi baru dan memastikan Tech3 tetap menjadi bagian dari proyek KTM mulai 2027. Dalam situasi seperti itu, pengalaman pebalap menjadi sangat penting. Beirer mengatakan KTM memang sengaja mencari kombinasi pebalap berpengalaman dan pebalap muda untuk Tech3. ""Kami berkomitmen sejak awal: kami ingin pebalap muda dan kami ingin pebalap berpengalaman. Kami tidak ingin memiliki dua pebalap muda karena ini bukan tim rookie. Ini adalah tim MotoGP yang kuat dan sekelas tim utama."" Karena itu, KTM menilai kombinasi Marini dengan pebalap muda nantinya bisa menjadi formula yang ideal. Keputusan merekrut Marini juga mendapat respons positif dari para pebalap yang akan memperkuat KTM pada 2027. Beirer menyebut para pebalap baru KTM mengetahui kemampuan Marini dalam membantu pengembangan motor. ""Mereka sangat senang karena tahu apa yang bisa dilakukan Luca dan bagaimana dia bisa membantu mengembangkan motor,"" ujarnya. (krs/yna)";olahraga
109;"Koleksi trofi Jose Mourinho di Real Madrid masih kurang Liga Champions. Mourinho mengaku tak tertekan untuk mempersembahkan gelar tersebut di periode keduanya. Madrid memenangi titel LaLiga, Copa del Rey, dan Piala Super Spanyol saat diasuh Mourinho di antara 2010-2013. Namun, kiprah Los Blancos di Eropa selalu rontok di semifinal. Di sisi lain, terakhir kalinya Madrid merengkuh gelar juara Liga Champions pada 2023/2024. Setelahnya Madrid berturut-turut terjungkal di delapan besar. Comeback Jose Mourinho di Santiago Bernabeu turut memunculkan ekspektasi untuk mengangkat trofi Si Kuping Besar untuk keenam belas kalinya. Meski begitu, Mourinho merasa tak punya utang untuk mengantar Madrid juara kompetisi itu. ""Tidak, tidak, itu kan dua periode yang berbeda,"" jawab Mourinho setelah ditanya apakah dia punya utang dengan Madrid. ""Ketika saya pergi di 2013, kami memenangi apa yang sudah kami menangi dan kehilangan apa yang hilang, dan kami sudah memberikan segala-galanya."" ""Dan ya, itu saja. Apa yang perlu saya lakukan sekarang tidak ada hubungannya dengan masa lalu,"" lugas mantan juru taktik Chelsea, Manchester United, Tottenham Hotspur, dan AS Roma ini. ""Di 2010, kami bahkan tidak mencapai perempatfinal Liga Champions dan sudah lama sekali tidak tampil di semifinal. Seakrang, kami memenangi enam Liga Champions selama satu dekade lebih sedikit,"" cetus Jose Mourinho dilansir Reuters. Real Madrid akan langsung menghadapi ujian berat di matchday 1 kompetisi itu. El Real dijadwalkan menghadapi raksasa sekaligus juara bertahan Serie A, Inter Milan, pada Rabu (9/9) dinihari WIB. (rin/mrp)";olahraga
110;"Kylian Mbappe cabut dari Paris Saint-Germain ke Real Madrid demi mengejar kesuksesan di Liga Champions. PSG justru jadi raja Eropa setelah ditinggalkannya. Mbappe pernah membela PSG pada 2018-2024. Kapten Timnas Prancis itu sukses menghadirkan 15 trofi domestik ke Les Parisiens. Liga Champions jadi trofi yang gagal diraih Mbappe bersama PSG. Dia hanya mampu membawa klub raksasa Prancis itu jadi runner-up edisi 2020. Mbappe bergabung ke Real Madrid pada 2024 dengan tujuan meraih gelar Liga Champions. Los Blancos saat itu berstatus juara bertahan dan punya koleksi 15 trofi. 2 Musim bersama Madrid, trofi Liga Champions masih belum bisa diraih Mbappe. PSG yang justru sukses menyabet 2 gelar Si Kuping Besar secara beruntun pada 2025 dan 2026. Kesuksesan PSG di Eropa saat ini membuat Mbappe ikut disorot. Banyak yang menilai Les Parisiens tampil lebih baik tanpa kehadirannya. Mbappe angkat bicara soal keberhasilan PSG di Liga Champions tanpa kehadirannya. Dia bodo amat dengan itu. ""Saya tidak bisa mengubahnya. Sejujurnya, saya tidak terlalu peduli,"" kata Mbappe, dilansir dari BBC. ""Saya tahu cara menganalisis sepakbola, saya tahu alasannya. Saya tidak tahu segalanya tentang sepakbola, tetapi saya tahu lebih banyak daripada kebanyakan orang,"" ujarnya. (bay/rin)";olahraga
111;"Inter Milan tidak cuma menghadapi Real Madrid di Santiago Bernabeu. Tapi, Nerazzurri harus mengakhiri catatan buruk enam dekade di sana. Liga Champions 2026/2027 resmi bergulir pekan ini. Salah satu laga besar di Matchday 1 Fase Liga ini adalah duel Madrid vs Inter di Bernabeu, Rabu (9/9/2026) dini hari WIB. Ini mempertemukan dua raksasa dari tiga besar liga top Eropa dengan skuad bertabur bintang. Inter boleh menepuk dada karena datang ke ibukota Spanyol dengan status juara Serie A. Sementara, Madrid lagi coba membangun lagi dinastinya setelah dua tahun tanpa gelar. Melihat start kedua tim di liga, Inter dengan tiga kemenangan boleh jadi diunggulkan di atas kertas. Tapi, Madrid yang baru kalah dari Real Betis akhir pekan lalu tidak bisa dianggap remeh. Meski masih mencari bentuk di bawah asuhan Jose Mourinho, Los Blancos adalah penguasa Liga Champions. Apalagi Inter punya catatan buruk setiap bertemu Madrid, yakni selalu kalah di lima pertemuan terakhir dengan hanya mencetak dua gol dan kebobolan 11 gol! Kemenangan terakhir didapat dengan skor 3-1 pada musim 1998/1999. Bahkan jika ditarik lebih jauh, Inter sudah 60 tahun tidak bisa menang di kandang Madrid! Bertemu di leg kedua Perempatfinal 1966/1967, Inter menang 2-0 dan lolos ke semifinal dengan keunggulan agregat 3-0. ""Tidak mudah bermain di Bernabeu. Inter sudah 60 tahun tidak menang di sini,"" ujar pelatih Inter Cristian Chivu dikutip Football Italia. ""Banyak tim kesulitan menang di sini. Kami akan lakukan sebaik mungkin, tapi tanpa mengubah gaya main kami. Kami ingin dominan, kami ingin buktikan bahwa kami lebih baik, dan tidak ada cara pasti untuk menghadapi Real Madrid."" (mrp/bay)";olahraga
112;"Liga Jasa Keuangan (LJK) yang lebih dikenal dengan kompetisi basket kini mulai merambah ke padel. LJK untuk pertama kalinya menggelar padel mulai tahun ini. Sebanyak 20 tim dari 20 institusi keuangan mengikuti rangkaian kompetisi yang dibuka oleh Wakil Ketua Dewan Komisioner Otoritas Jasa Keuangan (OJK) Hernawan Bekti Sasongko di Milo's Padel Kemang, Jakarta, Minggu (6/9/2026). Opening ceremony menghadirkan parade tim, pertandingan eksibisi level eksekutif, serta pertandingan awal fase grup. Kegiatan turut dihadiri Deputi Gubernur Bank Indonesia Solikin M. Juhro dan jajaran pimpinan dari berbagai institusi peserta. Peserta datang dari tiga kelompok utama, Sektor perbankan diwakili 13 institusi, sektor asuransi dan keuangan nonbank, dan kelompok regulator serta lembaga terkait. Setiap institusi menurunkan satu tim yang terdiri atas lima pemain putra dan lima pemain putri, serta didampingi maksimal tiga ofisial, dengan total sebanyak 200 pemain tercatat mengikuti turnamen. ""Masuknya padel sebagai cabang baru menunjukkan bahwa Liga Jasa Keuangan terus berkembang mengikuti minat insan jasa keuangan. Namun, yang paling penting bukan sekadar cabang olahraganya, melainkan semangat yang dibawa: berani bertanding, menjunjung sportivitas, dan membangun kekompakan,"" kata Ketua Pengurus LJK Insan Hasani. Dalam setiap pertemuan beregu, tim bertanding pada tiga kategori: Men's Doubles, Women's Doubles, dan Mixed Doubles. Kompetisi dimulai dari fase kualifikasi dan grup, kemudian berlanjut ke perempat final, semifinal, perebutan tempat ketiga, dan final. Format berjenjang tersebut membuat setiap hasil pada fase grup menentukan langkah tim menuju babak gugur. Penyelenggaraan juga didukung perangkat pertandingan profesional, pengaturan level pemain, sistem skor, dan publikasi kegiatan. ""Kami merancang kompetisi ini dalam format beregu agar setiap tim tampil sebagai satu kesatuan sehingga strategi, kedalaman skuad, dan konsistensi menjadi penentu. Harapannya, turnamen ini berlangsung kompetitif, fair, dan memberikan pengalaman pertandingan yang baik dan dapat dinikmati bagi seluruh peserta,"" ujar Ketua Pelaksana LJK Padel Greatman Rajab. LJK pertama kali diselenggarakan pada 2017 sebagai wadah olahraga bagi regulator, pelaku industri, dan pemangku kepentingan sektor jasa keuangan. Memasuki penyelenggaraan ke delapan pada 2026, penambahan padel memperluas cabang yang dipertandingkan sekaligus merespons minat komunitas terhadap olahraga tersebut. Mengusung tema ""Play Bold, Build Bonds"", LJK Padel 2026 memadukan persaingan yang sehat dengan sportivitas dan kekompakan tim. Penutupan pada 27 September 2026 akan menjadi momentum penyerahan penghargaan sekaligus apresiasi kepada seluruh tim yang mengikuti penyelenggaraan perdana cabang padel. Lebih dari sekadar kompetisi, LJK Padel 2026 diharapkan menjadi medium yang efektif untuk memperkuat konektivitas dan kolaborasi antarinsan industri jasa keuangan. Di saat yang sama, sportivitas yang tumbuh dalam pertandingan-melalui disiplin, integritas, kerja sama tim, dan sikap saling menghormati-mencerminkan nilai-nilai yang juga dibutuhkan dalam membangun ekosistem jasa keuangan yang sehat, solid, dan berkelanjutan. (mro/bay)";olahraga
113;"Wasit Chris Kavanagh jadi sorotan usai memimpin duel Arsenal kontra Chelsea. Beberapa keputusan yang diambilnya menimbulkan kontroversi. Arsenal vs Chelsea tersaji di Emirates Stadium dalam lanjutan Liga Inggris, Minggu (6/9/2026). Pertandingan berakhir untuk kemenangan Meriam London 2-1. Chelsea unggul lebih dulu lewat gol Morgan Rogers. Arsenal membalas via gol Kai Havertz dan Martin Odegaard. Duel bertajuk Derby London ini diwarnai berbagai insiden panas. Salah satunya keributan antara Morgan Rogers dan Declan Rice di babak kedua. Rice terekam kamera menjegal Rogers yang sedang berlari dari belakang. Rogers langsung menghampiri Rice dan mendorongnya penuh emosi. Wasit Chris Kavanagh memberi kartu kuning atas sikap Rogers. Namun, tidak ada hukuman yang diberikan kepada Rice yang memicu insiden ini. Keputusan Kavanagh tak memberi kartu kuning kepada Rice dipertanyakan Gary Neville. Legenda Manchester United ini menilai pemain Arsenal itu layak dihukum karena menjegal jatuh lawan yang tak menguasai bola. Actually nuts how rogers got a yellow and rice got away with this pic.twitter.com/P5SEs92f8O — 🦈 (@cfcyusxf) September 6, 2026 ""Morgan Rogers marah dan dia mendorong Declan Rice. Dia sudah benar. Rice menjegalnya,"" kata Neville kepada Sky Sports. ""Saya tak percaya wasit tidak melihat itu. Declan Rice sadar dia tak bisa membalas Morgan Rogers, mereka rekan setim di Timnas Inggris,"" ujarnya. Selain insiden Rogers dan Rice, Kavanagh juga tak memberi hukuman saat Gabriel Magalhaes menyepak kepala kiper Chelsea Emiliano Martinez di babak pertama. Insiden tersebut dianggap sebagai ketidaksengajaan, sehingga bek Arsenal itu lolos dari sanksi. (bay/mrp)";olahraga
114;"Fiorentina sudah punya pelatih baru pengganti Fabio Grosso. La Viola resmi memulangkan Paolo Vanoli. Vanoli diangkat sebagai pelatih Fiorentina sampai akhir musim ini. Dia ditugaskan mengangkat performa tim yang berantakan bersama Grosso, karena jadi juru kunci di klasemen Liga Italia dengan nol poin dari tiga laga dan kebobolan paling banyak, sembilan gol! ""Fiorentina mengumumkan pengangkatan Paolo Vanoli sebagai pelatih kepala tim utama,"" ujar pernyataan resmi klub. ""Kami ingin berterima kasih atas kesediaan Vanoli menerima tawaran menjadi pelatih klub ini lagi dengan cepat. Pelatih akan langsung memimpin sesi latihan sore ini."" Grosso sejatinya ditunjuk menjadi pengganti Vanoli musim panas lalu. Manajemen Fiorentina kala itu tidak puas dengan kinerja Vanoli yang menggantikan posisi Stefano Pioli November 2025. Sebab Fiorentina lebih banyak berkutat di papan bawah sebelum akhirnya lolos dari degradasi setelah finis posisi ke-15. Sayangnya, Grosso bernasib sama seperti Pioli musim, dipecat karena Fiorentina belum pernah menang. Bedanya kali ini Fiorentina cuma butuh tiga laga untuk mengeluarkan surat PHK. Vanoli akan melakukan debutnya saat Fiorentina melawat ke markas Venezia akhir pekan ini. (mrp/bay)";olahraga
115;"Padel kini sudah jadi gaya hidup masyarakat urban di Indonesia. Tidak cuma untuk berolahraga, padel bisa jadi ajang reunian. Hal ini yang dilakukan oleh alumni Fakultas Hukum (FH) Universitas Trisakti angkatan 1999. Pada Minggu (6/9/2026) kemarin, berlokasi HQ Padel & Tennis, Pesanggrahan, Jakarta Selatan, mereka melakukan kegiatan gathering namun dikemas dalam bentuk turnamen padel bertajuk ""Ngedadak Padel"". Para alumni FH Trisakti tersebut juga diperbolehkan membawa pasangan mereka masing-masing untuk bersaing dalam pertandingan nomor campuran. Turnamen padel ini diikuti oleh 16 fixed partners dan mixed partners yang terbagi ke dalam 4 grup. Para peserta pun terlihat tampil antusias dan kompetitif. ""Intinya ini untuk menjaga silaturahmi. Kami angkatan 99 FH Trisakti memang sering membuat kegiatan kumpul-kumpul, dan salah satunya ini adalah padel. Apalagi padel juga sedang digemari, baik laki-laki maupun perempuan,"" ujar salah seorang panitia, Mega Ruhapy, dalam keterangan kepada media Kegiatan ini memang hanyalah ajang silaturahmi. Namun, panitia tampak begitu serius dalam menyelenggarakan acara. Podium untuk juara pertama, peringkat runner-up, dan ketiga disiapkan. Pemenang juga berhak mendapatkan penghargaan, medali, dan hadiah. Arie Pujianto, salah seorang alumni yang menjadi motor penggerak aktivitas olahraga di kalangan alumni FH Universitas Trisakti, menyebut angkatannya memang tergolong cukup aktif menggelar kegiatan seperti ini. Kegiatan olahraga seperti padel ini diyakini Arie menjadi pilihan yang tepat untuk bersilaturahmi karena baik alumni laki-laki maupun perempuan bisa berpartisipasi. ""Kami dari zaman kuliah, udah lebih dari 25 tahun lalu, memang akur ya. Alhamdulillah masih berhubungan baik. Akhirnya sekarang kami coba main padel, karena para istri juga bisa main,"" kata Arie. ""Mudah-mudahan, dengan adanya turnamen padel perdana kami ini, bisa juga mengangkat kemauan dari angkatan FH Trisakti yang lain. Pastinya seru kalau seluruh FH Trisakti bisa melakukan gathering,"" sambungnya. Arie menyebut alumni angkatan 99 FH Trisakti juga berencana menggelar turnamen padel ke depannya, tetapi diadakan di Asha Beach Club & Resort di Pulau Payung, Kepulauan Seribu. Tak Cuma Padel Arie dan para alumni FH Trisakti rupanya juga tergabung dalam klub sepak bola Inkracht Sakti FC, yang dijadwalkan mengikuti kejuaraan dunia antar advokat atau Mundiavocat 2027 di Bali, 21-25 April 2027. ""Mundiavocat ini juga jadi salah satu fokus kita. Kami dari Inkracht Sakti FC memang basicnya adalah para lawyer lulusan Trisakti. Namun, mungkin kami juga membuka peluang untuk mengajak pemain dari Peradi FC,"" ucap Arie. Arie yang menjabat sebagai kapten tim Inkracht Sakti FC, menambahkan, untuk menghadapi Mundiavocat tahun depan, skuad sudah harus terbentuk pada bulan November 2026 sehingga tim bisa lebih berkonsentrasi melakukan persiapan. Inkracht Sakti FC sendiri telah menunjuk seorang pelatih profesional yang dikenal di kalangan olahraga futsal, yakni Mario Silitonga. Mario memang sudah berkali-kali membawa tim advokat Indonesia berkompetisi di kejuaraan dunia sepak bola antar advokat. Tangan dingin dan pengalaman Mario diharapkan bisa membawa Inkracht Sakti FC mencapai prestasi membanggakan. ""Untuk Mundiavocat, biasanya negara unggulan dari Asia itu adalah Thailand, Iran, dan Jepang. Dulu saya pernah membawa tim sepak bola advokat Indonesia sampai ke peringkat ketiga,"" kata Mario. Agenda terdekat, Inkracht Sakti FC akan menggelar pertandingan pemanasan menghadapi para mantan pemain profesional Malaysia, Sabah FC, di Jakarta, 20 September. (mrp/bay)";olahraga
116;"Superstar Bayern Munich Harry Kane digadang-gadang sebagai salah satu kandidat terkuat merebut Ballon d'Or 2026. Meski begitu, Kane pasrah dengan hasilnya. Penyerang sekaligus kapten Timnas Inggris itu mengarungi musim 2025/2026 secara sensasional. Sebanyak 73 gol diceploskan Kane di level klub (61) dan internasional (12), jumlah gol yang melebihi rekor gol pemain ikonik Cristiano Ronaldo (69) di 2011/2012. Gol-gol Kane tersebut mengantar Die Roten memenangi masing-masing trofi domestik sepakbola Jerman, Bundesliga, DFB-Pokal, dan Piala Super Jerman, serta membawa Inggris finis ketiga di Piala Dunia 2026. Harry Kane diyakini akan bersaing dengan duo Barcelona dan Spanyol: Lamine Yamal, Rodri, serta megabintang Real Madrid dan Timnas Prancis Kylian Mbappe. Pemenang Ballon d'Or 2026 sendiri akan diumumkan pada 26 Oktober. ""Aku sangat bangga dengan musim yang baru saja kulewati, pastinya,"" ungkap pesepakbola berusia 33 tahun ini kepada TNT Sports. ""Belum lama, aku hanyalah seorang penggemar yang ingin menjadi seorang pesepakbola profesional, dan sekarang aku di sini, memenangi berbagai penghargaan, dan Ballon d'Or juga sama,"" lanjut Harry Kane. ""Tentu saja, memenanginya atau tidak bukan keputusanku, tergantung pada pemungutan suara dan orang-orang yang memutuskannya. Musim yang baru saja kulewati adalah musim terbaikku dan kita lihat saja nanti,"" dia menambahkan. (rin/mrp)";olahraga
117;"Hyrox tak dipungkiri lagi naik daun di dunia, terutama di Indonesia. Olahraga ini memang punya peran penting dalam menjaga stamina tubuh. Hyrox adalah kompetisi kebugaran global yang mengombinasikan lari jarak jauh dengan latihan fungsional dalam satu rangkaian perlombaan yang intens. Olahraga ini pertama kali diluncurkan di Jerman pada tahun 2017 dan dengan cepat berkembang menjadi fenomena internasional. Tujuan utama dari kompetisi ini adalah untuk menguji daya tahan (endurance) serta kekuatan (strength) peserta secara menyeluruh. Berbeda dengan kompetisi atletik lainnya yang sering kali ditujukan hanya untuk profesional, Hyrox dirancang agar inklusif bagi semua tingkat kebugaran. Peserta pemula hingga atlet elit dapat berkompetisi di bawah standar yang sama dengan waktu penyelesaian yang tercatat secara digital. Hal ini menjadikan Hyrox sebagai salah satu jenis kompetisi fitness race yang paling populer di dunia saat ini. Itulah mengapa banyak pusat kebugaran di kota-kota besar di Indonesia memasukkan Hyrox sebagai salah satu ""jualan"" karena tingginya peminat. Apalagi saat ini sudah sering dilihat kompetisi hyrox dipertandingkan. Tidak cuma dipertandingkan secara resmi, Hyrox juga kerap dijadikan sebagai gimmick dalam sebuah seremoni, salah satunya seperti di Hari Kemerdekaan ke-81 RI bulan lalu. Synergy Worldwide Indonesia, perusahaan yang bergerak di bidang nutrisi dan wellness Synergy, berkolaborasi dengan South Barn menghadirkan sebuah kompetisi fitness yang memadukan semangat olahraga, kompetisi, dan tradisi perayaan 17 Agustus melalui acara ""17 Agustusan Throwdown"" Mengusung konsep kompetisi bergaya HYROX, 17 Agustusan Throwdown menghadirkan tantangan fisik yang menguji kekuatan, daya tahan, kecepatan, dan ketangguhan peserta. Namun, berbeda dari kompetisi fitness pada umumnya, acara ini juga membawa suasana khas perayaan kemerdekaan Indonesia melalui berbagai lomba 17 Agustusan, seperti lomba makan kerupuk, dan mengigit sendok dengan kelereng. ""Kami ingin menghadirkan sesuatu yang berbeda dalam menyambut Hari Kemerdekaan. Fitness dan olahraga memiliki nilai yang sangat dekat dengan semangat perjuangan, konsistensi, disiplin, keberanian untuk menghadapi tantangan, dan tidak mudah menyerah. Melalui 17 Agustusan Throwdown, kami ingin menggabungkan nilai-nilai tersebut dengan keceriaan dan kebersamaan yang menjadi ciri khas perayaan 17 Agustus di Indonesia, Produk-produk Synergy Indonesia juga hadir untuk mendukung performa para pecinta Olahraga & Fitness"" ujar Dina Yuliyanti selaku Senior Marketing Manager Synergy Worldwide Indonesia dalam keterangan kepada detikSport. Kolaborasi bersama South Barn juga menjadi bagian dari upaya menghadirkan pengalaman olahraga yang lebih inklusif dan menyenangkan bagi komunitas. Para peserta tidak hanya ditantang untuk menunjukkan kemampuan fisik mereka dalam arena kompetisi, tetapi juga diajak untuk menikmati suasana perayaan kemerdekaan bersama komunitas dan rekan-rekan sesama pecinta olahraga. Konsep ""work hard, play hard"" menjadi salah satu semangat utama acara ini. Yang menggabungkan antara tantangan fisik dalam kompetisi dan permainan-permainan khas 17 Agustus yang menghadirkan suasana santai, penuh tawa, dan kompetisi yang bersahabat. Kehadiran 17 Agustusan Throwdown sekaligus mencerminkan semakin berkembangnya budaya fitness dan olahraga fungsional di Indonesia. Kompetisi seperti Hyrox menggabungkan berbagai elemen latihan, mulai dari kekuatan, kardio, hingga functional movements, sehingga menuntut peserta untuk memiliki kemampuan fisik yang menyeluruh. Melalui kegiatan ini, Synergy Worldwide Indonesia dan South Barn berharap semangat kemerdekaan tidak hanya dirayakan melalui seremonial, tetapi juga diwujudkan melalui gaya hidup aktif, sehat, sportif, dan penuh kebersamaan. (mrp/bay)";olahraga
118;"Bomber Bayern Munich Harry Kane sukses melampaui rekor gol Cristiano Ronaldo di musim lalu. Kane mengaku takjub sendiri dengan pencapaiannya itu. Kane mengemas total 73 gol di level klub dan internasional di sepanjang 2025/2026. Sebanyak 61 gol diceploskan Kane untuk Bayern, sedangkan 12 gol lainnya untuk Timnas Inggris. Statistik itu mengantar Kane melebihi Ronaldo, yang mencetak total 69 gol di 2011/2012. Penyerang berusia 33 tahun itu cuma kalah dari pemain ikonik Argentina Lionel Messi, yang mencetak total 82 gol di musim yang sama. ""Aku tumbuh dengan menonton Messi dan Ronaldo, era di mana mereka mendominasi dan terus mendominasi,"" sahut mantan bintang Tottenham Hotspur itu kepada TNT Sports. ""Sudah pasti, Messi satu-satunya yang telah mencetak gol lebih banyak dengan 82 gol, tapi beberapa musim lainnya, dan jumlah gol terbanyak Ronaldo, kurasa 69 gol."" ""Aku pernah memikirkan bahwa jumlah gol sebesar itu benar-benar tidak masuk akal, yang memang demikian. Mereka itu kan pemain terhebat di generasi kita, dan bisa dibilang terhebat sepanjang masa. Jadi mencetak 73 gol, bahkan bagiku sendiri, aku cukup takjub dengan hal ini, "" Harry Kane menambahkan. Gol-gol Kane itu menginspirasi Bayern Munich menyapu bersih trofi domestik (Bundesliga, Piala DFB, Piala Super Jerman), dan mencapai semifinal Liga Champions, untuk kedua kalinya dalam tiga musim terakhir. (rin/mrp)";olahraga
119;"Kylian Mbappe melirik penghargaan Ballon d'Or 2026. Capaiannya di Piala Dunia menjadi alasannya. Mbappe tampil gemilang di Piala Dunia 2026 lalu. Striker berusia 27 tahun itu membawa Prancis finis keempat dan kembali keluar jadi top skor dengan torehan 10 gol. Tambahan 10 gol membuat Mbappe menorehkan rekor sebagai top skor Piala Dunia sepanjang masa, sebab sudah mengoleksi 22 gol. Torehan itu dinilai Mbappe bisa jadi 'modal' untuk memenangkan Ballon d'Or 2026. Meski begitu, ia menilai siapa pun bebas untuk memilih pemenangnya nanti. ""Tentu saja saya telah menorehkan banyak sejarah musim panas ini di ajang olahraga paling bergengsi, tapi kita lihat saja nanti,"" kata Kylian Mbappe. ""Saya merasa ini tahun yang tepat untuk itu, tapi masih ada waktu yang cukup lama dan orang-orang bebas memilih siapa pun yang menurut mereka merupakan pemain terbaik di dunia,"" terang eks pemain AS Monaco dan Paris Saint-Germain itu. Berbanding terbalik dengan timnas, Mbappe justru apes bersama Real Madrid. Ia gagal membawa Los Blancos juara LaLiga, meski tetap menyabet gelar top skor. Mbappe menegaskan, pemain Madrid akan otomatis dikaitkan dengan penghargaan semacam Ballon d'Or. ""Menurut saya, ketika Anda bermain untuk Real Madrid-yang merupakan klub terbaik di dunia, secara alami orang-orang akan mengaitkan Anda dengan penghargaan semacam itu. Mereka akan mengaitkan Anda dengan penghargaan tim maupun penghargaan individu,"" katanya. ""Banyak orang, ketika melihat saya di jalan, berbicara kepada saya tentang Ballon d'Or, banyak orang menyebut saya sebagai calon pemenang Ballon d'Or,"" katanya. (yna/krs)";olahraga
120;"Men's World Tennis Championship 2026 sudah memasuki seri V. Sayang, tiga petenis tuan rumah gagal melaju ke babak utama. Pada putaran final kualifikasi Seri V M-15 Men's World Tennis Championship 2026, Senin (7/9/2026), Indonesia menurunkan tiga wakilnya, yakni Ethan Jake Frans, Ethan David Zapp, dan Kareem Abdul Hakim. Tapi ketiganya malah gagal menuntaskan misinya lolos ke babak utama turnamen yang berhadiah total 20 ribu dolar AS. Ada total 32 petenis dari 14 negara yang tampil di babak kualifikasi. Bertanding di lapangan A, Bali Beach Country Club, Nusa Dua, Ethan baru saja merayakan ulang tahun ke-17 itu harus tumbang dari unggulan keempat Shanker Heisnam. Ethan yang akhir pekan lalu jadi runner-up Seri IV bersama Rafalentino Da Costa kalah dengan skor 2-6 dan 3-6 dalam waktu 1,5 jam. Ethan Jake, 14 tahun, yang merupakan putra eks petenis Indonesia Wyne Prakusya kalah dari unggulan ketujuh asal Amerika Serikat Stefan Menichell, dengan skor 6-7 tiebreak 3 dan 3-6 dalam waktu 2 jam 4 menit. ""Saya tetap puas dengan performa saya di final kualifikasi ini. Apalagi saya kalah dari petenis asing seperti Stefan yang unggul teknik dan pengalaman serta peringkat ATP yang lebih tinggi,"" ujar Ethan Jake dalam rilis kepada detikSport. Wakil RI ketiga yang gagal adalah Kareem Abdul Hakim. Dia takluk dari unggulan kelima dari Selandia Baru, Matthew Shearer, 2-6 dan 5-7. Dengan hasil itu, Indonesia cuma punya empat wakil di babak utama, yakni unggulan kedua M Rifqi Fitriadi, serta Anthony Susanto, Nathan Bark, dan Rafalentino Ali Da Costa yang masuk ke babak utama dengan fasilitas wild card. Sementara itu di sektor ganda putra, Indonesia akan diperkuat oleh Rafalentino Ali Dacosta/Ethan David Zapp, Ethan Jake Frans/M. Ragil Putra, Anthony Susanto yang menggandeng petenis Taiwan Yang Cheng Chen sebagai pasangannya serta Kareem Abdul Hakim yang berpartner dengan Andrez Nech dari Hungaria. (mrp/rin)";olahraga
121;Anthony Gordon langsung bersinar di Barcelona. Winger asal Inggris itu baru saja menyamai beberapa legenda klub dalam urusan assist. Gordon langsung berkontribusi banyak untuk Barcelona di LaLiga musim ini. Pemain berusia 25 tahun itu tampil menjadi 'pelayan' lewat assist-assist berujung gol. Dari empat laga yang dimainkan, Gordon sudah memborong empat assist. Terakhir ia menorehkan satu assist saat Barcelona menggulung Valencia 5-0 di Mestalla, Minggu (6/9). Sebelumnya Gordon juga bisa memberi assist di dua laga Barcelona. Saat melawan Elche dan Rayo Valleano, ia juga bisa membantu rekannya bikin gol. Empat assist itu bikin Anthony Gordon menyamai catatan legenda-legenda Barcelona. Opta mencatat, Gordon mengukir rekor serupa Cesc Fabregas dan Luis Suarez di klub. 4 - Anthony Gordon es el tercer jugador que reparte cuatro asistencias en sus primeros cuatro partidos en LaLiga en todo el siglo XXI. 🎯 Los otros dos son Cesc Fàbregas y Luis Suárez, que también lo lograron con el FC Barcelona. 🎼 Recital. https://t.co/qkjP8SJaNQ pic.twitter.com/03ZIPEixKB Gordon cuma kalah dari Lionel Messi, yang bisa bikin lima assist dari lima pertandingan pertama LaLiga pada musim kompetisi 2011/2012. Gordon, yang dibeli Barcelona dari Newcastle United seharga 70 juta Euro, langsung meningkat permainannya. Musim lalu misalnya, ia cuma bisa bikin 2 assist dari 26 laga di Premier League. Pindah ke Barcelona, Anthony Gordon kini langsung menjadi andalan Hansi Flick. Pemain Timnas Inggris itu langsung jadi pelayan baru Blaugrana. (yna/ran);olahraga
122;Mohamed Salah belum berhenti bikin sensasi di Liga Turki. Winger Trabzonspor itu baru saja mencatatkan rekor baru di sana, apa itu? Salah kembali jadi starter saat Trabzonspor menjamu Genclerbirligi di pekan keempat, Senin (7/9/2026) malam WIB. Tapi, Paul Onouachu yang membuka keunggulan Trabzonspor pada menit kelima. Salah mencatatkan namanya di papan skor pada menit ke-14 lewat sepakan penalti ke pojok kiri gawang. Onuachu membuat gol kedua pada menit ke-22 sekaligus mengakhiri babak pertama dengan skor 3-0. Pada menit ke-59, Salah menjadi arsitek gol keempat Trabzonspor yang dibuat Ernest Muci. Umpan terukur Salah diteruskan Muci lewat sepakan keras ke pojok gawang. Pesta gol Trabzonspor ditutup gol Franculino pada menit ke-78. Trabzonspor menang 5-0 dan duduk di posisi keempat dengan tujuh poin selisih tiga angka dari Galatasaray di puncak klasemen. Tidak cuma mengantarkan Trabzonspor menang besar, Salah dengan satu gol dan satu assist sudah terlibat dalam hadirnya lima gol dari empat laga. Menurut Opta, empat gol Salah sejauh ini menjadikannya sebagai pemain asing pertama yang mencatatkan statistik itu bersama Trabzonspor sejak 2000/2001. Mantap, Salah! (mrp/bay);olahraga
123;"Federico Gatti menjadi penyelamat Juventus dari kekalahan melawan AC Milan. Dia melakukan selebrasi yang sangat emosional. Juventus vs AC Milan berlangsung di Allianz Stadium dalam lanjutan Liga Italia, Senin (7/9/2026) dini hari WIB. Pertandingan tuntas 1-1. Bianconeri tertinggal 0-1 akibat gol Alphadjo Cisse di menit ke-68. Gatti kemudian menyelamatkan muka Juventus lewat gol sundulan di injury time. Gatti masuk ke pertandingan pada menit ke-89 setelah menggantikan Zeki Celik. Saat merayakan golnya, Gatti berteriak ke arah kerumunan suporter Juventus, ""Selalu aku!"" Juventus koopt Randal Kolo Muani voor zo'n €50M en huurt Nick Woltemade (marktwaarde zo'n €55M), maar voormalig dakdekker Federico Gatti moet als gelegenheidsspits de meubelen redden. Juve is voor het zoveelste jaar op rij begonnen aan een anno zero. pic.twitter.com/hEMpaSlfC0 Hal ini mungkin merujuk perasaan Gatti yang tak kunjung mendapatkan kepercayaan penuh sebagai starter. Bek berusia 28 tahun itu pada musim lalu juga pernah menyelamatkan Juventus dari kekalahan di kandang lewat gol di injury time melawan AS Roma dengan skor 3-3. Gatti juga masih punya banyak gol lainnya di kandang Juventus. Situasinya juga menghindari Juventus dari kekalahan atau membuat menjadi menang: melawan Sporting CP, Sevilla, Monza, Napoli, dan Fiorentina. ""Aku minta maaf jika Anda terkejut, ini yang selalu aku lakukan di masa lalu,"" kata Gatti kepada DAZN Italia ketika ditanya tentang dampaknya sebagai pemain pengganti. ""Ini adalah sejarahku, aku memiliki kekuatan batin, aku tidak pernah menyerah, aku melawan semua orang dan segalanya dengan tekad yang kuat,"" tegasnya (ran/krs)";olahraga
124;"Nepal sedang berupaya bangkit dari bencana alam. UEFA akan memberikan dukungan moril dengan mewajibkan mengheningkan cipta di semua laga Liga Champions matchday pertama. Nepal tengah menghadapi salah satu bencana alam paling dahsyat dalam beberapa dekade terakhir. Banjir bandang besar yang dipicu oleh runtuhan gletser dan material pegunungan di wilayah perbatasan Nepal-China telah menimbulkan kehancuran luas serta menelan ribuan korban. Bencana yang terjadi pada 26 Agustus 2026 itu menerjang kawasan di sepanjang aliran Sungai Bhote Koshi dan wilayah sekitarnya. Arus banjir yang membawa lumpur, batu, dan material lainnya menghancurkan permukiman, jalan, jembatan, serta sejumlah fasilitas pembangkit listrik tenaga air. UEFA, yang merupakan induk organisasi sepakbola di Eropa, turut menyoroti musibah itu. UEFA meminta seluruh pertandingan matchday pertama Liga Champions diawali dengan mengheningkan cipta untuk Nepal. ""Nepal, kamu tidak sendirian. Pekan ini, para korban banjir akan dihormati dengan mengheningkan cipta sebelum seluruh pertandingan Liga Champions UEFA dimulai,"" bunyi pernyataan UEFA di media sosial. Presiden UEFA, Aleksander Ceferin, berharap para korban yang terdampak bisa segera diberikan kepulihan. ""Seluruh keluarga sepakbola Eropa akan bersatu sebelum pertandingan pekan ini untuk menyampaikan belasungkawa terdalam dan dukungan kami kepada rakyat Nepal. Kami berharap mereka diberi kekuatan dan ketabahan dan pulih dari tragedi ini,"" kata Ceferin. (ran/yna)";olahraga
125;"Barra Ghaisan Zeinatma menunjukkan perkembangan positif pada musim debutnya di ESHARK Rok Cup Indonesia 2026. Turun di kelas Mini Rok, Pembalap muda Indonesia ini mampu mengoleksi sejumlah podium setelah menjalani proses adaptasi sepanjang musim. Pebalap berusia 13 tahun yang memperkuat Avenue Rising Star Racing Team itu baru tampil mulai Round 2 karena harus beradaptasi dengangokartbaru. Pada Seri 2, Barra finis di posisi ke-12, sebelum meningkat ke peringkat ke-10 pada Seri 3. Performa Barra semakin menonjol pada Seri 4. Ia meraih posisi kelima kategori Mini Newbie dan peringkat ketiga Mini Rok Rising Star. Memasuki Seri 5, Barra kembali naik podium dengan menjadi juara pertama kategori Mini Newbie dan runner-up Mini Rok B. Performa tersebut berlanjut pada Seri 6 yang berlangsung 5-6 September 2026. Ia meraih posisi kedua Mini Newbie, posisi kelima Mini Rok, dan posisi keempat Mini Rok Rising Star. ""Musim pertama ini menjadi proses belajar yang sangat penting bagi Barra. Setiap seri memberikan pengalaman dan tantangan baru,"" kata ayah Barra, Jeffri Ardiatma, kepada awak media. Jeffri juga mengingatkan Barra untuk tetap memperhatikan pendidikan. Saat ini, Barra tercatat sebagai siswa kelas 7 SMP Labschool Cirendeu. ""Yang penting juga untuk Barra agar fokus dengan sekolahnya. Kami selalu berharap yang terbaik untuk Barra,"" lanjutnya. Setelah menyelesaikan musim pertamanya di kelas Mini Rok, Barra diproyeksikan naik ke kelas Junior Rok pada ESHARK Rok Cup Indonesia 2027. Ia juga dijadwalkan mengikuti sejumlah seri Rok Cup Asia di Macau, Malaysia, dan Thailand. (ran/yna)";olahraga
126;"Manchester United gagal menang saat melawan Everton usai kejebolan di menit akhir. Benjamin Sesko mengajak rekan-rekannya bangkit dari rasa sakit itu. MU sedianya nyaris menang di Hill Dicknson Stadium, Minggu (6/9). Dua kali unggul lewat Bryan Mbeumo dan Sesko, Everton membalas lewat Tyrique George dan Ainsley Maitland-Niles. Gol kedua Everton yang bikin nyesek MU. Sebab, Maitland-Niles mencetaknya menit ke-96, dan seharusnya lima menit perpanjangan waktu. Maitland-Niles menjebol gawang Mu lewat sepakan indah dari luar kotak penalti. Bolanya gagal dibendung dan akhirnya membuat kemenangan MU sirna di menit akhir. ""Tentu saja kami kecewa karena kami sudah sangat dekat namun akhirnya terasa begitu jauh. Kebobolan gol seperti ini, terutama di menit-menit terakhir sekali, terjadi seperti yang terjadi tadi, sungguh menyakitkan bagi semua orang karena semua orang sudah memberikan segalanya untuk mencoba memenangkan pertandingan karena kami benar-benar menginginkannya,"" kata Sesko, melansir ESPN. ""Setiap orang di sini menginginkannya, dan kemudian pada momen-momen seperti ini, ketika tendangan terakhir seperti itu menentukan hasil akhir, rasanya sangat, sangat menyakitkan,"" kata penyerang asal Slovenia itu. Lebih lanjut, Sesko berharap rekan-rekannya bisa bangkit dari hasil tersebut. Ia meminta MU fokus untuk laga-laga berikutnya. ""Sangat penting untuk memandang segala sesuatunya secara positif, meskipun ini bukan hasil terbaik hari ini,"" kata Sesko. ""Tetapi mari lihat pertandingan ini dari sisi yang baik, tetap berusaha memperbaiki diri, fokus untuk pertandingan berikutnya, dan berusaha memenangkan pertandingan berikutnya, cuma itu,"" katanya. (yna/krs)";olahraga
127;"Iliman Ndiaye mengaku langsung mengiyakan tawaran bergabung dengan Manchester City di pengujung bursa transfer musim panas lalu. Ia meyakini Tuhan sudah membukakan jalan untuk bergabung dengan The Citizens. City menebus Ndiaye dari Everton seharga 60 juta pound plus add-ons senilai 5 juta pound di hari penutupan bursa transfer pada 1 September lalu. Empat hari kemudian, ia sudah dipercaya manajer Enzo Maresca sebagai starter untuk melawan Coventry City. Padahal ia sempat hampir menyeberang ke Tottenham Hotspur di pekan terakhir bursa transfer. Kedua tim bahkan sudah mencapai kata sepakat. Namun karena Spurs gagal melepas Richarlison, akhirnya transfer ini kolaps. City kemudian berhasil mendapat keuntungan dari situasi itu. Jadilah Ndiaye dikontrak selama lima tahun, mengakhiri kebersamaan yang sudah terjalin dengan Everton sejak 2024. ""Tidak ada rasa stres ataupun panik. Saya selalu berprinsip bahwa apa pun yang akan terjadi, terjadilah. Tuhan yang menentukan masa depan Anda-semuanya sudah digariskan,"" ujar Ndiaye soal kepindahannya, dikutip BBC. ""Saya hanya bersabar, dan ketika tawaran dari City datang, saya sangat gembira. Memang sudah seharusnya saya bergabung dengan City. ""Saya menginginkan Liga Champions dan kesempatan bermain untuk salah satu tim terbaik di dunia. Saya tidak bilang Tottenham bukan tim hebat, tetapi ketika Manchester City datang memanggil, Anda tidak mungkin menolaknya."" ""Ini adalah pekan yang indah bagi saya, dan semuanya disempurnakan dengan sebuah kemenangan (atas Coventry)."" Meski hanya sebentar, Ndiaye mengaku nyaman selama tinggal di Liverpool. Apalagi ia juga menjadi pemain favorit suporter berkat sumbangsih 17 gol dalam 74 penampilan bersama The Toffees. Namun ia mantap menginginkan jalan karier yang lebih baik. ""Saat berbincang dengan istri, saya katakan padanya bahwa jika saya harus meninggalkan Everton, saya hanya akan pindah ke klub tempat saya bisa bermain di Liga Champions,"" ujarnya. ""Berat rasanya meninggalkan Everton. Saya telah menjalin ikatan yang kuat dengan para penggemar dan pemain di sana, namun terkadang kita harus melangkah maju, begitulah dunia sepak bola,"" tegas pemain berpaspor Senegal itu. (adp/krs)";olahraga
128;"Rodri resmi menjadi jenderal baru Barcelona. Penampilan dan kepemimpinannya dibutuhkan Blaugrana. Rodri menjadi starter untuk pertama kalinya untuk Barcelona mengalahkan Valencia 5-0 di Mestalla, Minggu (6/9/2026). Peraih Ballon d'Or 2024 itu tampil apik. Bermain selama 62 menit, Rodri bisa menjadi poros permainan Barcelona. Gelandang yang dibeli dari Manchester City itu bisa mengalirkan bola dengan akurat. Menurut sofascore, catatan passing-nya hampir 100 persen. Daya jelajahnya juga luar biasa di lapangan. Performa itu membuat Rodri langsung menuai pujian dari Hansi Flick. Pelatih Barcelona itu menyebut pemain yang baru membawa Spanyol juara Piala Dunia 2026 itu pemimpin sejati. ""Segala sesuatu yang dilakukan Rodri masuk akal. Ini menarik,"" kata Hansi Flick. ""Tidak hanya di lapangan, tetapi juga di ruang ganti. Dia adalah pemimpin sejati,"" kata pelatih asal Jerman itu. Rodri didatangkan Barcelona dari Man City seharga 76,5 juta Euro atau Rp 1,57 triliun. Sudah tiga penampilan diberikan, dua sebelumnya cuma turun dari bangku cadangan. (yna/adp)";olahraga
129;"Manajer Chelsea Xabi Alonso memilih tak menurunkan Moises Caicedo lawan Arsenal. Ia mau memastikan gelandangnya pulih sepenuhnya. Caicedo pekan lalu dimainkan Alonso sebagai pengganti. Ia masuk pada menit ke-82 untuk menggantikan Pedro Neto, tapi kemudian ditarik keluar lagi untuk digantikan Valentin Barco. Lutut gelandang internasional Ekuador itu kambuh sehingga Alonso langsung mengambil langkah agar tak lebih buruk. Alonso juga mengambil keputusan tak membawa Caicedo tandang ke Emirates Stadium. Manajer asal Basque itu menjelaskan bahwa Caicedo bukannya bakal menepi lama. Tapi gelandang 24 tahun itu diistirahatkan agar memastikan lututnya benar-benar sembuh dulu setelah kesalahan pekan lalu. ""Itu bukan cedera jangka panjang koko. Tapi ini soal meninjau risikonya,"" kata Alonso dikutip Sky Sports. ""Pekan lalu, kami memainkannya terlalu cepat. Saya tak mau membuat kesalahan yang sama."" Absennya Caicedo bikin Chelsea kehabisan opsi di posisi gelandang bertahan. Mereka memulai dengan memainkan Reece James, yang berposisi asli bek kanan, lalu memasukkan Malo Gusto yang juga bek kanan untuk menggantikan Romeo Lavia. (raw/yna)";olahraga
130;"Gelandang Barcelona Pedri meyakini timnya tak akan kekurangan gol meski kehilangan banyak striker di bursa transfer musim panas lalu. Hasil di lapangan telah membuktikannya. Musim ini, Barca ditinggal tiga penyerang sekaligus. Robert Lewandowski hijrah ke Chicago Fire, Ferran Torres ke Paris Saint-Germain, dan Marcus Rashford pulang ke Manchester United. Sebagai gantinya, mereka mendatangkan Gabriel Jesus, Anthony Gordon, dan Karim Adeyemi. Dari tiga nama itu, hanya Jesus yang berposisi utama sebagai nomor 9. Barca sempat mengejar Julian Alvarez, namun akhirnya ia tetap bertahan di Atletico Madrid. Meski terjadi perubahan yang cukup signifikan di lini depan, namun keran gol Barca tetap mengalir deras. 17 gol telah mereka ciptakan dalam empat laga awal Liga Spanyol musim ini, semua berakhir dengan kemenangan. Terbaru, Barca melibas Valencia 5-0 di Mestalla pada Minggu (6/9/2026) lalu. Tak hanya memimpin klasemen sementara dengan 12 poin, mereka pun jadi satu-satunya tim yang sejauh ini telah mencetak lebih dari 10 gol. Raphinha yang biasa beroperasi dari sayap tampak nyaman bermain sebagai penyerang tengah dan sudah mencetak enam gol. Lamine Yamal juga sudah mencetak empat gol, sama seperti Fermin Lopez. Adeyemi sudah mencetak satu gol dan satu assist, demikian halnya dengan Pedri. ""Orang-orang selalu menginginkan striker yang mencetak 40 gol dalam semusim, tetapi kami memiliki banyak pemain yang mampu melakukan tugas itu,"" ujar Pedri kepada Movistar usai laga, seperti dikutip ESPN. ""Kami memiliki banyak pemain yang akan berada di posisi untuk mencetak gol-ada Raphinha, Lamine, Gordon, Gabriel Jesus, Adeyemi... Kami tidak akan kekurangan gol musim ini,"" tegas pemain 23 tahun itu. (adp/krs)";olahraga
131;"Pelatih Juventus Luciano Spalletti enggan membahas proses gol AC Milan yang bersarang ke gawang timnya. Menurutnya wasit sudah mengambil keputusan tepat. Juventus ditahan Milan 1-1 dalam lanjutan Serie A musim ini yang berlangsung di Allianz Stadium, Senin (7/9/2026) dini hari WIB. Bianconeri mengamankan satu poin lewat gol Federico Gatti di injury time usai tertinggal lebih dulu lewat Alphadjo Cisse. Gol Milan yang hadir lewat Cisse di menit ke-68 sempat diperdebatkan karena hadir lewat serangan balik. Saat itu Koni De Winter merebut bola dari Randal Kolo Muani sebelum dialirkan ke depan oleh Luka Modric dan akhirnya sampai di kaki Cisse. #JuveMilan | il dettaglio della refcam e della visuale di Mariani sul contatto De Winter / Kolo Muani (📸 DAZN). Non è uno ""step on foot"" pieno, ma sicuramente il tallone destro del rossonero va a pestare la punta del piede sinistro del bianconero. 🖥️ Lo scorso anno (sebbene le… pic.twitter.com/k649AhFzaS Namun wasit Maurizio Mariani tidak menilai aksi De Winter sebagai pelanggaran meski tampak ada kontak. Spalletti pun enggan mengajukan komplain soal itu. ""Mariani adalah salah satu wasit Italia terbaik, dan menurut pendapat saya, standar yang kita lihat itu sudah tepat,"" jawab Spalletti, dikutip Football Italia. ""Jika ingin bermain di Eropa, Anda harus beradaptasi, situasi-situasi seperti itu bukanlah pelanggaran dan tidak akan dianggap sebagai pelanggaran."" ""Memang begitulah seharusnya. Tentu saja, bisa saja terjadi insiden di mana pelanggaran tidak diberikan atau kartu kuning terlewatkan, namun mengingat kecepatan permainan, hal-hal semacam itu bisa terjadi bahkan pada wasit yang hebat dan berpengalaman seperti dia."" ""Saya tidak akan mengeluhkan hal-hal semacam ini, saya ingin melihat tim saya berjuang hingga akhir. Kami beruntung, karena seharusnya kami bisa mencetak gol lebih awal,"" tegas Spalletti. (adp/krs)";olahraga
132;"AS Roma memulai musim dengan cemerlang. Mantan pelatihnya, Fabio Capello, melihat banyak hal menjanjikan dari tim besutannya Gian Piero Gasperini. Roma start dengan impresif, meraih kemenangan di tiga pertandingan pertamanya. Tim berjuluk Serigala itu menghabisi Fiorentina dan Lecce 4-0, lalu mencatatkan comeback gemilang 2-1 atas Atalanta. Saat ini anak-anak asuh Gasperini memimpin klasemen Liga Italia dengan nilai sempurna sembilan. Mereka unggul selisih gol atas Inter Milan, satu-satunya tim selain mereka yang juga masih sempurna. Awal musim yang niscaya amat menggembirakan buat Roma, terutama melihat kemampuan menyerang dan bertahannya. Sejauh ini mereka jadi tim paling produktif (10 gol) dan paling jarang dijebol (1 gol). Musim memang masih panjang, tapi eks pelatih Roma Fabio Capello menilai Paulo Dybala dkk bermain dengan sikap yang tepat. Semuanya sadar punya peran baik sebagai pilihan utama maupun pengganti. Giallorossi pun digadang-gadang jadi pesaing utama juara bertahan, Inter Milan. ""Roma memainkan pendekatan satu lawan satu, habis-habisan, dan lebih dari itu, punya gaya yang proaktif ini dengan semuanya saling membantu satu sama lain,"" ujar Capello soal cara main Roma ""Kalau Anda punya empat atau lima pemain berkualitas di sepertiga akhir, yang tahu caranya berkomunikasi di ruang sempit, cepat atau lambat sesuatu akan terjadi. Melawan Atalanta, gol kemenangan itu akhirnya tiba."" ""Gasp (Gasperini) menginginkan dua pemain starter di setiap peran dan dia benar. Anda bisa melihat hasil-hasil di Olimpico, dengan pergantian di babak kedua."" ""Mereka semua bermain dengan hasrat yang sama untuk menang, karena memahami mereka itu kompetitif. Saya belum melihat satupun pemain Roma yang menunjukkan sikap seperti seseorang yang tersinggung kalau jadi pemain pengganti,"" imbuhnya. (raw/krs)";olahraga
133;"Borneo FC Samarinda mendatangkan bek baru dari Jepang, Rei Okada. Pesut Etam jadi punya 14 pemain asing dalam skuadnya. Rei diumumkan sebagai pemain baru Borneo pada, Senin (7/9/2026), sore, WIB. Bek berusia 24 tahun itu sebelumnya bermain di Austria Klagenfurt, klub kasta ketiga 2 Austria. Kedatangannya menjadi sinyal kuat Borneo ingin bersaing di kompetisi internasional. Musim ini Borneo mentas di AFC Challenge League (ACGL) yang tidak ada batasan jumlah pemain asing, Pesut Etam juga akan tampil di ASEAN Club Championship (ACC). Sebelum kedatangan Okada, Borneo sudah punya 13 pemain asing yang 11 di antaranya sudah didaftarkan untuk tampil di Super League. Mereka adalah Kadu M, Marcos Astina, Caxambu, Christian Matheus, Gabrial Oliveira, Iago Mendonca, Rodrigo Varanda, Juan Villa, Kablan N'Goma, Njabulo Blom, dan Ruben Lopez. Selain Okada, dua pemain asing lainnya yang tidak bisa didaftarkan ke Super League adalah Van Basty Sousa dan Moussa Diarra. Surplus pemain asing menunjukkan Borneo FC Samarinda ingin tampil kompetitif di kompetisi internasional. Presiden Borneo Nabil Husein menyebut bahwa timnya tidak pilih-pilih kompetisi. Baik domestik maupun internasional akan dianggap sama pentingnya bagi Borneo. ""Tidak ada istilah kami memilih kompetisi mana yang mau kami ikuti. Semua kompetisi akan kami jalani dengan serius,"" kata Nabil, dikutip dari laman Borneo. ""Kami ingin memberikan yang terbaik di setiap pertandingan dan di setiap kompetisi yang kami ikuti. Penambahan pemain tak hanya berhenti sampai di Van Basty, Borneo akan mendatangkan pemain lagi dan ini bukti keseriusan kami,"" ujarnya menambahkan. Menurut Nabil, kesempatan tampil di kompetisi Asia merupakan sebuah kebanggaan tersendiri bagi Borneo FC Samarinda. Untuk itu Borneo tidak akan menyia-nyiakan kesempatan ini. Borneo juga sudah berikrar untuk tidak sekadar menjadi peserta. Pesut Etam ingin memberikan perlawanan terbaik dan melangkah sejauh mungkin di kompetisi Asia. ""Membawa nama Indonesia adalah sebuah kebanggaan bagi Borneo FC dan juga Kota Samarinda. Ini bukan hanya tentang klub, tetapi bagaimana kami membawa nama daerah dan Indonesia di level Asia,"" ucap Nabil. ""Kami akan berjuang untuk melangkah jauh dan berprestasi. Kami tahu persaingannya akan berat, tetapi itu justru menjadi motivasi bagi kami untuk terus berkembang dan memberikan yang terbaik,"" tuturnya. (mro/yna)";olahraga
134;Calvin Verdonk berpotensi membuat debut di Liga Champions dalam laga Lille vs Real Betis. Bek kiri berpaspor Indonesia itu berpeluang berduel dengan Antony. Lille vs Real Betis berlangsung di Stade Pierre-Mauroy pada matcday pertama league phase, Rabu (9/9/2026) dini hari WIB. Pertandingan ini tentu sangat dinantikan oleh Verdonk, yang dalam karier sepakbolanya belum pernah tampil di Liga Champions. Menurut catatan Transfermark, ajang kompetisi antarklub Eropa terbaiknya Verdonk hanya di Liga Europa. Dia pada musim lalu main tujuh kali untuk Lille di Liga Europa. Verdonk, yang bermain sebagai full-back kiri, berpotensi berduel dengan Antony dari Real Betis. Pemain asal Brasil itu sedang menemukan kembali performanya setelah melempem di Manchester United. Verdonk bergabung dengan Lille pada September 2025. Pemain berusia 29 tahun itu mencatatkan 18 penampilan di Ligue 1 dengan total 786 menit bermain sepanjang musim 2025/2026. Antony sudah bermain 76 kali untuk Real Betis dengan membuat 23 gol dan 15 assist. Artinya, Antony sangat berpengaruh dalam lini serang Betis dan akhir pekan lalu mampu mengalahkan Real Madrid 1-0 di LaLiga. Jika tampil di laga melawan Betis, Verdonk membuat Indonesia mengukir sejarah di Liga Champions. Saat ini belum pernah ada pemain berpaspor Indonesia yang pernah bermain di ajang tersebut. (ran/krs);olahraga
135;"Chelsea dianggap mampu memberikan ancaman serius ke Arsenal lewat lini serangnya. Tapi ada persoalan penting yang diyakini perlu dibereskan di bursa transfer. Chelsea sempat mengejutkan Arsenal dalam laga di Emirates Stadium, Minggu (6/9/2026) malam WIB. Gol cepat Morgan Rogers pada menit kedua kembali menunjukkan potensi besar trio penyerang mereka. Tapi kemudian momentum itu gagal dimaksimalkan, seiring kendali yang direbut oleh Arsenal. Sang juara bertahan lantas membalas dengan dua gol lewat Kai Havertz dan Martin Odegaard. Kekalahan 1-2 ini lantas semacam mengonfirmasi bahwa Chelsea punya pekerjaan rumah di pertahanan, yang belum cukup mampu menahan tekanan. Sebelum Arsenal, The Blues bahkan sudah dibobol oleh Fulham dan Brighton & Hove Albion. Mantan bek Manchester United Gary Neville melihat Xabi Alonso perlu menambah opsi berkualitas di pertahanannya. Tiga beknya semalam: Josh Acheampong, Maxence Lacroix, dan Wesley Fofana terlihat jauh dari meyakinkan. ""Tiga beknya itu, saya lihat-lihat, hampir seperti kaki-kakinya tak terhubung dengan pinggul, dan pinggul-pinggulnya tak terhubung dengan badan. Mereka seperti kacau dan tak beraturan,"" kata Neville di Sky Sports. ""Saya melihat ke pola tiga bek terbaik yang mungkin pernah saya lihat, yakni tiga bek Juventus dan Italia dengan Andrea Barzagli, Leonardo Bonucci, dan Giorgio Chiellini, tiga raksasa sejati."" ""Mereka bekerja bersama-sama sebagai tiga bek, tahu bagaimana memosisikan diri mereka, mereka jago di udara, tahu bagaimana menaikkan garis pertahanan dan kapan harus turun lebih dalam. Mereka menata orang-orang di depan mereka,"" imbuhnya. Melihat performa Chelsea saat ini, Xabi Alonso disebut perlu diapresiasi. Ia sudah berhasil menemukan poin unggul dari tim dan perlu dipercaya menambal yang kurang. ""Mungkin Chelsea betul-betul perlu merekrut lebih banyak pemain seiring perjalanan 1-2 musim ke depan bersama Xabi Alonso. Dia serius sudah banyak bekerja,"" sambung pria yang kini jadi komentator itu. ""Dia cuma butuh tiga bek yang terasa solid. Mereka tak terlihat solid, mereka terlihat agak berantakan. Jadi itu persoalannya saat ini."" (raw/krs)";olahraga
136;"Lille akan melawan Real Betis di laga pertama Liga Champions 2026/2027. Indonesia berpeluang membuat sejarah di ajang ini melalui Calvin Verdonk. Lille vs Real Betis berlangsung di Stade Pierre-Mauroy pada matcday pertama league phase, Rabu (9/9/2026) dini hari WIB. Pertandingan ini tentu sangat dinantikan oleh Verdonk, yang dalam karier sepakbolanya belum pernah tampil di Liga Champions. Menurut catatan Transfermark, ajang kompetisi antarklub Eropa terbaiknya Verdonk hanya di Liga Europa. Dia pada musim lalu main tujuh kali untuk Lille di Liga Europa. Verdonk, yang bermain sebagai full-back kiri, berpotensi berduel dengan Antony dari Real Betis. Pemain asal Brasil itu sedang menemukan kembali performanya setelah melempem di Manchester United. Verdonk dalam tiga laga awal Lille di Ligue 1 Prancis selalu tampil. Dua kali sebagai pengganti dan satu sebagai starter. Artinya, Verdonk punya potensi besar bakal bermain melawan Real Betis. Jika dimainkan oleh pelatih Davide Ancelotti, Verdonk akan membuat Indonesia punya sejarah di Liga Champions. ""Pesepakbola asal Indonesia pertama yang akan tampil di fase grup UCL. Sejarah,"" tulis pernyataan Lille di akun resmi media sosialnya. Verdonk bergabung dengan Lille pada September 2025. Pemain berusia 29 tahun itu mencatatkan 18 penampilan di Ligue 1 dengan total 786 menit bermain sepanjang musim 2025/2026. (ran/krs)";olahraga
137;Bandara Soekarno-Hatta masih tutup imbas erupsi Gunung Anak Krakatau. Kepulangan Timnas Indonesia U-20 dari Laos sejauh ini belum terganggu. Indonesia U-20 baru saja menyelesaikan Kualifikasi Piala Asia U-20 2027 di Laos. Tim asuhan Nova Arianto sukses menutup kualifikasi dengan kemenangan 2-0 atas Australia pada laga pamungkas, Minggu (6/9). Menilik jadwal kepulangan, Indonesia U-20 akan kembali ke tanah air pada, Selasa (8/9). Sejauh ini belum ada perubahan jadwal kepulangan Indonesia U-20 terkait situasi erupsi Anak Gunung Krakatau sebagaimana dikonfirmasi PSSI di forum wartawan, Senin (7/9). Dijelaskan PSSI, sejauh ini jadwal kepulangan Indonesia U-20 masih sesuai rencana awal yakni pulang besok (Selasa, 8 September), via AirAsia (QZ 205) yang mendarat di Soetta pukul 16.35 WIB. Indonesia U-20 meraih tiket ke Piala Asia U-20 setelah menjadi pemuncak klasemen Grup H. Sebelum kemenangan atas Australia, Indonesia sudah lebih dulu membukukan satu kemenangan dan satu kali imbang sehingga meraih 7 poin. Kemenangan atas Australia membuat lolos ke Piala Asia U-20 2027 di China dengan status juara Grup H. Garuda Muda mengemas 7 poin dari 3 laga, hasil dua kali menang dan sekali imbang. Malaysia finis kedua dengan 5 poin dan juga lolos langsung ke babak utama. Sementara Australia dengan 4 poin di posisi ke-3 dan Laos tanpa poin di posisi buncit harus menerima kenyataan gagal ke Piala Asia tahun depan. (mro/yna);olahraga
138;"Kendati gagal menang, penampilan Manchester United lawan Everton dinilai sudah apik. Ada nuansa ketidakberuntungan dari hasil seri yang didapat. MU dua kali memimpin di Hill Dickinson Stadium, Minggu (6/9/2026) malam WIB, namun harus puas dengan hasil 2-2. Everton selalu berhasil menyamakan, pertama lewat sepakan menyudut dari Tyrique George dan kedua dari tembakan spekulatif Ainsley Maitland-Niles. Secara umum, MU bermain lebih dominan meski tak cukup mengontrol ancaman tuan rumah. Dua gol Everton yang tercipta pun hasil dari tembakan-tembakan cemerlang yang memang sulit dibendung. Penyerang legendaris MU Wayne Rooney merasa Michael Carrick tak perlu berkecil hati meski gagal menang. MU punya banyak hal menjanjikan dan musim masih panjang, memberi waktu dan kesempatan untuk berbenah. ""Menurut saya itu performa tandang yang bagus. Tentu saya kecewa dengan hasilnya, tapi saya pikir ada kontrol yang lebih baik dalam hal performa,"" ujarnya di BBC. ""Trio gelandang tampil sangat bagus. Ada dua tembakan bagus dari Everton yang menghasilkan dua gol, tapi saya rasa ada hal positif dari sudut pandang United."" ""Mereka akan kesal tidak memenangi pertandingan, menimbang performa yang ditunjukkan."" (raw/adp)";olahraga
139;"Ainsley Maitland-Niles menjalani debut impian bersama Everton. Belum genap sepekan gabung, ia sudah mencetak gol dramatis untuk menyelamatkan The Toffees dari kekalahan melawan Manchester United. Everton bermain imbang 2-2 dengan MU di Hill Dickinson Stadium, Minggu (6/9/2026). Maitland-Niles menjadi pahlawan setelah mencetak gol penyama pada menit ke-90+6 lewat tembakan keras dari luar kotak penalti. Gol tersebut sekaligus menjadi momen bersejarah. Maitland-Niles tercatat sebagai pemain pertama yang mencetak gol dari luar kotak penalti pada debut Premier League bersama Everton, seperti dicatat talkSPORT. Maitland-Niles baru masuk pada menit ke-77 saat Everton tertinggal 0-1. Bryan Mbeumo membawa MU unggul pada awal babak kedua sebelum Tyrique George menyamakan skor pada menit ke-83. Namun, MU kembali memimpin lewat sundulan Benjamin Sesko pada menit ke-88. Everton seperti akan menelan kekalahan, tetapi Maitland-Niles punya cerita lain. Bola jatuh di depan pemain berusia 29 tahun itu. Tanpa ragu, Maitland-Niles melepaskan tembakan dari luar kotak penalti yang meluncur ke pojok atas gawang MU. Stadion pun bergemuruh. Everton terhindar dari kekalahan. Maitland-Niles: Hari Favorit dalam Karier Maitland-Niles mengaku debutnya bersama Everton menjadi salah satu hari terbaik dalam kariernya. Pemain yang sudah lima kali memperkuat Timnas Inggris itu juga sulit menggambarkan perasaannya setelah mencetak gol dramatis tersebut. ""Itu jelas salah satu hari favorit dalam karier saya. Saya rasa saya belum pernah menendang bola sebaik itu. Mungkin pernah saat latihan,"" kata Maitland-Niles. ""Saya rasa itu perasaan yang tidak bisa dijelaskan. Ini sangat emosional, seperti berada di sana dan mengalami kilas balik. Jadi, saya benar-benar tidak bisa mengungkapkannya dengan kata-kata,"" sambungnya. Gol ke gawang MU melanjutkan awal positif Maitland-Niles bersama Everton. Sebelumnya, dia juga sudah mencetak satu gol untuk Lyon pada musim ini. Gol tersebut dibuat saat Lyon menghadapi Sparta Praha di babak ketiga kualifikasi Liga Champions pada Agustus. Tapi gol ke gawang MU menjadi yang pertama bagi Maitland-Niles di Premier League sejak Desember 2018. Saat itu, dia mencetak gol untuk Arsenal saat menghadapi Liverpool. Kini, gol terbarunya memiliki arti lebih besar. Selain menjadi gol debut bersama Everton, tembakan tersebut membuat Maitland-Niles mencatat sejarah sebagai pemain pertama yang mencetak gol dari luar kotak penalti pada debut Premier League untuk klub tersebut. Penampilannya melawan MU juga menjadi laga ke-110 Maitland-Niles di kompetisi kasta teratas Inggris. Sebelum bergabung dengan Everton, Maitland-Niles pernah memperkuat Arsenal, Southampton, dan West Bromwich Albion. Bersama Arsenal, dia meraih tiga trofi Piala FA. Dia kemudian meninggalkan Arsenal untuk bergabung dengan Lyon pada 2023. Sebelumnya, Maitland-Niles juga sempat menjalani masa peminjaman di AS Roma dan turut meraih trofi Conference League bersama klub Italia tersebut.";olahraga
140;"Arsenal terus meraih kemenangan di empat laga awal musim ini. Namun manajer Mikel Arteta menegaskan tantangan yang menunggu di depan akan semakin berat. Terbaru, The Gunners baru saja mengalahkan Chelsea 2-1 di Emirates, Minggu (6/9/2026). Meski sempat tertinggal lewat gol Morgan Rogers, dua gol dari Kai Havertz dan Martin Odegaaard sukses memastikan tiga poin untuk tuan rumah. Kemenangan ini menjadi yang keempat secara beruntun bagi Arsenal di segala ajang usai menekuk Manchester City, Coventry City, dan Aston Villa. Mereka juga menunjukkan mental juara dengan berbalik menang usai kebobolan lebih dulu. ""Itu adalah penampilan luar biasa. Saya menikmati setiap menit dari awal hingga akhir, dan awalnya memang berat. Namun, tim merespons dengan cara yang spektakuler lewat keyakinan, tekad, dan kualitasnya. Sungguh indah. Itu adalah pertandingan yang memukau,"" ujar Arteta, dikutip The Guardian. Meski rekor mereka di musim ini masih 100 persen, Arsenal pantang jumawa. Arteta memprediksi akan ada tantangan baru di depan, dan oleh sebab itu mesti meningkatkan performa lebih baik lagi dari sebelumnya. ""Menurut saya, ini adalah indikasi bahwa kami mampu tampil di level yang bahkan lebih tinggi dibanding musim lalu. Hal ini bergantung pada bagaimana kami menjaga dan mempertahankan hasrat serta kerendahan hati tersebut, sembari terus berupaya setiap harinya untuk menemukan versi yang lebih baik dari diri saya sendiri maupun tim,"" lanjut Arteta. ""Kami masih memiliki banyak ruang untuk berkembang dan banyak hal yang bisa kami berikan. Inilah ambisi tim. Persaingannya akan sangat berat, terutama terkait selisih yang menentukan kemenangan dalam pertandingan,"" ujarnya. ""Kami bertandang ke Villa Park beberapa hari lalu dan pertandingannya sangat berat. Begitu pula hari ini (melawan Chelsea). Kami akan pergi ke Sunderland (akhir pekan nanti) dan laga itu pun pasti akan sangat, sangat berat. Kami tahu setiap pekannya akan seperti ini, namun kami sudah bersiap untuk itu,"" tegas Arteta. Sebelum menghadapi Sunderland, Arsenal akan lebih dulu bertamu ke markas Napoli di Liga Champions pada Kamis (10/9) pukul 02.00 WIB. (adp/krs)";olahraga
141;"Chelsea boleh saja kalah dari Arsenal. Tapi The Blues merasa mampu meladeni sang juara bertahan dan percaya diri bakal makin sip. Chelsea kalah 1-2 saat tandang ke Emirates Stadium, Minggu (6/9/2026) malam WIB, dalam lanjutan Liga Inggris. The Blues sempat dapat momentum bagus usai unggul pada menit kedua melalui Morgan Rogers. Akan tetapi pasukan Xabi Alonso gagal memanfaatkannya jadi keuntungan. Mereka tak mampu menahan tekanan sang juara bertahan hingga kebobolan oleh Kai Havertz dan Martin Odegaard. Chelsea tak semata-mata lihat skor dari laga ini. Bahwa mereka bisa meladeni permainan Arsenal, meski akhirnya jebol, adalah sebuah tanda yang menggembirakan. Sebab mereka tim yang sedang dalam masa transisi. Sang manajer baru mulai bekerja musim panas ini dan komposisi tim baru dibenahi lagi lewat banyak transfer masuk dan keluar. ""Ini kan baru pertandingan keempat di bawah arahannya. Kami tahu masih banyak yang harus dipoles. Bahkan setelah tiga kemenangan, kami tahu masih ada yang perlu diperbaiki, jadi ini tak mengubah apapun,"" ungkap Rogers di situs klub. ""Kami bekerja keras di tempat latihan, mencoba untuk memahami satu sama lain dan bagaimana kami ingin bermain. Kami akan membaik. Kami tahu itu."" ""Kami akan ada di titik ini lagi, menjalani percakapan yang sama soal perkembangan karena kami selalu ingin berkembang dan selalu ingin lebih baik."" Chelsea sementara masih di peringkat empat klasemen Liga Inggris dengan enam poin. Sebelumnya, mereka meraih kemenangan atas Fulham dan Brighton & Hove Albion. (raw/adp)";olahraga
142;"Gabriel Magalhaes menendang kepala Emiliano Martinez dan lolos sanksi dalam laga Arsenal vs Chelsea. Banyak yang keheranan dengan aksi bek Meriam London itu. Dalam laga di Emirates Stadium, London, Minggu (6/9/2026), momen itu terlihat pada menit ke-6. Dalam perebutan bola sepak pojok, Gabriel menendang kepala Martinez. Dalam tayangan lambat, Martinez sedianya sudah lebih dulu mengamankan bola di bawah. Gabriel, yang juga sambil rebahan, kemudian melayangkan tendangan mengenai kepala Martinez. Martinez langsung kesakitan akibat tendangan itu. Kiper Chelsea itu harus mendapat perawatan sejenak, sementara Gabriel tak dihukum wasit Chris Kavanagh. Aksi Gabriel Magalhaes itu kemudian disorot Wayne Rooney dan Ashley Young. Dalam program di BBC, keduanya heran bek Arsenal bisa lolos kartu. ""Sekilas, Anda mungkin tidak terlalu menyadarinya, sampai melihat tayangan ulang dalam gerakan lambat,"" kata Rooney dalam Match of the Day. ""Martinez sedang memegang bola, lalu Gabriel menendang kepalanya. Dia mengayunkan kakinya dan melampaui batas. Dia sangat beruntung masih bisa tetap berada di lapangan,"" kata Rooney. Senada, Young juga heran aksi Gabriel bisa lolos dari VAR. Ia mempertanyakannya sebab tendangan bek asal Brasil itu juga terlalu tinggi, tidak mengarah ke gawang yang berada di pelukan Martinez. ""Saya setuju. Saat bola berada di tanah dan Martinez menguasainya, Gabriel menendang terlalu tinggi,"" kata Young. ""Saya tidak yakin mengapa insiden ini tidak diperiksa VAR atau apakah mereka telah meninjaunya dengan saksama karena dia sama sekali tidak berada di dekat bola. Dia lolos begitu saja dari hukuman,"" katanya. Di laga itu, Arsenal keluar jadi pemenang dengan skor 2-1 atas Chelsea. Sempat tertinggal lewat gol cepat Morgan Rogers, The Gunners bangkit dan membalas lewat Kai Havertz serta Martin Odegaard. (yna/krs)";olahraga
143;"Pelatih PSM Makassar Darije Kalezic mengeluhkan kondisi lapangan Stadion Gelora Bandung Lautan Api (GBLA). Menurutnya, kondisi markas Persib Bandung itu tidak ideal untuk menggelar pertandingan. PSM bermain di GBLA saat menghadapi Persib pada pekan pertama Super League 2026/2027, Minggu (6/9/2026). Dalam laga tersebut, PSM kalah 1-3 dari tuan rumah. Kondisi lapangan menjadi salah satu sorotan. Permukaan rumput terlihat memiliki banyak tambalan dan mudah terkelupas ketika terkena aktivitas pemain. Situasi tersebut bahkan menyulitkan pemain PSM saat berusaha melakukan sliding. Kondisi lapangan membuat pemain harus lebih berhati-hati agar tidak mengalami cedera. Kalezic pun mempertanyakan bagaimana pertandingan bisa digelar di lapangan dengan kondisi seperti itu. Ia juga berharap Persib memiliki lapangan yang lebih baik. ""Yang juga tidak saya mengerti adalah bagaimana kita bisa bermain di lapangan ini. Dan saya berharap Persib Bandung memiliki lapangan yang jauh lebih baik karena Persib Bandung adalah salah satu klub terbesar,"" kata Kalezic, dikutip dari detikJabar. ""Mungkin klub terbesar di Indonesia dan saya pikir demi reputasi klub, ya, harus memiliki lapangan yang jauh lebih baik,"" ujarnya menambahkan. Kapten PSM Rizky Eka juga mengungkapkan dampak kondisi lapangan terhadap permainan timnya. Menurut Rizky, PSM kesulitan mengembangkan permainan seperti yang sudah dipersiapkan dalam latihan. Pemain harus melakukan improvisasi untuk menyesuaikan diri dengan kondisi lapangan. Alhasil, rencana permainan yang sudah disiapkan tim pelatih tidak bisa berjalan maksimal. ""Ya mungkin buat buat saya pribadi karena lapangan ini kurang bagus buat kami, karena di latihan kita mainnya ball possession,"" ucap Rizky.";olahraga
144;"Dihapuskannya kewajiban official training di stadion pertandingan menjadi tantangan tersendiri bagi pelatih di Super League 2026/27. Sejauh ini, setidaknya sudah ada dua pelatih yang menyampaikan keberatan terhadap aturan tersebut. Official training (OT) merupakan sesi latihan resmi yang biasanya dilakukan tim pada H-1 pertandingan. Bagi tim tamu, agenda ini juga menjadi kesempatan untuk melakukan familiarisasi dengan stadion dan kondisi lapangan yang akan digunakan dalam pertandingan. Namun, tradisi tersebut tidak lagi menjadi kewajiban dalam Regulasi Super League 2026/27. Berdasarkan Pasal 35 tentang Familiarisasi Stadion, klub tamu hanya diperbolehkan melakukan familiarisasi di stadion pada H-1 pertandingan. Familiarisasi dibatasi maksimal 30 menit. Klub juga tidak diperbolehkan melakukan aktivitas latihan, termasuk official training, serta hanya boleh menggunakan sepatu jogging. Aturan tersebut mendapat sorotan dari Pelatih Persita Carlos Pena. Ia menjadi salah satu pelatih yang mengeluhkan hilangnya kesempatan melakukan official training di stadion lawan. Menurut Pena, tim tamu membutuhkan kesempatan untuk beradaptasi dengan stadion. Apalagi, mencari lapangan latihan di Indonesia tidak selalu mudah. ""Dalam hal persiapan, saya ingin mengatakan bahwa saya tidak suka gagasan untuk tidak memiliki official training di stadion tandang. Karena menurut saya itu tidak baik bagi tim yang bermain tandang,"" kata Pena saat memberikan keterangan pada, Jumat (4/9/2026), atau H-1 sebelum laga tandang kontra PSIM Yogyakarta. ""Ini tidak mudah di Indonesia untuk menemukan lapangan latihan. Jadi saya harap itu bisa diubah di minggu-minggu depan untuk membantu performa tim dan pemain,"" ujarnya menambahkan. Dengan tidak adanya kewajiban tuan rumah menyediakan stadion untuk official training, tim tamu kehilangan kesempatan berlatih sekaligus menjajal kondisi lapangan pertandingan. Padahal, familiarisasi dengan stadion selama ini menjadi bagian dari persiapan tim sebelum menjalani laga tandang. Darije Kalezic Juga Keberatan Hal serupa disampaikan Pelatih PSM Darije Kalezic. Menurutnya, latihan di stadion sehari sebelum pertandingan memiliki arti penting bagi tim yang akan bertanding. Kalezic bahkan menilai akan lebih baik jika klub tuan rumah tetap memberikan kesempatan kepada tim tamu untuk berlatih di stadion. ""Jika Anda bertanya kepada saya apakah itu baik atau buruk, saya lebih suka memberikan keramahtamahan kepada klub tamu di stadion kami untuk berlatih. Dan bagi kami juga penting untuk berlatih di stadion malam sebelum pertandingan,"" ujar Kalezic, dikutip dari detikJabar. Bagi Kalezic, kesempatan berlatih di stadion pada malam sebelum pertandingan juga penting bagi timnya. Ia lebih memilih adanya official training ketimbang hanya melakukan familiarisasi tanpa latihan. Isi Pasal 35 Regulasi Super League 2026/27 Aturan mengenai familiarisasi stadion tercantum dalam Pasal 35 Regulasi Super League 2026/27. FAMILIARISASI STADION 1. Klub tamu diperbolehkan untuk melakukan Familiarisasi di Stadion venue Pertandingan pada H-1 Pertandingan dengan memperhatikan kondisi cuaca dan lapangan. Waktu Familiarisasi tidak boleh berlangsung lebih dari 30 menit dan dapat dilakukan di waktu yang sama dengan waktu kick-off, status tim tamu mendapat prioritas dalam hal pemilihan waktu atau waktu lain yang disepakati. 2. Selama melakukan Familiarisasi Stadion, Klub tidak diperbolehkan melakukan aktivitas latihan, termasuk official training. 3. Klub hanya diizinkan melakukan Familiarisasi Stadion dengan menggunakan sepatu jogging (tidak diperbolehkan menggunakan sepatu bola). 4. Jika memungkinkan Klub Tuan Rumah dapat menyediakan Stadion untuk Familiarisasi sesuai dengan waktu yang ditentukan oleh Klub tamu. Klub tamu wajib menyampaikan jadwal Familiarisasi Stadion kepada Klub Tuan Rumah selambat-lambatnya H-2 pelaksanaan Familiarisasi tersebut.";olahraga
145;"Timnas Indonesia U-20 berhasil lolos ke putaran final Piala Asia U-20 2027. Pelatih Nova Arianto berharap Garuda Muda bisa lebih siap saat tampil di babak utama. Indonesia U-20 memastikan kelolosan setelah mengalahkan Australia 2-0 pada laga terakhir Grup H Kualifikasi Piala Asia U-20 2027, Minggu (6/9/2026). Hasil tersebut membuat Garuda Muda finis sebagai juara grup dengan koleksi tujuh poin dari dua kemenangan dan satu hasil imbang. Kemenangan atas Australia sekaligus menjadi hasil penting bagi Indonesia U-20 setelah sebelumnya meraih satu kemenangan dan satu hasil imbang dalam dua laga awal. Nova Arianto pun berharap pencapaian tersebut menjadi modal untuk tampil lebih siap di putaran final Piala Asia U-20. ""Harapannya kita bisa lebih siap lagi menuju Piala Asia. Saya harap pemain lebih siap lagi untuk kita menuju ke Piala Asia,"" kata Nova dalam keterangannya yang dibagikan PSSI. Nova Sebut Kerja Sama Tim Jadi Kunci Lebih lanjut, Nova menilai keberhasilan Indonesia U-20 lolos ke Piala Asia U-20 merupakan hasil kerja keras seluruh pihak yang terlibat. Menurutnya, perjuangan para pemain tidak terlepas dari kerja tim, termasuk kontribusi staf pelatih dan staf ofisial. ""Kalau kunci kesuksesannya pasti ini kerja keras dari semua pemain ya, termasuk staf pelatih, staf official semuanya,"" ujar Nova. Nova kembali menegaskan bahwa kerja sama seluruh elemen tim menjadi faktor penting di balik keberhasilan Garuda Muda mengamankan tiket ke putaran final. ""Saya bilang ini adalah kerja sama tim yang membuat kita bisa lolos, dari kerja keras pemain, dari kerja keras pelatih semuanya sehingga kita bisa lolos di Piala Asia,"" tuturnya.";olahraga
146;Real Madrid dan Inter Milan akan saling berhadapan di laga pertama Liga Champions 2026/2027. Bagaimana rekor pertemuan kedua tim di ajang ini? Real Madrid vs Inter Milan berlangsung di Santiago Bernabeu pada matcday pertama league phase, Rabu (9/9/2026) dini hari WIB. Kedua tim sudah bertemu 13 kali di ajang Liga Champions atau European Cup. Madrid mencatatkan tujuh kemenangan dan Inter punya lima kemenangan. Satu laga lainnya berakhir imbang 1-1 pada leg kedua semifinal 1965/1966. Madrid dan Inter terakhir bertemu di fase grup musim 2021/2022. Real Madrid menang 1-0 di markas Inter dan menang 2-0 saat bertindak sebagai tuan rumah. Pertemuan pertama Real Madrid dan Inter Milan pertama kali pada ajang Liga Champions terjadi di laga final. Inter saat itu menang 3-1 pada musim 1963/1964. Inter enam kali bermain di kandang Madrid pada ajang Liga Champions. Nerazzurri cuma memetik satu kemenangan, yakni pada leg kedua perempatfinal 1966/1967, dan lima laga lainnya kalah. Head to Head Real Madrid vs Inter Milan di UCL: 1963/64 Final: Inter Milan vs Real Madrid 3-1 1965/66 Semifinal: Real Madrid vs Inter Milan 1-0 1965/66 Semifinal: Inter Milan vs Real Madrid 1-1 1966/67 Perempatfinal: Inter Milan vs Real Madrid 1-0 1966/67 Perempatfinal: Real Madrid vs Inter Milan 0-2 1980/81 Semifinal: Real Madrid vs Inter Milan 2-0 1980/81 Semifinal: Inter Milan vs Real Madrid 1-0 1998/99 Fase Grup: Real Madrid vs Inter Milan 2-0 1998/99 Fase Grup: Inter Milan vs Real Madrid 3-1 2020/21 Fase Grup: Real Madrid vs Inter Milan 3-2 2020/21 Fase Grup: Inter Milan vs Real Madrid 0-2 2021/22 Fase Grup: Inter Milan vs Real Madrid 0-1 2021/22 Fase Grup: Real Madrid vs Inter Milan 2-0;olahraga
147;"Arsenal masih konsisten meraih kemenangan di Premier League musim ini. Lini depan The Gunners yang saling terkoneksi dengan baik menjadi senjata andalan untuk 'menghabisi' lawan. Arsenal baru saja menekuk Chelsea 2-1 di Emirates pada Minggu (6/9/2026) lalu. Itu menjadi kemenangan ketiga beruntun di liga usai mengalahkan Coventry City 3-0 dan Aston Villa 1-0. Saat mengalahkan Chelsea, proses gol kedua Arsenal yang dicetak oleh Martin Odegaard mendapat pujian. Kai Havertz saat itu membiarkan crossing Christos Tzolis yang mengarah padanya, namun di belakang penyerang Jerman itu sudah ada Odegaard yang lebih siap menerima bola. Keputusan Havertz itu berbuah manis karena Odegaard berhasil mencetak gol. Usai laga, manajer Arsenal Mikel Arteta menyoroti chemistry yang baik di antara para penyerang Arsenal. ""Ketika Anda mulai merasakan chemistry di antara mereka dan melihat apa yang bisa mereka hasilkan, itu sungguh hebat,"" ujar Arteta, dikutip Sky Sports. Pada tiga pertama di Premier League musim ini, Arteta konsisten menurunkan kuartet Bukayo Saka, Odegaard, Christos Tzolis, dan Havertz di pos lini serang. Sejauh ini, hasilnya baik. Dari enam gol yang sudah dicetak Arsenal, Odegaard, Saka, dan Havertz masing-masing telah mencetak dua gol. Sedangkan Tzolis sudah menyumbang satu assist saat melawan Chelsea. Secara permainan, mereka pun tidak kaku. Saka kerap bergerak ke tengah dari sayap kanan, atau bertukar sisi dengan Tzolis. Havertz kerap bergerak ke kanan, dan Odegaaard siap maju dari belakang saat mendapat ruang. ""Itu adalah dimensi berikutnya. Dimensi lanjutan dalam hal dinamika, ancaman, intensi, dan agresivitas saat menyerang. Anda tentu telah melihatnya hari ini,"" jelas Arteta. Arsenal selanjutnya akan memulai petualangan di Liga Champions dengan menghadapi Arsenal pada Kamis (10/9) pukul 02.00 WIB. Menarik ditunggu apakah cairnya lini serang The Gunners di kancah domestik bisa ditunjukkan pula di tanah Eropa. (adp/krs)";olahraga
148;Liga Champions 2026/27 bergulir mulai tengah pekan ini. Supercomputer Opta menempatkan Arsenal sebagai kandidat terkuat untuk mengangkat trofi. Opta menjalankan 10.000 simulasi untuk memprediksi perjalanan Liga Champions musim ini. Hasilnya, Arsenal menjadi tim yang paling sering keluar sebagai juara dengan peluang 21,2 persen. Namun, posisi The Gunners sebagai favorit belum bisa dibilang aman. Bayern Munich membuntuti sangat dekat dengan peluang juara yang mencapai 19,9 persen. Manchester City menjadi satu-satunya tim lain yang memiliki peluang lebih dari 10 persen. The Citizens mendapat angka 12 persen untuk menjadi juara. Sementara itu, juara bertahan Paris Saint-Germain berada di urutan keempat dengan peluang 7,7 persen untuk kembali mengangkat trofi dan mencatat hat-trick gelar Liga Champions. Opta Tidak Akurat Musim Lalu Dalam artikelnya, Opta mengakui prediksinya musim lalu tidak tepat sasaran. Sebelum Liga Champions 2025/2026 dimulai, supercomputer Opta menjagokan Liverpool sebagai kandidat utama juara. Pada prosesnya perjalanan The Reds terhenti di perempatfinal setelah disingkirkan PSG, yang kemudian melaju hingga final dan menjadi juara setelah mengalahkan Arsenal. Untuk musim ini, simulasi supercomputer Opta menempatkan Arsenal sebagai tim dengan peluang juara terbesar. Dari 10.000 simulasi yang dilakukan, 21,2 persen berakhir dengan Arsenal sebagai juara. Peluang Arsenal mencapai babak 16 besar juga sangat tinggi, yakni 93,1 persen. Mereka juga memiliki peluang 70,6 persen untuk mencapai perempatfinal dan 50,6 persen untuk menembus semifinal. Merujuk simulasi tersebut, Bayern Munich menjadi ancaman terbesar bagi Arsenal menurut Opta. Raksasa Bundesliga itu memiliki peluang 19,9 persen untuk menjadi juara, hanya terpaut 1,3 poin persentase dari Arsenal. Bayern bahkan sedikit lebih difavoritkan untuk lolos ke babak 16 besar. Peluang mereka mencapai fase tersebut mencapai 93,5 persen, dibandingkan 93,1 persen milik Arsenal. Di semifinal, peluang Bayern juga mencapai 50,7 persen. Nyaris sama dengan Arsenal yang berada di angka 50,6 persen. Man City dan PSG di Bawah Arsenal-Bayern Manchester City berada di posisi ketiga dalam prediksi Opta dengan peluang 12 persen untuk menjadi juara Liga Champions 2026/2027. City menjadi satu-satunya tim selain Arsenal dan Bayern yang menembus angka 10 persen. PSG, sang juara bertahan, justru hanya berada di posisi keempat dengan peluang 7,7 persen.;olahraga
149;"Xabi Alonso sempat memberikan selembar kertas kepada Reece James dalam laga Arsenal vs Chelsea. Sky Sports mencoba mengungkap isinya. Arsenal menjamu Chelsea di Emirates Stadium dalam lanjutan Liga Inggris, Minggu (7/9/2026) malam WIB. Si Biru kalah 1-2. Chelsea sempat memimpin 1-0 di menit kedua lewat tembakan kejut Morgan Rogers. Setelah kebobolan, Arsenal agresif menekan. Kai Havertz berhasil membuat Arsenal menyamakan skor 1-1 di menit ke-25. Martin Odegaard kemudian mencetak gol di menit ke-50 yang membuat Chelsea tertinggal 1-2. Berbagai upaya dilakukan Xabi Alonso demi bisa mencari gol penyeimbang. Dia bahkan sempat memberikan selembar kertas kepada kapten Reece James melalui Danny Welbeck di menit ke-88. Bersama Cole Palmer, James tampak mencoba memahami isi catatan dari Xabi Alonso tersebut. KameraSkySports sedikit mengungkapkan isi catatan di kertas tersebut. Sky Sports meyakini bahwa itu adalah gambar formasi di lapangan dengan tiga pemain di lini depan. Namun, sejatinya potongan gambar masih belum bisa dipastikan. ""Pertandingan ini memiliki momentum dan tahapan yang berbeda. Kami memulai pertandingan dengan baik, mencetak gol pertama. 15 menit berikutnya, mereka menekan kami dengan keras,"" kata Xabi Alonso terkait pertandingan. ""Kami bertahan terlalu rendah dan kesulitan untuk menguasai bola. Setelah kebobolan, saya rasa permainan kembali seimbang antara mereka dan kami,"" sambungnya. (ran/krs)";olahraga
150;"Ronald Koeman Jr. mencatat sejarah unik di Eredivisie. Anak legenda sepakbola Belanda dengan nama sama itu mencetak dua gol dalam satu laga untuk menyelamatkan timnya dari kekalahan saat menghadapi Cambuur. Yang unik, posisi bermainnya adalah penjaga gawang alias kiper! Telstar, yang diperkuat Ronald Koeman Jr, bermain imbang 2-2 dengan Cambuur pada laga Eredivisie di Sportpark Schoonenberg, Minggu (6/9/2026). Kedua gol Telstar seluruhnya dicetak Koeman Jr. lewat eksekusi penalti. Catatan tersebut membuat Koeman Jr. menjadi kiper pertama dalam sejarah Eredivisie yang mencetak dua gol dalam satu pertandingan, sebagaimana dilansir ESPN. Yang membuatnya makin istimewa, kedua gol itu lahir dalam situasi sulit karena Telstar bermain dengan 10 orang sejak menit ke-22 setelah Nökkvi Þórisson mendapat kartu merah. Cambuur kemudian memanfaatkan keunggulan jumlah pemain. Rafik El Arguioui membawa tim tamu unggul pada menit ke-53, sebelum Nicolas Binder menggandakan keunggulan menjadi 2-0 pada menit ke-60. Telstar baru bangkit tiga menit kemudian. Koeman Jr. maju sebagai eksekutor dan sukses memperkecil ketertinggalan menjadi 1-2 pada menit ke-63. Cambuur sempat bertahan hingga penghujung laga, tetapi drama belum berakhir. Pada masa injury time, VAR kembali menghadirkan penalti untuk Telstar. Koeman Jr. sekali lagi mengambil tanggung jawab. Kiper 31 tahun itu tidak menyia-nyiakan kesempatan. Ia menaklukkan Thijs Jansen pada menit ke-90+11 untuk mengubah skor menjadi 2-2 sekaligus memastikan satu poin bagi Telstar. Koeman Jr. Tak Gentar Diganggu Pemain Cambuur Koeman Jr. mengaku dirinya memang kini menjadi pilihan utama Telstar untuk mengambil penalti. Kepercayaan diri itu pula yang membuatnya tidak ragu mengambil dua penalti dalam situasi penuh tekanan. ""Saya memang sekarang berada di urutan teratas dalam daftar. Saya bisa mengambil penalti dengan baik, saya percaya diri. Saya tidak punya keraguan,"" kata Koeman Jr. Pemain Cambuur mencoba mengganggu konsentrasinya saat berada di titik putih. Bahkan, upaya serupa juga terjadi ketika Telstar sempat mendapatkan penalti lain yang kemudian dianulir setelah intervensi VAR. Tapi Koeman Jr. tidak terpancing. ""Mereka akan berbicara kepada saya, Anda sudah tahu itu sebelumnya. Tapi mereka tidak akan membuat saya terpancing,"" ujarnya sambil tersenyum. Menariknya, Koeman Jr. memilih arah yang sama untuk kedua penaltinya, yakni pojok kanan bawah. Ia bahkan mengisyaratkan mungkin akan mengubah pilihannya jika kembali dipercaya menjadi eksekutor. ""Mungkin saya harus mengubah arah tendangan saya suatu saat nanti. Meski kalau tendangannya cukup keras, kiper tidak akan bisa menangkapnya,"" katanya. Dua gol melawan Cambuur bukan kali pertama Koeman Jr. menjadi penyelamat Telstar lewat penalti. Pada Mei lalu, ia juga maju sebagai eksekutor dalam laga penentuan melawan FC Volendam. Saat itu Koeman Jr. mencetak gol dari titik putih pada menit ke-89 untuk membawa Telstar menang 2-1. Hasil itu memastikan Telstar bertahan di Eredivisie, sementara Volendam harus menjalani playoff degradasi. Kini, Koeman Jr. kembali menjadi pahlawan. Bedanya, kali ini ia bukan cuma mencetak gol penentu, melainkan membuat sejarah Eredivisie dengan mencetak dua gol dalam satu pertandingan sebagai seorang kiper. Saksikan Live DetikSore: (krs/adp)";olahraga
151;Liga Champions 2026/2027 mulai bergulir di tengah pekan. Sejumlah klub besar Eropa akan bertanding, mulai dari Real Madrid, Manchester City, Liverpool, Arsenal, Bayern Munich, hingga Manchester United. Matchday pertama fase liga dimulai pada Selasa (8/9/2026) malam WIB. Dua laga membuka rangkaian pertandingan, yakni AEK Athens vs LASK dan Club Brugge vs Aston Villa. Setelah itu, sejumlah big match akan tersaji. Real Madrid menghadapi Inter Milan, sementara Manchester City bertandang ke markas Porto. Real Madrid akan menjamu Inter Milan pada Rabu (9/9) pukul 02.00 WIB. Di waktu yang sama, Manchester City menghadapi Porto. Borussia Dortmund vs Villarreal dan Lille vs Real Betis juga dimainkan pada jam tersebut. Pertandingan berlanjut pada Rabu malam. Barcelona akan menjamu Feyenoord, sedangkan Stuttgart menghadapi Viking. Kedua laga dijadwalkan kick-off pukul 23.45 WIB. Kamis (10/9) dini hari WIB menghadirkan sejumlah duel menarik. Liverpool akan menjamu Atletico Madrid. Paris Saint-Germain menghadapi Slovan Bratislava, Sporting CP melawan Galatasaray, sedangkan Napoli bertemu Arsenal. Keempat pertandingan tersebut dimulai pukul 02.00 WIB. Sementara itu, rangkaian pertandingan Kamis malam dilanjutkan dengan Fenerbahce vs AS Roma dan PSV Eindhoven vs Shakhtar Donetsk. Kedua laga tersebut dimulai pukul 23.45 WIB. Empat pertandingan menjadi penutup matchday pertama. Ada Como menghadapi RB Leipzig, Bayern Munich menjamu Bodo/Glimt, Manchester United melawan Sabah, dan Slavia Praha bertemu Lens. Jadwal Liga Champions Tengah Pekan Selasa, 8 September 2026 - 23.45 WIB - AEK Athens vs LASK - 23.45 WIB - Club Brugge vs Aston Villa Rabu, 9 September 2026 - 02.00 WIB - Borussia Dortmund vs Villarreal - 02.00 WIB - Porto vs Manchester City - 02.00 WIB - Lille vs Real Betis - 02.00 WIB - Real Madrid vs Inter Milan - 23.45 WIB - Barcelona vs Feyenoord - 23.45 WIB - Stuttgart vs Viking Kamis, 10 September 2026 - 02.00 WIB - Liverpool vs Atletico Madrid - 02.00 WIB - PSG vs Slovan Bratislava - 02.00 WIB - Sporting CP vs Galatasaray - 02.00 WIB - Napoli vs Arsenal - 23.45 WIB - Fenerbahce vs AS Roma - 23.45 WIB - PSV Eindhoven vs Shakhtar Donetsk Jumat, 11 September 2026 - 02.00 WIB - Como vs RB Leipzig - 02.00 WIB - Bayern Munich vs Bodo/Glimt - 02.00 WIB - Manchester United vs Sabah - 02.00 WIB - Slavia Praha vs Lens;olahraga
152;"Chelsea sempat mengungguli Arsenal sebelum kalah 1-2. Untuk ukuran tim 'baru', Morgan Rogers merasa The Blues sudah tampil cukup baik. Chelsea unggul cepat saat tandang ke Emirates Stadium, Minggu (6/9/2026) malam WIB. Morgan Rogers membawa mereka unggul saat laga baru berjalan dua menit. Tapi Arsenal keluar dari tekanan dan mulai menjepit tamunya tersebut. Setelah gol Riccardo Calafiori dianulir, mereka menyamakan skor pada menit ke-25 melalui Kai Havertz. Gol Martin Odegaard pada menit ke-50 lantas menjadi penentu kemenangan buat The Gunners. Secara umum, Arsenal memang lebih dominan di pertandingan ini dan pantas menang. Tapi Chelsea di lain sisi sempat bikin sang juara bertahan kacau khususnya di awal pertandingan. Itu menjadi tanda yang menjanjikan, mengingat ini baru laga ketiga bersama Xabi Alonso di Liga Inggris. Sebagai catatan, Alonso baru datang musim tahun ini menggantikan Enzo Maresca. ""Kami kecewa. Kami datang ke sini dengan misi untuk menang, namun kami gagal mewujudkannya. Jadi, tentu saja para pemain merasa kecewa. Tapi musim ini masih panjang dan tempat ini adalah lokasi yang sulit untuk ditaklukkan,"" kata Rogers di situs Chelsea. ""Menurut saya, kami sudah menunjukkan performa yang bagus. Kami bermain dengan baik di sebagian besar jalannya pertandingan, menciptakan peluang, dan bertahan dengan solid saat dibutuhkan. Tentu saja, situasinya berat, mereka sedang dalam performa terbaik saat ini dan punya kepercayaan diri yang tinggi."" (raw/ran)";olahraga
153;"Suporter Valencia berang usai tim kesayangan mereka dihabisi Barcelona di kandang sendiri. Mereka mengkritik para pemain sampai presiden klub. Valencia kalah 0-5 pada pekan keempat Liga Spanyol di Mestalla, Minggu (6/9/2026) kemarin. Gol-gol dari Lamine Yamal (2), Fermin Lopez, Raphinha, dan Pedri memastikan tim tamu pulang dengan tiga poin dan mantap di puncak klasemen sementara dengan 12 poin. Sementara bagi Valencia, itu menjadi kekalahan ketiga beruntun di kancah domestik dari empat laga. Mereka juga terperosok ke dasar klasemen karena baru meraih satu poin. Situasi ini membuat suporter meluapkan kekesalan mereka usai laga. ESPN melaporkan ribuan fan berkumpul di luar Mestalla dan menyindir para pemain dengan sebutan ""tentara bayaran"". Sasaran kemarahan juga dialamatkan kepada presiden Valencia, Kiat Lim dan juga ayahnya yang merupakan pemilik klub, Peter Lim. Keduanya diminta ""pulang saja"". Kiat Lim hadir di Mestalla dan duduk di sebelah presiden Barcelona Joan Laporta. Kekesalan suporter sebetulnya sudah tampak ketika para fan tak kunjung masuk stadion meski laga sudah dimulai dan memilih untuk berdemo. Tribune yang biasa diisi para ultras juga kosong di awal laga. | Vídeo @DepCOPEValencia | 🦇 🟨 Cientos de valencianistas protestan a las puertas de Mestalla tras caer 0-5 en el Barça 🗣️ Cánticos contra Lim, la directiva, los jugadores y Carlos Corberán 📻 Contado en @tjcope pic.twitter.com/6xpG2XkMJV Lalu para pemain dan pelatih Carlos Corberan pun disoraki di tengah laga dan seusai peluit panjang. Terlihat juga spanduk kritik untuk Lim di tribune. Keluarga Lim sudah memiliki Valencia sejak 2014. Namun relasi para fan dengan keluarga Lim tak pernah baik selama beberapa tahun terakhir karena prestasi klub terbilang biasa-biasa saja. Selama lebih dari sedekade dipimpin keluarga asal Singapura itu, Valencia hanya menambah satu trofi, yakni Copa del Rey pada 2019. Mereka juga lebih banyak berkutat di papan tengah ke bawah. (adp/krs)";olahraga
154;"Fiorentina langsung memecat Fabio Grosso dari kursi pelatih. La Viola memberhentikannya meski Serie A baru berjalan tiga pekan. Fiorentina mengumumkannya di media sosial. Grosso diberhentikan per Senin (7/9) WIB. ""ACF Fiorentina mengumumkan bahwa Fabio Grosso telah diberhentikan, efektif mulai hari ini, dari jabatannya sebagai pelatih Tim Utama putra,"" tulis Fiorentina. Pemecatan ini disinyalir karen laju buruk Fiorentina di Serie A 2026/2027. David De Gea Cs menelan hat-trick kekalahan di tiga laga pertama. Fiorentina mengawali Liga Italia musim ini dengan dibantai 0-4 oleh AS Roma. Fiorentina kemudian kembali keok 0-3 dari tim promosi Frosinone, terakhir disikat Torino 1-2 akhir pekan lalu. Tiga kekalahan itu menempatkan tim asal Florence itu di dasar klasemen Liga Italia. Cuma sekali kemenangan sempat diberikan Grosso di awal musim ini. Itu terjadi saat mengalahkan Benevento 4-1 di babak pertama coppa Italia. Grosso sedianya baru ditunjuk sebagai pelatih Fiorentina pada Juni lalu, menggantikan Paolo Vanoli. Pahlawan Italia di Piala Dunia 2006 itu dimodali rekrutan peminjaman seperti Franco Mastantuono dari Real Madrid hingga Alex Jimenez dari Bournemouth. Namun, Fabio Grosso gagal mengangkat performa tim. Alhasil, pelatih yang musim lalu menukangi Jay Idzes Cs di Sassuolo itu angsung dipecat Fiorentina di awal musim. (yna/ran)";olahraga
155;"Ezri Konsa tampi oke dalam laga derby London. Manajer Arsenal, Mikel Arteta, memuji tekel Konsa dalam upaya merebut bola dari Morgan Rogers. Arsenal menjamu Chelsea di Emirates Stadium dalam lanjutan Liga Inggris, Minggu (7/9/2026) malam WIB. Meriam London menang 2-1. Pertandingan ini menjadi debut Konsa sebagai starter bersama Arsenal dan juga tampil di kandang. Mantan bek Aston Villa tersebut tampil sangat oke bersama Gabriel Magalhaes. Aksi luar biasa Konsa pada babak kedua menjadi sorotan saat dirinya menghilangkan penguasaan bola dari kaki Rogers. Konsa dengan penuh percaya diri melakukan tekel sambil meluncurkan badannya dan membuat Rogers gagal mendekati kotak penalti. Ezri Konsa, timed to perfection 🤌 🔴 @Arsenal pic.twitter.com/9Suh15Oioz ""Sebuah tekel yang sangat khas Inggris, penonton langsung bereaksi - terkadang kalian lebih menyukai itu daripada gol! Itu luar biasa, tentu saja,"" kara Arteta yang dikutip dari situs resmi Arsenal. ""Dia menjalani lima atau enam sesi latihan dan cara dia bermain man-to-man melawan lawan seperti Joao Pedro - menurut saya dia fenomenal,"" sambungnya. Chelsea sempat memimpin 1-0 di menit kedua lewat tembakan kejut Morgan Rogers. Setelah kebobolan, Arsenal agresif menekan. Kai Havertz berhasil membuat Arsenal menyamakan skor 1-1 di menit ke-25. Gol kemenangan 2-1 Arsenal datang pada menit ke-50 melalui Martin Odegaard. (ran/raw)";olahraga
156;"Timnas basket putra Indonesia masuk grup neraka di Asian Games 2026. CdM Todotua Pasaribu optimistis! Timnas basket putra Indonesia melakoni persiapan akhir sebelum terbang ke Jepang mengikuti Asian Games 2026. Ketua Umum Persatuan Bola Basket Seluruh Indonesia (Perbasi) Budi Djiwandono datang langsung ke latihan untuk melepas sekaligus memberi semangat. ""Kami hadir bukan hanya untuk melihat, tetapi juga memberikan semangat,"" kata Budi bersama CdM Todotua Pasaribu di kawasan Jakarta Selatan, Sabtu (5/9/2026). Bagaimana pun, lolosnya Indonesia ke Asian Games adalah rezeki karena ada slot yang terbuka. ""Kita ketahui bersama, tadinya timnas putra belum terkualifikasi untuk Asian Games. Namun, karena kemarin ada slot yang terbuka, akhirnya Indonesia bisa berkompetisi,"" ujarnya. Di Asian Games Aichi-Nagoya 2026, Indonesia berada di grup neraka bersama Jepang, Korea Selatan, dan Arab Saudi. Namun, Budi meminta semangat atletnya tetap menyala. ""Kami tahu bahwa perjuangan ini tidak mudah dan tim-tim yang akan mereka hadapi adalah tim-tim hebat dari Asia. Namun, saya yakin dengan pengalaman yang ada, beberapa atlet sudah memiliki pengalaman yang cukup panjang, dan diperkuat dengan bibit-bibit muda, saya rasa ini merupakan kombinasi yang baik untuk menghadapi tim-tim tersebut,"" kata Budi. ""Kami yakin. Tadi kami juga menitipkan kepada pelatih dan para atlet untuk memberikan yang terbaik. Kami ingin mereka berkompetisi sebagus-bagusnya. Kita doakan mereka bisa memberikan hasil yang terbaik,"" tegasnya. Sementara itu, CdM Todotua Pasaribu memastikan Timnas basket putra menjadi delegasi pertama Indonesia yang akan berangkat ke Negeri Matahari tersebut. Mereka akan terbang pada Senin (7/9), dan mulai bertanding pada 10 September. ""Harapannya, tim basket kita ini bisa menjadi endorsement yang positif. Jadi, ketika nanti pembukaan, kita yakin dan percaya tim basket kita sudah bisa memberikan yang terbaik, sehingga pada saat pembukaan Asian Games pun kita sudah punya kabar yang baik,"" kata Todotua. Todotua mengaku sudah 2-3 kali meninjau tim ini. Sebagai bagian dari keluarga besar Perbasi, ia punya keyakinan tinggi. ""Kita yakin dan percaya ini momentum yang harus kita manfaatkan betul-betul. Harapannya, dari sisi atlet, saya sendiri punya keyakinan bahwa tim ini bisa membawa pulang medali nanti,"" ujarnya. ""Persiapan di sana, mereka nanti akan masuk ke kompleks Athlete Village sebagai persiapan. Kami dari CDM juga akan memberikan dukungan dan backup. Pada saat mereka masuk, official team dari CDM juga sudah akan stand by,"" tegas Todotua. (mcy/aff)";olahraga
157;"Mata Derrick Michael Xzavierro berbinar saat berbicara soal Asian Games 2026. Dia akan mewujudkan mimpi masa kecilnya! ""Aku ingat terakhir kali menonton Asian Games itu saat digelar di Jakarta. Asian Games di Jakarta benar-benar seperti mimpi buat aku. Waktu itu aku masih SMA dan datang ke Gelora Bung Karno hanya untuk menonton. Suasananya benar-benar bagus, begitu juga dengan penontonnya,"" kata Derrick saat ditemui di Jakarta Selatan, Sabtu (6/9/2026). Tak ayal, saat mimpi itu terwujud, Derrick mengaku benar-benar antusias. Apalagi klub tempat ia bernaung saat ini, Saga Ballooners, mengizinkannya memperkuat Indonesia. ""Aku antusias banget karena ini pertama kalinya aku tampil di Asian Games,"" ujarnya. ""Ini juga merupakan salah satu impianku sejak kecil untuk bisa bermain di Asian Games. Jadi, aku ingin membuat semuanya benar-benar berarti."" Di Asian Games, Derrick dan kawan-kawan langsung menghadapi tantangan besar. Ia akan melawan tuan rumah di Aichi-Nagoya pada 10 September 2026. Alih-alih gentar, Derrick justru makin semangat. Apalagi, Derrick sudah terbiasa dengan atmosfer basket Jepang. Kini ia akan merasakannya dengan jersey Merah Putih. ""Kami akan bermain melawan Jepang. Aku tahu arenanya akan sangat besar, salah satu arena terbesar di B.League. Jadi, aku sangat excited untuk bermain di sana,"" ujarnya. Tak hanya itu, Derrick juga semakin bersemangat karena rekan-rekannya di Jepang juga bakal mendukungnya secara penuh saat di Asian Games nanti. ""Oh iya, semua teman-teman saya di Jepang, B.League dan tim saya, benar-benar mendukung saya. Kemarin saya juga sempat latihan sekitar sebulan di sana. Mereka bilang, 'Kami akan menonton pertandinganmu. Lakukan yang terbaik. Kami akan mendukungmu.'"" ""Walaupun mereka berasal dari Jepang, mereka tetap mendukung saya sebagai salah satu pemain mereka. Jadi, saya sangat beruntung bisa berada di Saga juga. Mereka memberikan dukungan penuh kepada Indonesia,"" ujarnya. Pebasket berusia 23 tahun ini pun membeberkan target pribadinya dalam debutnya di Asian Games 2026. ""Target pribadi pastinya menang sebanyak-banyaknya dan memberikan kontribusi sebagus-bagusnya untuk tim. Semoga kami bisa memenangkan setiap pertandingan. Setidaknya kami bisa lolos ke grup berikutnya,"" kata Derrick. ""Untuk masyarakat Indonesia, aku sangat membutuhkan dukungan, full support. Jangan setengah-setengah dalam memberikan dukungan,"" ucapnya. (mcy/aff)";olahraga
158;"Perjalanan Bintang Akbar/Sofyan Rachman di AVC Beach Continental 2026 harus berakhir di perempatfinal. Mereka sudah main maksimal. Dalam pertandingan yang berlangsung di Shangluo, China, Sabtu (5/9/2026), pasangan voli pantai Indonesia itu kalah 1-2 dari wakil Australia Thomas Hodges/Ben Hood. Bintang/Sofyan sempat berada di atas angin setelah merebut set pembuka 21-19. Namun, Hodges/Hood membalikkan keadaan dengan memenangi dua set berikutnya 21-14 dan 15-13 sekaligus memastikan tiket semifinal. Kegagalan tersebut menjadi kekalahan pertama Bintang/Sofyan selama tampil di turnamen ini. Sebelum memasuki perempat final, mereka selalu menang dan bahkan belum pernah kehilangan satu set. Pelatih Timnas voli pantai Indonesia Slamet Mulyanto mengatakan anak-anaknta sudah main maksimal. ""Pertama-tama kami mohon maaf, hanya sampai perempat final. Anak-anak sudah maksimal,"" kata Slamet dalam kutipam cepatnya, Sabtu (5/9/2026). ""Set pertama anak-anak bermain bagus. Start kedua awalnya bagus, leading 8-6. Namun, lawan bikin ulah, mancing emosi, memperlambat permainan dan tiga kali protes ke wasit, hingga dapat kartu kuning. Hal itu membuat anak-anak terpengaruh,"" ujarnya. Slamet menilai lawan memiliki postur tubuh yang lebih tinggi sehingga overblok-nya sulit dihentikan. ""Lawan tinggi, overblok, susah dihentikan. Jam terbang bicara, dalam keadaan ketat gini, lawan bisa mempengaruhi tempo, itu yang tidak diantisipasi anak-anak. Harusnya anak-anak kembali dengan cepat ke bentuk permainannya,"" kata Slamet. ""Set ketiga, bisa mengimbangi, tetapi lawan memang harus diakui tampil lebih baik, lebih punya banyak pengalaman. Jam terbang berbicara, salah satu pemainnya sudah dua kali tampil di Olimpiade,"" tuturnya. Slamet berharap pengalaman tampil di AVC Beach Continental dapat dijadikan bekal untuk Asian Games di Aichi-Nagoya, 19 September hingga 4 Oktober mendatang. ""Anak-anak harus lebih konsisten dan tidak terpengaruh lawan. Kini kami bersiap tampil di Asian Games,"" kata Slamet. (mcy/aff)";olahraga
159;"Pasangan Rafalentino Ali Da Costa/Ethan David Zapp selangkah menuju gelar juara Men's World Tennis Championship 2026. Ini setelah mereka lolos ke final. Pada laga semifinal Seri IV ITF World Tennis Tour M-15 di Bali Beach Country Club, Jumat (4/9/2026), Rafalentino/Ethan menghadapi unggulan keempat Sebastian Grundtvic Jorgensen/Ryotaro Taguchi. Rafalentino/Ethan bermain prima sedari set pertama sebelum menang 6-4 dan 6-4 atas pasangan gado-gado Denmark dan Jepang. Mereka tak takut meladeni perlawanan Sebastian/Ryotaro yan berperingkat lebih tinggi. Setelah menang 6-4 di se pertama, Rafalentino lewat forehand maupun backhand yang mematikan serta Ethan dengan cegatan voli di depan net memaksa Sebastian/Ryotaro kalah dengan skor serupa dalam total durasi pertandingan selama 1 jam 6 menit di set kedua. Rafalentino pun menyebut kemenangan ini jado kado ulang tahun rekannya. Dia juga mewanti-wanti agar selalu waspada dan tidak menganggap remeh lawan di final. ""Kemenangan ini jadi kado terbaik untuk ultah ke-17 Ethan David. Ini juga jadi rekor tersendiri bagi kami karena bisa mencapai final pertama kalinya di nomor ganda,"" ujar Rafalentino dalam rilis kepada detikSport. ""Kami harrus fokus dan tidak boleh lengah sama sekali di setiap gamenya. Ini menjadi faktor penting dalam kemenangan hari ini,"" sambungnya. Sementara, Ethan memuji semangat Rafalentino serta kemampuan rekannya mengatur strategi dengan baik, di saat poin-poin kritis. ""Dia bagus sekali saat menghadapi tekanan dan bisa membantu saya. Kami harus tetap fokus untuk final,"" papar Ethan. Pada laga final, Sabtu (5/9) besok ,mereka menantang unggulan Alexander ChangPablo Perez Ramos. Pasangan gado-gado dari Amerika Serikat dan Spanyol ini sukses menyudahi Shanker Heisnam/Karan Singh dari India 6-3 dan 6-4. Sementara itu di sektor tunggal putra tuan rumah Indonesia gagal menempatkan wakilnya kebabak semifinal. Nathan Barki dipaksa harus menyerah dua set langsung dari petenis India Karan Singh, lewat pertarungan selama 1 jam 16 menit. Selanjutnya Karan Singh yang merupakan unggulan keempat akan bertemu Ryotaro Taguchi, setelah petenis asal Jepang ini menang rubbet set dari Hayden Jones 6-0 5-7 dan 7-5. (mrp/ran)";olahraga
160;"Bali jadi tuan rumah turnamen catur level internasional akhir Oktober. Tak sekadar adu tangkas, turnamen ini juga bertujuan menggenjot pariwisata Pulau Dewata. Turnamen ini bernama Catur Bali Fide Rated Kapal Api Chess Festival 2026 yang digelar di Hotel Ululani, Uluwatu, Bali, 30 Oktober sampai 5 November. Ajang ini digagas oleh Ketua Umum Pengurus Cabang Persatuan Catur Seluruh Indonesia (Pengprov Percasi) Kabupaten Muna, Sulawesi Tenggara, Jalaluddin Madjinuhu, yang mendapat dukungan dari PB Percasi dan klub Jayakarta Muda Jakarta. Bakal ada total hadiah RP 112 juta di mana Rp 20 juta akan diberikan kepada sang juara. Sejauh ini sudah ada 300 peserta yang berencana mengikuti ajang itu, baik dari dalam maupun luar negeri. Dari Indonesia, baru atlet-atlet Jawa Timur, Bali, Sulawesi Tenggara, Nusa Tenggara Barat, dan Nusa Tenggara Timur yang mendaftar. Menurut Jalaludin, jumlah peserta yang cukup banyak ini sesuai dengan daya tampung Ballroom Hotel Ululani, Bali yang akan menjadi arena pertandingan. Diharapkan nantinya, para peserta telah lolos persyaratan sesuai peraturan FIDE. ""Saat ini sekitar 300 calon peserta sudah bersurat kepada FIDE untuk mengikuti turnamen ini. Dari dalam negeri sendiri beberapa daerah sudah konfirmasi kepada saya seperti dari Jawa Timur sebanyak 50 pecatur, Bali (50 pecatur), Sulawesi Tenggara(25 pecatur), serta dari NTT dan NTB,"" ujar Jalaludin dalam rilis kepada detikSport. ""Karena turnamen pertama ini berkategori challenger maka pesertanya adalah pecatur yang memiliki elo rating di bawah 2000,"" sambungnya. Lebih lanjut, pemilihan Pulau Bali sebagai tempat penyelenggara, agar turnamen catur level international tidak hanya berlangsung di Pulau Jawa saja. Ini juga bisa berdampak positif bagi pariwisata Bali selama turnamen berlangsung. ""Pemilihan Bali, selain sebagai destinasi wisata. juga karena letaknya di tengah-tengah, hingga para peserta dari Pulau Kalimantan, Sulawesi, serta dari Indonesia Bagian Timur lainnya, bisa ikut ambil bagian,"" papar Jalaludin. Selama ini turnamen catur bertaraf international atau FIDE Rated di Indonesia hanya ada satu kali. Dengan digelarnya turnamen Kapal Api Chess Festival 2026, maka jumlah turnamen bertaraf international di Tanah Air diharapkan semakin banyak. ""Jadi tak usah jauh-jauh ke luar negeri untuk mencari poin elo rating, sebaliknya bagi peserta dari luar negeri juga bisa sekalian berlibur di Bali. Jika turnamen pembuka ini sukses, ke depannya akan dijadikan kalender tetap tiap tahunnya dan titelnya akan berubah menjadi open,"" demikian Jalaludin. (mrp/ran)";olahraga
161;"FIA World Endurance Championship 2026 memasuki paruh kedua musim. Team WRT 32 lebih percaya diri meraih hasil bagus. Dari empat balapan awal, selalu muncul pemenang berbeda. Team WRT #69 (BMW) menaklukkan seri pembuka di Imola, lalu Garage 59 #10 (McLaren) finis pertama di Spa. Dua tim penggeber Corvette memenangi dua balapan terakhir di Le Mans serta Sao Paulo, yakni TF Sport #33 dan Racing Team Turkey #34. TF Sport 33 sekarang memimpin klasemen dengan keunggulan 27 poin atas tim juara bertahan kelas LMGT3, The Bend Manthey #92 (Porsche). Keunggulan dengan selisih poin lumayan besar itu pun didapat karena TF Sport 33 menang di Le Mans yang memberikan poin ganda. Selebihnya, dari Manthey 92 di peringkat dua hingga tim di posisi ke-10 hanya berselisih 19 poin. Ini menggambarkan betapa persaingan di LMGT3 sangat terbuka musim ini. Menariknya lagi menatap putaran lima FIA WEC, Lone Star Le Mans atau 6 Hours of COTA akhir pekan ini, untuk kali pertama dua tim pemenang di dua kelas tahun lalu absen. Porsche Penske tak melanjutkan program Hypercar tahun ini. Sementara tim United Autosports #95 yang tahun lalu menang di COTA bersama Sean Gelael, Darren Leung, dan Marino Sato juga absen dari program LMGT3 tahun ini. Mereka memilih fokus untuk menjadi partner operasional McLaren untuk tampil di Hypercar 2027. Mobil McLaren sendiri masih ada di LMGT3, tapi manajemennya pindah ke tim Garage 59 dengan mengoperasikan mobil nomor 10 dan 58. Sean dan Darren masih bersatu dan punya ingatan baik soal kemenangan tahun lalu. Namun kali ini cerita pasti berbeda karena mereka mengendarai BMW bersama Augusto Farfus di Team WRT #32. ""Musim liburan telah berakhir, sekarang saatnya fokus tantangan berat di hadapan,"" tulis akun resmi Team WRT. Race 6 Hours of COTA disiarkan langsung secara livestreaming di kanal youtube KUY Entertainment, Senin (7/9) mulai pukul 01.00 WIB. (mrp/ran)";olahraga
162;"Pasangan voli pantai Indonesia Bintang Akbar/Sofyan Rachman sukses mengunci status juara Grup E AVC Beach Continental 2026 dan melenggang mulus ke babak 16 besar. Di babak berikutnya, mereka akan melawan Selandia Baru. Kemenangan telak 2-0 atas wakil Jepang Takahashi/Ikeda di Shangluo, Kamis (3/9/2026), jadi penutup sempurna fase grup. Skor 21-16, 21-15 menutup laga yang sebenarnya duel perebutan puncak klasemen. Dalam keterangan tertulis federasi, Bintang/Sofyan tampil dominan sejak awal pertandingan dan mengamankan set pertama dengan kemenangan 21-16. Permainan pasangan Indonesia tetap terjaga pada set kedua hingga mereka kembali unggul 21-15. Kemenangan atas wakil Jepang sekaligus mempertahankan rekor sempurna Bintang/Sofyan selama fase grup. Mereka berhasil memenangkan seluruh tiga pertandingan tanpa sekalipun kehilangan set. Pertemuan dengan Takahashi/Ikeda memang menjadi laga penting untuk menentukan pemuncak klasemen Grup E. Kedua pasangan sebelumnya sama-sama mengoleksi dua kemenangan dan belum pernah kehilangan satu set pun. Bintang/Sofyan lebih mampu menjaga konsistensi dalam laga tersebut. Setelah mengamankan set pembuka 21-16, pasangan Indonesia kembali tampil solid untuk menyelesaikan pertandingan dengan kemenangan 21-15 pada set kedua. Sebelum menghadapi pasangan Jepang, Bintang/Sofyan lebih dahulu meraih kemenangan atas wakil Hong Kong Wong Pui Lam/Chong Kei Loi. Dalam pertandingan pembuka Grup E, mereka menang dua set langsung 21-10 dan 21-12. Pada pertandingan kedua yang berlangsung Rabu (2/9/2026), pasangan Indonesia kembali meraih kemenangan. Kali ini, Yakovlev/Mokhammad dari Kazakhstan mereka kalahkan dengan skor 21-17 dan 21-15. Dari tiga pertandingan tersebut, Bintang/Sofyan mengumpulkan enam kemenangan set tanpa sekali pun kalah. Hasil itu memastikan mereka berada di posisi teratas Grup E sekaligus membuka jalan menuju fase gugur. Di babak 16 besar, Di 16 besar, ujian berikutnya sudah menunggu. Sam O'Dea/Ben O'Dea dari Selandia Baru jadi lawan yang harus ditaklukkan Bintang/Sofyan. Target pelatih Slamet Mulyanto dari awal memang menjadi juara grup. Dan itu sudah tercapai. Bintang/Sofyan diminta naik level. ""Bintang/Sofyan bermain sangat baik. Lawan Selandia Baru, tidak boleh kendur. Gas terus, harus menang,"" tegas Slamet. (mcy/aff)";olahraga
163;Kyrgyzstan - Pemandangan udara venue VI World Nomad Games terlihat di Kyrchyn Gorge, Issyk-Kul, Kyrgyzstan, saat ajang budaya dan olahraga nomaden berlangsung. Kyrchyn Gorge di wilayah Issyk-Kul, Kyrgyzstan, berubah menjadi salah satu pusat perhelatan VI World Nomad Games 2026. Dari udara, kawasan yang berada di tengah lanskap pegunungan tersebut tampak dipenuhi fasilitas dan area kegiatan untuk menyambut ribuan peserta serta pengunjung dari berbagai negara. REUTERS/Pavel Mikheyev VI World Nomad Games berlangsung pada 31 Agustus hingga 6 September 2026. Upacara pembukaan digelar di Bishkek pada 31 Agustus, sementara rangkaian pertandingan dan kegiatan budaya dilaksanakan di sejumlah lokasi di wilayah Issyk-Kul, termasuk Kyrchyn Gorge. REUTERS/Pavel Mikheyev World Nomad Games merupakan ajang internasional yang menggabungkan olahraga tradisional dengan kebudayaan masyarakat nomaden. Perhelatan tersebut tidak hanya mempertandingkan kemampuan para atlet, tetapi juga menjadi ruang untuk memperkenalkan kembali permainan tradisional, kesenian, kerajinan, kuliner, dan warisan budaya masyarakat dari berbagai negara. REUTERS/Pavel Mikheyev Pada penyelenggaraan 2026, sekitar 3.000 atlet dari 109 negara ambil bagian dalam kompetisi, menurut informasi dari kantor berita nasional Kyrgyzstan Kabar. Sebelumnya, panitia menyebut kompetisi mencakup puluhan cabang olahraga, termasuk berbagai olahraga tradisional yang berkaitan erat dengan kehidupan masyarakat nomaden. REUTERS/Pavel Mikheyev Salah satu program yang berlangsung di Kyrchyn adalah kawasan etnovillage yang menjadi ruang pertemuan budaya. Pengunjung dapat menyaksikan pertunjukan seni, mengikuti lokakarya kerajinan dan memasak, serta melihat berbagai tradisi yang ditampilkan dalam suasana yang menggambarkan kehidupan masyarakat nomaden. REUTERS/Pavel Mikheyev Kyrchyn juga menjadi lokasi pertandingan olahraga tradisional. Salah satunya adalah panahan berkuda yang mempertemukan atlet dari berbagai negara. Dalam pertandingan yang berlangsung pada 2-3 September, sebanyak 72 atlet putra dari 33 negara dan 45 atlet putri dari 32 negara ambil bagian. REUTERS/Pavel Mikheyev Olahraga tradisional lain yang menjadi bagian dari World Nomad Games antara lain kok-boru, gulat tradisional, tarik tambang, olahraga kekuatan, serta berbagai cabang yang menggunakan kuda sebagai bagian utama pertandingan. Olahraga tersebut merepresentasikan keterampilan yang secara historis berkembang dalam kehidupan masyarakat nomaden di kawasan Asia Tengah dan wilayah lainnya. REUTERS/Pavel Mikheyev;olahraga
164;Banyak orang urung coba yoga karena mikir harus lentur dulu atau paham semua gerakan sejak awal. Padahal yoga itu soal proses, bukan soal siapa yang paling jago pose susah, dan justru kelas outdoor jadi tempat paling santai buat memulai. Ground and Grow Yoga membuka kelas yang ramah untuk pemula, digelar di René Café, Cipayung, Jakarta Timur pada Minggu, 6 September 2026, pukul 07.00 WIB sampai 09.00 WIB. Suasana outdoor yang santai bikin siapa pun tidak perlu takut salah gerakan atau merasa dinilai orang lain. Kelas ini fokus ke mindful movement, jadi peserta diajak menyelaraskan napas dengan gerakan pelan-pelan tanpa tekanan buat langsung sempurna. Cocok banget buat kamu yang selama ini cuma nonton video yoga di media sosial tapi belum berani coba langsung. Persiapannya juga simpel. Peserta cukup membawa yoga mat sendiri dan pakaian olahraga yang nyaman dipakai gerak. Disarankan juga bawa tumbler, handuk, dan sunglasses supaya makin nyaman selama sesi berlangsung di ruang terbuka. Setiap peserta bakal dapat goodie bag saat registrasi di venue, jadi ada bonus tambahan selain pengalaman yoga itu sendiri. Selain jadi ajang olahraga ringan, momen ini juga bisa jadi cara buat ketemu orang baru dengan minat yang sama soal wellness dan gaya hidup lebih sadar diri. Kamu juga tidak perlu mikirin peralatan mahal, karena modal utama cuma niat dan yoga mat sendiri. Kalau selama ini alasan kamu belum mulai yoga cuma karena takut salah gerakan atau merasa belum siap, kelas ini didesain justru buat kamu yang masih di titik itu. Instruktur akan memandu step by step tanpa buru-buru. Jangan biarkan rasa ragu bikin kamu terus menunda, langsung amankan slotmu di detikevent sekarang juga! (bay/mrp);olahraga
165;"Petenis Indonesia Nathan Barki melaju ke perempatfinal Amman Mineral Men's World Tennis Championship 2026. Begitu juga dengan Rafalentino Ali Da Costa/Ethan David Zapp yang menembus semifinal. Pada pertandingan Babak 16 Besar Seri IV M-15 di Lapangan D, Bali Beach Country Club, Kamis (3/9/2026), Nathan bertemu kompatriotnya Anthony Susanto. Duel kedua wakil tuan rumah ini sebenarnya berlangsung seimbang, di mana terjadi kejar-kejaran poin sampai skor sama kuat 5-5 di set pertama. Memasuki game ke-11, setelah melalui 3 kali deuce, Nathan akhirnya dapat mematahkan servis dari Anthony, untuk menutup set pertama dengan kemenangan 7-5 dalam tempo 48 menit. Di set kedua, Nathan meminta perawatan medis akibat lengan kanannya sakit. Alhasil petenis 29 tahun ini memutuskan mundur dan Nathan berhak atas tiket perempatfinal. Meski menang, Nathan prihatin dengan kondisi Anthony. Dia berharap Anthony bisa cepat pulih. ""Sedih juga meski menang, karena Anthony harus terhenti karena cedera. Saya berharap bisa mempertahankan performa dan fokus ke laga-laga selanjutnya,"" ujar Nathan dalam rilis kepada detikSport. Di nomor tunggal putra, Rafalentino menyerah dua set langsung dalam tempo 1 jam 16 menit, 3-6 dan 2-6, dari wakil India Karan Singh. Kegagalan ini ditebus Rafalentino dengan sempurna saat turun di ganda putra bersama Ethan David Zapp. Mereka menyingkirkan unggulan pertama Isaac Becroft/Reece Falck dari Selandia Baru. Dengan motivasi tinggi dan bermain tanpa beban, Rafalentino yang baru berusia 16 tahun dan Ethan 17 tahun, bertarung sangat luar biasa untuk menang 7-5, 6-4, dalam waktu 1 jam 14 menit. ""(Kami) sangat gembira dengan kemenangan ini dan tak menyangkan bisa mengalahkan unggulan pertama. Kami akan berupaya tampil tanpa beban lagi di laga selanjutnya, bermain seperti hari ini,"" ujar Ethan yang diamini Rafalentino. Rafalentino/Ethan David bertemu unggulan keempat Sebastian Grundtvic Jorgensen/Ryotaro Taguchi di semifinal. Sebastian/Ryotaro mengalahkan Leo Borg/Eric Ahren dari Swedia dengan skor 6-4 3-6 dan super tiebreak 10-5. (mrp/bay)";olahraga
166;"Asosiasi Lari Trail Indonesia (ALTI) DKI Jakarta akan menggelar Jakarta Vertical Run 2026. Apa itu? Mengambil tema Tantangan Urban dan Keberlanjutan Lingkungan, ALTI DKI bekerjasama dengan Cakrawala Jakarta Kreatif selaku penyelenggara, yang didukung juga oleh Geely sebagai sponsor utama dan Fortesport, menggelar ajang tower running bertaraf internasional. Perlombaan lari naik tangga ini dihelat, Minggu 15 November, di Autograph Tower, Kompleks Thamrin Nine, Jakarta Pusat. Thamrin Nine merupaka gedung tertinggi di Jakarta dan tercatat sebagai gedung tertinggi di belahan bumi selatan, dengan ketinggian 385 meter. Para peserta akan menantang fisik dan mental dengan menaklukkan kurang lebih 2.120 anak tangga di gedung 106 lantai itu. Ketua Umum ALTI DKI Jakarta, Eko Putro Hadi Prasetyo, menyampaikan bahwa ajang ini memberikan sensasi olahraga urban yang berbeda dari road run pada umumnya. Lomba dimulai pukul 04.30 WIB, agar para pelari tercepat berkesempatan menikmati momen matahari terbit di langit Jakarta saat mencapai puncak. ""Kami percaya olahraga urban seperti ini akan memberikan tantangan dan sensasi yang berbeda bagi pesertanya. Semoga saja akan tercipta persaingan yang menarik antarpeserta,"" ujar Eko Putro dalam jumpa pers, Kamis (3/9/2026). Start dilakukan dengan sistem wave yang terbagi menjadi empat gelombang: wave 1 untuk kategori Elite Atlet dan wave 2 untuk kategori Open, masing-masing dilepas lima (5) peserta setiap 30 detik, sementara wave 3 dan wave 4 dilepas setiap satu menit. Hingga kini, tercatat 450 pelari dari 16 negara siap bersaing di tiga kategori utama: Elite/Tower Running, Senior, dan Master. Ajang lari naik tangga gedung bertingkat tinggi seperti ini telah lazim diselenggarakan di berbagai kota dunia, dan diminati karena tingkat kesulitannya yang berbeda dari lomba lari di jalan raya pada umumnya. Keterlibatan Geely sebagai sponsor utama memperkuat sinergi antara gaya hidup aktif dan komitmen keberlanjutan lingkungan (green mobility) melalui penerapan konsep eco-friendly event. Penyelenggara juga menaruh perhatian penuh pada keselamatan, keamanan, dan kenyamanan peserta dengan menyiagakan tenaga kesehatan, paramedis, ambulans, serta rumah sakit rujukan apabila terjadi keadaan darurat selama lomba berlangsung. Ajang ini sekaligus menjadi momen strategis menyongsong peringatan 500 tahun Kota Jakarta pada 2027. Panitia berharap penyelenggaraan Jakarta Vertical Run dapat kembali digelar tahun depan dengan skala lebih besar. Kepala Dinas Pemuda dan Olahraga Provinsi DKI Jakarta, Andri Yansyah, mendukung penuh kegiatan ini. Selain berfungsi sebagai tolok ukur pembinaan prestasi atlet, Jakarta Vertical Run juga didorong sebagai ajang sport tourism dan rekreasi bergengsi, di mana para peserta dapat menikmati keindahan lanskap Kota Jakarta dari titik tertinggi. Jakarta Vertical Run nanti bakal jadi penyelenggaraan Vertical Running pertama di gedung tertinggi di Indonesia dengan jumlah peserta terbanyak, yang berpotensi mendapatkan rekor MURI. Khusus bagi pelari kategori Elite Vertical Running, mereka akan memperoleh 60 poin skor yang dapat menaikkan peringkat mereka di klasemen atlet vertical run internasional. (mrp/bay)";olahraga
167;"KONI DKI Jakarta terus mempersiapkan diri jelang PON 2028. Salah satunya dengan menjadi tuan rumah PON Pantai 2026 bulan November. Dalam rangka mewujudkan misi menjadi juara umum PON 2028, KONI DKI bersama Dinas Pemuda dan Olahraga (Dispora), DPRD, dan pengurus cabor terus berkolaborasi mematangkan persiapan. Terdekat, kolaborasi itu akan terwujud dalam pelaksanaan Pekan Olahraga Nasional (PON) Pantai yang digelar di Ancol, Jakarta, bulan November. Ajang nasional perdana ini merupakan kolaborasi KONI Pusat, Pemprov DKI, KONI DKI Jakarta dan PT Pembangunan Jaya Ancol. Ketua Umum KONI Provinsi DKI Jakarta, Hidayat Humaid, mengatakan PON Pantai tidak hanya menjadi ajang meningkatkan prestasi olahraga, tetapi juga diharapkan mampu menggerakkan perekonomian masyarakat, khususnya UMKM di sekitar kawasan Ancol. Hal itu disampaikan Hidayat dalam press gathering media bertema ""Bergerak Untuk Jakarta Juara"" di Jakarta, Kamis (3/9/2026). Turut hadir Kepala Dinas Pemuda dan Olahraga (Dispora) DKI Jakarta, Andri Yansyah, Sekretaris Umum KONI DKI, Aminulah, Wakil Ketua Umum I, Fatchul Anas dan Wakil Ketua Umum V Anondo Eko, juga Bendahara Umum Hadameon Aritonang. ""PON Pantai bukan hanya soal prestasi. Kami ingin kegiatan olahraga nasional ini ikut menggerakkan ekonomi masyarakat dan UMKM di sekitar lokasi,"" ujar Guru Besar Fakultas Ilmu Keolahragaan dan Kesehatan (FIKK) Universitas Negeri Jakarta (UNJ) ini dalam keterangan kepada media. Hidaya mengungkapkan 'Bergerak Untuk Jakarta Juara' adalah komitmen KONI DKI untuk mewujudkan harapan warga Jakarta yang merindukan menjadi Juara Umum PON 2028. ""KONI terus bergerak dan ini menjadi PR dan tantangan kita bersama untuk mewujudkan juara umum,"" sambungnya. PON Pantai Ancol akan mempertandingkan 10 cabang olahraga dengan 11 disiplin, yakni Akuatik, Bola Basket 3x3, Bola Voli Pantai, Bola Tangan Pantai, Layar, Modern Pentathlon, Rugby Pantai, Selam Laut, Teqball, dan Triathlon. ""Kami sudah melakukan visitasi PON Pantai Ancol antara KONI Pusat, Dispora, KONI DKI bersama cabor telah dilakukan peninjauan lokasi pertandingan atau veneu,"" tegas Waketum I KONI DKI Jakarta Fatchul Anas. Anas menjelaskan Pantai Festival menjadi lokasi Akuatik, Renang Perairan Terbuka, dan Selam Laut. Lalu, Kawasan Lagoon digunakan untuk Bola Voli Pantai dan Layar. Adapun Beach City International Stadium (BCIS) menjadi venue Triathlon, Teqball, Bola Tangan Pantai, dan Bola Basket 3x3. ""Untuk Beach Pool untuk Rugby Pantai, Modern Pentathlon, dan Akuatik-Polo Air. Venue ini sementara sudah disepakati,"" demikian Anas. (mrp/bay)";olahraga
168;"Marc Márquez dianggap akan menjalani persaingan gelar juara dunia MotoGP 2026 selayaknya mengikuti balapan uji ketahanan. Ia pun disarankan lebih bijak mengatur kondisi fisik dan tidak selalu memaksakan diri. Pendapat itu dilontarkan mantan rider Honda, Cal Crutchlow, yang menilai Marc masih menjadi pebalap terbaik di MotoGP. Tapi kondisi fisik juara bertahan itu membuat pendekatan terhadap sisa musim harus berbeda. Marc masih mengalami masalah pada lengan kanannya setelah menjalani sejumlah operasi. Ia bahkan mengaku kehilangan tenaga saat balapan MotoGP Inggris di Silverstone. Situasi itu bikin Crutchlow memperkirakan Marc akan mengelola perebutan gelar seperti sebuah endurance race. ""Ini sangat sulit karena saya pikir Marc masih menjadi pebalap terbaik, tetapi saya pikir dia sedang membalap dalam kondisi cedera,"" ucapnya seperti dilansir Crash.net. Sepanjang musim 2026, Marc Marquez memang masih beradaptasi dengan keterbatasan fisik pada lengan kanannya. Sebelum MotoGP Aragon, Marc mengungkapkan bahwa lengannya masih mengganggu. Ia berharap kondisinya membaik di Aragon karena karakter sirkuit yang memiliki lebih banyak tikungan kiri. Situasi itu membuat Marc tidak bisa selalu mengandalkan pendekatan agresif seperti pada masa terbaiknya. Konsistensi dan kemampuan memilih momen untuk menyerang menjadi sama pentingnya dengan kecepatan. Crutchlow pun melihat strategi tersebut bisa menjadi kunci Marc dalam perburuan gelar. Tidak harus selalu menang, tetapi sebisa mungkin tetap finis di depan rival utama dan menghindari kesalahan besar. ""Saya rasa dia belum sepenuhnya pulih dari operasi yang dijalaninya awal tahun ini, dan saya pikir dia akan menjalani kejuaraan ini lebih seperti sebuah balapan ketahanan, dan memacu ketika dia benar-benar perlu memacu. Dia akan memastikan dirinya berada di sana ketika dibutuhkan, berusaha tidak membuat kesalahan, dan membiarkan pebalap lain membuat kesalahan,"" kata Crutchlow. ""Lalu menyerang ketika dia tahu bisa menyerang. Silverstone bukan akhir pekan yang bagus, tetapi dia akan berusaha agar tidak menjalani akhir pekan yang benar-benar buruk, seperti yang mungkin dialami beberapa pebalap... Seperti Ai Ogura yang tidak berada di sini. Tetapi sangat sulit untuk memprediksi... Saya benar-benar tidak tahu ke mana arah pertarungan gelar ini,"" ujarnya.";olahraga
169;Sabar Karyaman Gutaman/Mohammad Reza Pahlevi Isfahani melaju ke perempatfinal China Masters 2026. Sabar/Reza mengalahkan Daniel Ludgaard/Mads Vestergaard. Babak 16 besar BWF Super 750 China Masters mempertemukan Sabar/Reza dengan Lundgaard/Vestergaard dari Denmark. Pertandingan digelar di Court 1 Shenzen Arena, Kamis (3/9/2026) malam WIB. Sabar/Reza merebut 3 poin pertama, tapi Lundgaard/Vestergaard mampu menyamakan kedudukan. Sabar/Reza selanjutnya memimpin 3 angka lagi hingga mencapai interval dengan keunggulan 11-9. Pasangan Indonesia sempat unggul 5 angka 14-9, namun Lundgaard/Vestergaard mampu merebut 4 angka beruntun dan menyamakan kedudukan 14-14. Sabar/Rerza kembali lepas dari tekanan dan menjauh 17-14. Sabar/Reza mencapai game point dengan keunggulan 20-15. Sabar/Reza menutup gim pertama dengan keunggulan 21-15. Permainan positif ditunjukkan Sabar/Reza memasuki gim kedua. Sabar/Reza mampi menjaga keunggulan 2-3 angka dari Lundgaard/Vestergaard dan unggul 11-8 di interval. Sabar/Reza menjauhkan kejaran menjadi 5 poin 18-13 dan 19-14 dan mencapai match point 20-15. Bola out dari Lundgaard/Vestergaard memastikan kemenangan Sabar/Reza 21-15. Hasil ini mengantarkan Sabar/Reza lolos ke perempatfinal China Masters 2026. Sabar/Reza jadi satu-satunya wakil Indonesia yang tersisa setelah Jonathan Christie, Leo Rolly Carnando/Daniel Marthin, dan Ali Faathir Rayhan/Devin Artha Wahyudi tersingkir. Sabar/Reza melaju ke perempatfinal usai menang dengan skor kembar atas ganda Denmark. Nice work SabRez!#BadmintonIndonesia #ChinaMasters2026 pic.twitter.com/ivEMnQNRiZ (bay/aff);olahraga
170;"Kementerian Pemuda dan Olahraga (Kemenpora) menegaskan komitmennya untuk terus mendukung pembinaan dan peningkatan prestasi atlet disabilitas Indonesia. Dukungan tersebut dilakukan melalui kerja sama dan koordinasi yang berkelanjutan dengan Komite Paralimpiade Nasional Indonesia (NPC Indonesia), baik dalam persiapan multi-event maupun keikutsertaan pada berbagai kejuaraan internasional. Deputi Bidang Peningkatan Prestasi Olahraga Kemenpora, Surono, mengatakan bahwa pemerintah selalu memberikan perhatian serius terhadap atlet-atlet disabilitas sebagai bagian penting dari kekuatan olahraga nasional. ""Kemenpora selalu bangga dan memberikan dukungan terhadap atlet-atlet disabilitas Indonesia. Kami juga memiliki kerja sama yang sangat baik dengan NPC Indonesia dalam upaya meningkatkan prestasi olahraga disabilitas nasional,"" ujar Surono dalam keterangan kepada media. Salah satu bukti keberhasilan sinergi itu pencapaian Kontingen Indonesia pada ASEAN Para Games 2025 di Thailand. Indonesia berhasil meraih 135 medali emas, 143 medali perak, dan 114 medali perunggu, sekaligus menempati peringkat kedua klasemen akhiri, melebih target awal sebanyak 82 medali emas. ""Ini merupakan prestasi yang sangat membanggakan. Target awal kita adalah 82 emas, tetapi atlet-atlet kita mampu memberikan jauh lebih dari yang ditargetkan. Ini menunjukkan bahwa pembinaan yang dilakukan secara bersama-sama antara pemerintah, NPC Indonesia, pelatih, dan seluruh ekosistem olahraga disabilitas memberikan hasil yang nyata,"" sambung Surono. Surono menegaskan kerja sama Kemenpora dengan NPC Indonesia tidak hanya berlangsung pada level nasional, tetapi juga mencakup koordinasi di daerah dalam mendukung partisipasi Indonesia pada berbagai agenda olahraga disabilitas internasional. ""Kerja sama ini mencakup berbagai agenda, baik ASEAN Para Games, Asian Para Games, maupun agenda olahraga internasional lainnya. Termasuk di dalamnya adalah keikutsertaan atlet tunarungu dalam Deaflympics. Prinsipnya, seluruh program harus kita persiapkan secara terencana agar partisipasi Indonesia memberikan dampak maksimal terhadap prestasi nasional,"" jelasnya. Khusus terkait pembinaan atlet tunarungu, Surono menjelaskan bahwa pemerintah perlu memastikan seluruh proses pembinaan dan keikutsertaan dalam kompetisi internasional berjalan melalui organisasi yang memiliki legitimasi sesuai dengan ketentuan federasi internasional. ""Di hadapan NPC Indonesia dan ICSD( International Committee of Sports for the Deaf) khusus untuk atlet tuna rungu hanya organisasi Perkumpulan Atlet Tunarungu Indonesia (PATRIN) yang diakui secara internasional dan karenanya hanya PATRIN yang diakui oleh Pemerintah. Karena itu, dalam konteks tata kelola pemerintahan, dukungan dan fasilitasi harus diberikan melalui organisasi yang memiliki legitimasi sesuai dengan ketentuan organisasi olahraga internasional,"" tegas Surono. Dia menambahkan, setiap kejuaraan internasional yang diikuti atlet bukan sekadar ajang kompetisi, tetapi juga harus ditempatkan sebagai bagian dari strategi pembinaan jangka panjang. ""Setiap kejuaraan dunia yang diikuti pada prinsipnya merupakan bagian dari proses try out dan pengumpulan poin serta peringkat yang diperlukan untuk mengejar kualifikasi menuju Paralimpiade. Karena itu, keikutsertaan dalam sebuah kejuaraan harus dilihat dalam konteks yang lebih besar, yaitu bagaimana kompetisi tersebut berkontribusi terhadap target prestasi Indonesia,"" ujarnya. Atas dasar itu, Surono menekankan bahwa penentuan kejuaraan single event yang akan diikuti atlet harus melalui konsolidasi dan perencanaan bersama antara NPC Indonesia dan Kemenpora. Surono juga menegaskan bahwa tata kelola pembinaan olahraga disabilitas harus berjalan berdasarkan aturan dan regulasi organisasi olahraga internasional yang relevan. ""Dengan koordinasi yang baik serta kepatuhan terhadap Statuta International Paralympic Committee atau IPC dan, khusus untuk olahraga tunarungu, ketentuan atau bylaws ICSD, maka pembinaan, penganggaran, dan dukungan pemerintah dapat diarahkan secara lebih efektif, efisien, transparan, dan tepat sasaran,"" tutur Surono. Dia memastikan pemerintah tidak hanya berbicara mengenai dukungan saat atlet mengikuti kompetisi, tetapi juga membangun ekosistem pembinaan yang berkelanjutan. ""Komitmen Kemenpora bersama NPC Indonesia sangat konsisten. Dukungan pemerintah diberikan mulai dari proses pembinaan, fasilitas latihan, pemusatan latihan, keberangkatan ke kompetisi internasional, sampai penghargaan atas prestasi atlet,"" katanya. Salah satu bentuk dukungan tersebut adalah pembangunan dan pengembangan Paralympic Training Center Indonesia di Karanganyar, Jawa Tengah, yang menjadi fasilitas penting dalam pembinaan atlet-atlet paralimpiade Indonesia. Kemenpora juga terus mendorong agar fasilitas tersebut terjaga kualitas dan keberlanjutannya, sehingga disebut sebagai fasilitas terbaik di Asia Tenggara. Selain dukungan terhadap fasilitas dan pembinaan, pemerintah juga memberikan dukungan pembiayaan untuk keikutsertaan kontingen Indonesia pada ajang internasional, termasuk ASEAN Para Games 2025 dan Asian Para Games 2026. ""Kita juga memberikan dukungan pembiayaan untuk keberangkatan dan keikutsertaan atlet pada multi-event internasional. Pada ASEAN Para Games 2025, pemerintah juga memberikan bonus sebagai bentuk penghargaan atas prestasi atlet. Bonus tersebut disalurkan langsung kepada para penerima , melalui kerja sama dengan Bank Rakyat Indonesia, dan total penghargaan bagi peraih medali mencapai lebih dari Rp350 miliar,"" kata Surono. (mrp/krs)";olahraga
171;Leo Rolly Carnando/Daniel Marthin kandas di babak 16 besar China Masters 2026. Leo/Rolly dikalahkan Takumi Nomura/Yuichi Shimogami dalam rubber game. Babak 16 besar BWF Super 750 China Masters nomor ganda putra mempertemukan Leo/Daniel dengan Nomura/Shimogami. Duel digelar di court 1 Arena Shenzen, Kamis (3/9/2026) sore WIB. Leo/Daniel tancap gas di awal gim pertama. Keduanya mampu menjaga keunggulan 1-2 angka dari Nomura/Shimogami dan mencapai interval dengan keunggulan 11-7. Laju Leo/Daniel semakin tak terbendung setelah meraih 3 dan 5 angka beruntun untuk memimpin jauh 19-9. Leo/Daniel menutup gim pertama dengan keunggulan 21-14. Leo/Daniel meraih 4 angka beruntun memasuki gim kedua, tapi bisa disamakan Nomura/Shimogami 4-4. Susul-susulan poin terjadi hingga kedudukan berimbang 8-8. Leo/Daniel mulai lepas dari tekanan dan meraih keunggulan 11-8. Nomura/Shimogami kembali bisa menyamakan kedudukan 12-12 dan 15-15. Nomura/Shimogami memanfaatkan momentum dengan meraih poin demi poin. Pasangan Jepang ini berbalik unggul 21-16 dan memaksa duel lanjut rubber game. Persaingan sengit terjadi di gim ketiga. Leo/Daniel sempat unggul 1-2 angka sebelum disamakan Nomura/Shimogami 8-8. Nomura/Shimogami berbalik unggul dan mencapai interval dengan keunggulan 11-8. Leo/Daniel mampu mengejar 11-11 dan kemudian terjadi lagi susul-susulan angka hingga kedudukan berimbang 19-19. Nomura/Shimogami memasuki match point dengan keunggulan 20-19. Bola pengembalian yang out dari Daniel Marthin memastikan kemenangan Nomura/Shimogami 21-19. (bay/aff);olahraga
172;"Bilal Hasan tampil mengesankan pada debutnya mentas di UFC. Untuk bisa merebut titel, fighter berdarah Indonesia itu punya jalan panjang. Bilal mentas di UFC akhir pekan lalu. Ia melawan Nilson Rojas pada kelas terbang di UFC Shanghai, dan menang KO pada ronde kedua. Bilal langsung digadang-gadang jadi bintang UFC berikutnya. Namun sebelum itu, ia harus bisa memenangi duel-duel berikutnya. Kemenangan atas Rojas belum membuat Bilal masuk ranking 15 besar fighter UFC. Petarung berjuluk The IndoNinja itu menegaskan, akan ada jalan panjang untuk bisa merebut titel. Bilal memprediksi, dirinya butuh tujuh pertarungan untuk bisa bersaing meraih sabuk juara. Ia harus melawan beberapa fighter di luar ranking lebih dulu. ""Mungkin saya ingin bertarung melawan dua atau tiga petarung di luar peringkat 15 besar, kemudian saya ingin tiga pertarungan melawan peringkat 15 besar, dengan yang keempat akan jadi perebutan gelar,"" kata Bilal Hasan dalam interview di chanel Youtube Jaiden Cable. ""Jadi mungkin itu, (butuh) tujuh pertarungan,"" katanya. Saat ini sabuk kelas terbang dipegang Joshua Van. Bilal ditanya kapan kira-kira ia bisa mengejar The Fearless? ""Saya tak tahu. Dia (Van) harus mengalahkan Alexander Pantoja (ranking pertama UFC) dulu, dan Pantoja itu lawan yang tangguh. Jadi, mungkin sekitar satu setengah tahun lagi,"" kata Bilal Hasan menargetkan. (yna/rin)";olahraga
173;"Jakarta International 10K akan memasuki edisi ke-15 tahun ini. Spesialnya adalah event ini digelar bersamaan dengan perayaan Hari Olahraga Nasional. Setelah sukses rangkaian Milo Activ Indonesia Race 2026 di Yogyakarta, Medan, Bandung, dan Surabaya yang diikuti lebih dari 25.000 peserta, maka akan digelar acara puncak berupa ajang lari Jakarta International 10K, Minggu (13/9). Diselenggarakan di Gelora Bung Karno, Jakarta, Minggu, (13/9), ajang lari ini akan diikuti sekitar 25.000 peserta yang akan berpartisipasi dalam empat kategori, yaitu 10K Open, 10K Closed, 5K, dan Family Run 2,5K. Untuk edisi kali ini akan bertepatan dengan perayaan Haornas yang jatuh pada 9 September. Menteri Pemuda dan Olahraga Republik Indonesia Erick Thohir mengapresiasi Nestle Milo yang terus berkomitmen menggelar ajang Jakarta 10K ini. Sebab ini jadi wujud nyata perusahaan itu dalam upaya menyehatkan kehidupan bangsa lewat ekosistem olahraga. ""Mewujudkan masyarakat Indonesia yang lebih sehat dan aktif melalui olahraga memerlukan kolaborasi yang kuat dari berbagai pihak. Apresiasi kami atas komitmen Nestle Milo yang secara konsisten menghadirkan program dan kegiatan yang mendukung partisipasi masyarakat dalam olahraga, termasuk melalui Milo Activ Indonesia Race 2026 Jakarta International 10K. Inisiatif ini sejalan dengan upaya bersama untuk membudayakan olahraga di tengah masyarakat. Ke depan, kami berharap sinergi antara pemerintah, sektor swasta, komunitas, dan masyarakat dapat terus diperkuat untuk membangun ekosistem olahraga yang semakin inklusif, berkelanjutan, dan berdampak positif bagi Indonesia,"" ujar Erick dalam rilis kepada detikSport. Sebagai Brand yang berkomitmen mendorong gaya hidup aktif, Nestle Milo menyadari pentingnya peran olahraga dalam membantu masyarakat menjaga kesehatan sekaligus membangun nilai-nilai karakter positif dalam kehidupan. ""Setelah sukses menyelenggarakan rangkaian MILO ACTIV Indonesia Race 2026 di empat kota, kami sangat antusias membawa semangat ini ke Ibu Kota melalui MILO ACTIV Indonesia Race 2026 Jakarta International 10K. Kami berharap ajang ini dapat menginspirasi masyarakat dari berbagai usia dan latar belakang untuk terus aktif, menikmati olahraga, serta membawa semangat #EnergiTanpaBatas ke dalam kehidupan sehari-hari,"" ujar Marketing Manager Beverages & Confectionery Business Unit PT Nestle Indonesia Alaa Shaaban. Seperti biasa Jakarta International 10K menghadirkan kategori 10K Open yang terbuka bagi pelari Indonesia maupun peserta dari berbagai negara di dunia. Kehadiran peserta internasional menegaskan komitmen dalam menghadirkan wadah olahraga yang inklusif, yang mempertemukan masyarakat melalui semangat yang sama terhadap olahraga lari dan gaya hidup aktif. Melalui Jakarta International 10K, Nestle Milo ingin mendorong partisipasi masyarakat yang lebih luas dalam olahraga sekaligus berkontribusi dalam memperkuat posisi Jakarta sebagai salah satu destinasi yang dinamis bagi penyelenggaraan ajang olahraga internasional. ""Bagi saya, lari bukan hanya tentang jarak atau kecepatan, tetapi juga tentang konsistensi, keberanian untuk menantang diri sendiri, dan komunitas yang saling mendukung. Milo Activ Indonesia Race 2026 Jakarta International 10K menjadi kesempatan yang menarik karena mempertemukan pelari dengan berbagai latar belakang, termasuk pelari internasional. Saya berharap semakin banyak masyarakat yang terinspirasi untuk mulai berlari dan menjadikan olahraga sebagai bagian dari gaya hidup mereka,"" papar penggiat olahraga lari Shanada Jzen. Untuk tahun ini, Kementerian Pemuda dan Olahraga (Kemenpora) dan Nestle Milo berkolaborasi mendukung Indonesia Sports Summit (ISS) 2026, sebuah wadah olahraga berskala nasional yang mempertemukan para pemangku kepentingan olahraga untuk memperkuat kolaborasi dan mendorong kemajuan ekosistem olahraga di Indonesia. Race Pack Collection (RPC) Jakarta 10K akan diselenggarakan selama ISS 2026, yang bertujuan membangun antusiasme dan mempererat koneksi antara pelari, komunitas olahraga, serta pemangku kepentingan menjelang hari perlombaan. (mrp/ran)";olahraga
174;Tunggal putra Indonesia, Jonatan Christie, menelan kekalahan di ajang China Masters. Pada babak kedua, Jojo dikalahkan Jason Gunawan 16-21 dan 16-21. Di Arena Shenzhen, Shenzhen, Kamis (3/9/2026) pagi WIB, Jojo menjalani pertandingan selama 45 menit melawan Jason. Pertarungan gim pertama berjalan sengit dan imbang sampai 14-14. Setelah itu, Jason tak terkejar. Pemain asal Hong Kong itu akhirnya menyudahi perjuangan Jojo dengan skor 21-16. Pada gim kedua, Jojo juga menjalani pertarungan sengit melawan Jason. Skor imbang antara Jojo dan Jason bertahan sampai 13-13. Saat fase krusial, Jason kembali tampil lebih prima untuk merebut kemenangan 21-16. Dengan hasil ini, wakil Indonesia di nomor tunggal putra China Masters pun habis. Indonesia masih mempunyai beberapa wakil di nomor ganda putra. Sabar Karyaman Gutama/Muhammad Reza Pahlevi Isfahani, Ali Faathir Rayhan/Devin Artha Wahyudi, dan Leo Rolly Carnando/Daniel Marthin merupakan deretan pemain Indonesia yang masih berjuang. (cas/krs);olahraga
175;"MotoGP Indonesia 2026 akan digelar awal Oktober. Persiapan pun sudah dilakukan sejak dini agar event bisa berjalan sukses di dalam maupun luar lintasan. Untuk MotoGP 2026, balapan digelar 9-11 Oktober di di Sirkuit Mandalika, Lombok Tengah, NTB. Mengingat Mandalika adalah seri ke-17 dari 22 balapan musim ini, maka persaingan diprediksi makin ketat di sana. Oleh karenanya, Indonesia sebagai tuan rumah tidak boleh main-main dalam mempersiapkan banyak hal, baik di dalam maupun luar lintasan. Untuk itulah InJourney Tourism Development Center (ITDC) sebagai panitia lokal akan melakukan kolaborasi pihak swasta dan BUMN. Panitia akan mengatur sejumlah aspek krusial, mencakup akomodasi, transportasi, konektivitas, hingga logistik. Menurut ITDC, isu akomodasi dan transportasi yang selama ini disorot publik telah diantisipasi melalui skema terintegrasi yang disusun bersama para mitra seperti bank, travel agent, dan berbagai partner strategis lainnya. Salah satunya, ITDC bersama Mandalika Grand Prix Association (MGPA) menyiapkan paket yang menghubungkan tiket balapan dengan komponen perjalanan. ""Kalau pertanyaan kita kesulitan akomodasi, kesulitan transportasi rasanya akan terjawab dengan yang ditandatangani pada sore hari ini,"" ujar Direktur Utama ITDC Troy Warokka dalam rilis kepada detikSport. Skema tersebut meliputi akomodasi, transportasi udara dan laut, layanan airport hospitality, serta travel package. Kerjasama nantinya mencakup penanganan kargo yang dianggap sebagai elemen penting dalam operasional gelaran. Aktivitas cargo handling akan mulai bergerak sekitar dua minggu sebelum MotoGP Indonesia 2026 untuk memastikan kebutuhan logistik berjalan baik, terutama motor dan perlengkapan tim balap MotoGP. Bagi Troy, MotoGP bukan sekadar olahraga tapi juga bisnis. Itulah mengapa MotoGP sangat penting mendorong pariwisata dan perekonomian dengan meningkatkan kunjungan wisatawan, memperpanjang length of stay, serta mengungkit tourism spending. Menurut Troy, penyelenggaraan MotoGP 2025 menghasilkan dampak ekonomi sebesar Rp 4,9 triliun. Efeknya tidak hanya dirasakan di Mandalika, tetapi juga menjalar ke sejumlah daerah lain di Indonesia. Troy berharap pola kolaborasi yang dibangun untuk MotoGP Mandalika dapat berlanjut dalam jangka panjang. Troy menilai dukungan pemerintah, BUMN, sektor swasta, dan masyarakat menjadi faktor penting agar MotoGP terus digelar di Indonesia serta memberikan dampak ekonomi yang lebih besar. ""Dengan membangun ekosistem yang terintegrasi, kami ingin memastikan dampak MotoGP Indonesia tidak berhenti di sirkuit, tetapi mampu mendorong pergerakan wisatawan, memperpanjang lama tinggal, meningkatkan belanja wisatawan, serta memberikan manfaat yang lebih luas bagi industri pariwisata dan masyarakat di Lombok,"" sambungnya. Bagi masyarakat yang ingin menyaksikan langsung balapan di Mandalika, Presale 2 masih berlangsung hingga 16 September, dengan potongan harga hingga 20% untuk kategori Grandstand dan 10% untuk kategori VIP Hospitality. Berikut harga tiket untuk menonton MotoGP Indonesia 2026: - Regular Grandstand (Zona E, G, H, I): Rp 320.000 - Premium Grandstand Zona A: Rp 1.400.000 - Premium Grandstand Zona B, C, J, K: Rp 720.000 - VIP Hospitality - Deluxe Class: Rp 13.500.000 - VIP Hospitality - Luxury Tent T1: Rp 6.975.000 (mrp/nds)";olahraga
176;"Dua petenis Indonesia menyusul Nathan Barki lolos ke Babak Kedua Seri IV M-15 Men's World Tennis Championship, Rafalentino Da Costa dan Anthony Susanto. Pada pertandingan Babak Pertama di Lapangan A, Bali Beach Country Club, Nusa Dua, Rabu (2/9/2026) , Rafalentino menghadapi Shanker Heisnam asal India. Meski sempat tertinggal jauh 1-5 di set pertama, Rafalentino tidak goyah dan malah bisa menyamakan skor 5-5, sebelum akhirnya menang dengan skor 7-5. Keberhasilan comeback di set pertama bikin Rafalentino terpacu semangatnya dan bisa menang mudah di set kedua dengan skor 6-0 dalam waktu 1 jam 14 menit. Rafalentino mengaku kaget dengan pola permainan lawannya di set pertama. Dia sempat tertekan dengan gaya lawannya sebelum bisa menemukan celah untuk melakukan serangan balik. ""Saya kaget melihat lawan yang agresif, sehingga tertekan dan banyak melakukan kesalahan sendiri. Namun saat mampu meredam serangan-serangan dan mulai dapat mengejar defisit poin, lalu menyamakan skor 5-5, saya makin termotivasi dan percaya diri untuk memenangi pertandingan,"" ujar Rafalentino dalam rilis kepada detikSport. Satu lagi petenis Indonesia yang lolos adalah Anthony Susanto usai mengalahkan Hitesh Chauhan dua set langsung 6-5 dan 6-1. Sayangnya, Anthony harus menghadapi Nathan Barki untuk berebut tiket perempatfinal, Kamis (3/9). Petenis Indonesia yang gagal lolos adalah Gunawan Trismuwantara. Petenis jalur kualifikasi ini harus kalah dari Karan Singh yang merupakan unggulan keempat, dengan dua set langsung 3-6 dan 5-7. Sempat kalah 3-6 di set pertama, Gunawan sebenarnya memberikan perlawan keras hingga skor imbang 5-5 di set kedua. Namun dengan ketenangan dan juga pengalaman dari Karan yang berusia 23 tahun itu berhasil mematahkan servis dari Gunawan pada gim ke-12, untuk menutup laga dengan skor akhir 7-5. (mrp/ran)";olahraga
177;"Francesco Bagnaia akui sedang ada di titik terendah dalam kariernya. Banyak jatuh di MotoGP 2026 dan sulit bersaing di papan atas. Teranyar, Francesco Bagnaia jatuh di MotoGP Aragon 2026. Di sesi sprint race, dirinya cuma finis ke-11. Bagnaia sudah jatuh tiga kali dalam empat balapan di sesi utama. Bagnaia sementara duduk di peringkat kedelapan klasemen MotoGP 2026 dengan 143 poin, naik podium empat kali tapi belum menangi balapan utama. ""Sulit untuk menerimanya, sekarang salah satu titik terendah dalam karier saya,"" ujar Francesco Bagnaia dilansir dari Sky Italia. ""Saya bisa melihat dengan jelas dari data maupun apa yang saya rasakan, bahwa saya tidak benar-benar mengendalikan motor,"" sambungnya. ""Saya justru seperti hanya 'dibawa' oleh motor tersebut. Sebab, saat saya mencoba melakukan manuver lebih agresif, saya malah terjatuh. Bahkan saat melaju pelan pun, saya tetap saja terjatuh,"" cetusnya. Francesco Bagnaia masih mau berjuang untuk menutup musim MotoGP 2026 dengan manis. Musim ini adalah musim terakhir dengan Ducati, musim depan pindah ke Aprilia. ""Untungnya datanya tersedia, saya juga memiliki kesadaran akan kemampuan saya sendiri. Saat saya melihat data-data dari rider Ducati lain, itu sebenarnya adalah hal-hal yang bisa saya lakukan dengan mudah beberapa tahun lalu,"" paparnya. ""Jadi jelas, kemampuan saya belum hilang. Saya hanya belum bisa tampil sesuai harapan,"" tutup Pecco. Lihat juga Video: Crash Bagnaia-Ogura Warnai Kemenangan Fernandez di Silverstone";olahraga
178;Sabar Karyaman Gutama/Moh Reza Pahlevi Isfahani lolos ke babak 16 besar China Masters 2026. Mereka menyingkirkan wakil Korea, Kang Min Hyuk/Ki Dong Ju, lewat kemenangan straight game. Sabar/Reza menghadapi Kang/Ki di Shenzhen Arena, Guangdong, Rabu (2/9/2026) sore WIB. Mereka butuh waktu 43 menit untuk menyudahi perlawanan Kang/Ki 21-18, 21-16. Pertandingan berjalan ketat sejak awal gim pertama. Sabar/Reza hanya unggul 11-10 atas Kang/Ki saat interval. Selepas interval, Kang/Ki berbalik unggul dan Sabar/Reza lebih banyak dalam posisi mengejar. Dalam posisi tertinggal 14-16, Sabar/Reza merebut tiga angka beruntun untuk menyalip. Meski Kang/Ki bisa menyamakan kedudukan 18-18, Sabar/Reza lebih tenang di poin-poin krusial. Mereka merebut tiga angka beruntun untuk mengamankan gim pertama 21-18. Sabar/Reza tampil lebih dominan pada gim kedua. Unggul 13-6, Sabar/Reza tak membiarkan Kang/Ki mengembangkan permainan. Sabar/Reza terus menjaga keunggulan dan mengunci kemenangan dengan skor 21-16. Pada babak 16 besar, Sabar/Reza akan menghadapi wakil Denmark Daniel Lundgaard/Mads Vestegaard. (nds/aff);olahraga
179;"Kemajuan olahraga suatu negara bukan cuma soal kemampuan Atlet, namun banyak fakto yang mempengaruhi. Sistem pembinaan, sport science, infrastruktur, kompetisi, tata kelola, hingga kebijakan yang berkelanjutan turut menjadi faktor penting. Persoalan tersebut akan menjadi salah satu bahasan dalam bedah buku 'Membangun Otot di Negeri Kertas' karya Sadik Algadri yang digelar di Gedung Serbaguna GBK, Jakarta, Sabtu (5/9/2026). Forum tersebut mempertemukan sejumlah tokoh dari latar belakang berbeda, mulai dari akademisi, wartawan senior olahraga, hingga praktisi dan insan olahraga. Akademisi sekaligus filsuf Rocky Gerung bakal turut membedah isi buku tersebut. ""Olahraga Indonesia tidak cukup hanya memiliki atlet-atlet berbakat. Kita membutuhkan ekosistem olahraga yang kuat, profesional, berbasis ilmu pengetahuan, dan berkelanjutan,"" kata Sadik. ""Saya percaya, prestasi internasional tidak lahir hanya dari atlet yang hebat. Prestasi membutuhkan ekosistem yang kuat,"" sambungnya. Melalui buku Membangun Otot di Negeri Kertas, Sadik- mantan atlet judo nasional Indonesia - mencoba membongkar berbagai persoalan yang selama ini membelenggu olahraga Indonesia. ""Saya ingin melihat atlet-atlet Indonesia berdiri sejajar dengan atlet terbaik dunia. Bukan sebagai pelengkap kompetisi. Bukan sekadar penggembira. Tetapi sebagai kekuatan yang diperhitungkan,"" tandasnya. Rocky merasa Indonesia punya banyak masalah dalam memajukan olahraga. Dia merasa buku ini bisa menjadi rujukan dalam mengelola olahraga. ""Indonesia menumpuk regulasi, menerbitkan undang-undang, serta memproduksi jargon-jargon teknokratis yang megah-mulai dari sport science, long-term athlete development, hingga produk mutakhir berupa Desain Besar Olahraga Nasional (DBON),"" kata Rocky. ""Buku Membangun Otot di Negeri Kertas, bukan sekadar gagasan brilian, tapi juga solusi untuk meningkatkan prestasi olahraga nasional Indonesia,"" pungkasnya. (ran/yna)";olahraga
180;"Persatuan Bulutangkis Indonesia (PBSI) baru saja mengumumkan daftar 20 pemain yang dibawa ke Asian Games 2026. Jonatan Christie salah satunya. Dari daftar 20 nama itu dibagi rata, yakni 10 pebulutangkis putra dan 10 pebulutangkis putri. Keputusan ini diambil setelah melalui evaluasi yang mendalam selama beberapa bulan. Beberapa aspek yang dinilai adalah performa terkini, kondisi fisik, hingga kebutuhan teknis tim, sebelum nama-nama pemain dipilih. ""Penetapan skuad itu dilakukan setelah melalui proses evaluasi secara menyeluruh. Kami melihat performa, kondisi fisik dan teknis masing-masing pemain, serta kebutuhan tim untuk menentukan komposisi yang paling sesuai dengan target di Asian Games,"" ujar Kepala Bidang Pembinaan dan Prestasi PBSI, Eng Hian, dalam keterangan resminya. Meski membawa 20 nama ke Asian Games Aichi-Nagoya 2026, ada beberapa nama yang memang tidak akan tampil di nomor perorangan. Mereka lebih difokuskan untuk menambah kedalaman skuad di nomor beregu. Di nomor perorangan, Jonatan Christie dan Alwi Farhan akan menjadi tumpuan. Sementara di nomor beregu, Moh Zaki Ubaidillah dan Muhamad Yusuf jad tumpuan. Hal serupa dilakukan untuk tim putri, baik di sektor perorangan maupun beregu. Asian Games 2026 berlangsung 19 September hingga 4 Oktober, di mana cabor bulutangkis dimulai sehari setelah upacara pembukaan. Nomor beregu lebih dulu dipertandingkan mulai 20 hingga 24 September, sebelum nomor perorangan dari 25 hingga 29 September. Cabor bulutangkis digelar di Ichinomiya City Municipal Gymnasium. ""Jadi, fokus utama kami adalah nomor beregu terlebih dahulu. Kami ingin seluruh pemain bisa tampil maksimal dan memberikan kontribusi terbaik untuk tim putra maupun putri,"" sambung Eng Hian. Daftar Pebulutangkis putra Jonatan Christie Alwi Farhan Moh Zaki Ubaidillah Muhamad Yusuf Fajar Alfian Muhammad Shohibul Fikri Leo Rolly Carnando Daniel Marthin Nikolaus Joaquin Amri Syahnawi Daftar Pebulutangkis putri Putri Kusuma Wardani Thalita Ramadhani Wiryawan Ni Kadek Dhinda Amartya Pratiwi Mutiara Ayu Puspitasari Rachel Allessya Rose Febi Setianingrum Febriana Dwipuji Kusuma Meilysa Trias Puspitasari Siti Fadia Silva Ramadhanti Nita Violina Marwah (mrp/aff)";olahraga
181;"Ketua Umum Komite Olahraga Nasional Indonesia (KONI) Pusat Letjen TNI Purn Marciano Norman menyaksikan pertandingan Pacuan Kuda di Lapangan Haji Muhammad Hasan Gayo Blang Bebangka, Aceh Tengah. Kejuaraan Pacuan Kuda HUT RI ke-81 diselenggarakan oleh Konfederasi Nasional Persatuan Olahraga Berkuda Seluruh Indonesia (KN Pordasi). Kegiatan ini berkolaborasi dengan Pengurus Pusat FN Pordasi Pacu dan juga Pengurus Provinsi FN Pordasi Pacu Aceh. Para atlet bertanding sejak tanggal 24 hingga 30 Agustus 2026. Partisipan kejuaraan dari Kabupaten Aceh Tengah, Kabupaten Bener Meriah dan Kabupaten Gayo Lues. ""Ini merupakan satu prestasi yang bagus setelah Pekan Olahraga Nasional (PON) XXI 2024, ada kejuaraan di sini. Mari kita rawat bersama, kita lahirkan atlet-atlet olahraga berkuda dari Aceh, supaya kelak bisa mewakili Indonesia pada event-event internasional yang lebih besar lagi,"" kata Marciano. Marciano menilai kejuaraan Pacu Kuda kali ini membawa beragam dampak positif, baik pembinaan atlet berkuda Pacu, pemanfaatan fasilitas venue warisan PON, perekonomian masyarakat dan juga hiburan masyarakat atauTrauma Healingatas kondisi bencana yang telah dihadapi. ""Pertama, ajang ini melanjutkan tradisi Pacu Kuda yang begitu melekat dengan budaya masyarakat Aceh, sekaligus menjadi sarana pembinaan berkesinambungan bagi atlet-atlet berkuda pacu dalam menyongsong Pekan Olahraga Nasional (PON) XXII/2028 di Sumba, Nusa Tenggara Timur,"" ujar Marciano. Selain sebagai wadah pembinaan, Marciano juga menyoroti pemanfaatan sarana dan prasarana pasca-PON. Lapangan H.M. Hasan Gayo Belang Bebangka yang sebelumnya digunakan pada PON XXI/2024 Aceh-Sumut, dinilainya sebagai salah satu arena Pacu Kuda terbaik di Indonesia dengan animo masyarakat yang sangat luar biasa. Hal ini membuktikan bahwa venue peninggalan PON memberikan manfaat berkelanjutan bagi daerah. ""Kehadiran saya mewakili keluarga besar KONI Pusat-yang menaungi 38 KONI Provinsi, 514 KONI Kabupaten/Kota, 82 Induk Cabang Olahraga, serta organisasi fungsional-merupakan bukti bahwa kami selalu hadir dan bergandengan tangan untuk bangkit bersama masyarakat Aceh dalam mewujudkan Indonesia yang berdaulat, adil, dan makmur sebagaimana tema HUT ke-81 RI,"" tegasnya. Marciano menyampaikan rasa bangga dan penghormatan setinggi-tingginya kepada pemerintah daerah serta seluruh masyarakat Aceh, khususnya Kabupaten Aceh Tengah. Ia mengajak seluruh pemangku kepentingan untuk terus memajukan olahraga nasional. ""Mari kita bekerja keras untuk olahraga Indonesia, karena bicara olahraga adalah bicara Merah Putih. Jangan pernah lelah berkarya untuk Indonesia,"" tutup Marciano. (ran/yna)";olahraga
182;"Konfederasi Nasional Persatuan Olahraga Berkuda Seluruh Indonesia (KN Pordasi) mendapat dukungan dari Pemerintah Kabupaten Aceh Tengah. Pordasi diberikan kesempatan memanfaatkan Lapangan Pacu Kuda H.M. Hasan Gayo sebagai salah satu pusat kegiatan olahraga berkuda, khususnya Pacu yang telah membudaya dan juga Berkuda Memanah (IHAAF/Indonesian Horseback Archery Federation) yang potensinya besar. Dukungan tersebut disampaikan Bupati Aceh Tengah Drs. Haili Yoga ketika menjamu Ketua Presidium Konfederasi Nasional Pordasi Triwatty Marciano, Ketum KONI Pusat Letjen TNI Purn Marciano Norman, Ketum KONI Aceh Pon Yaya, Waketum II PP FN Pordasi Pacu Andi Fauzan dan beberapa tokoh olahraga di Aceh. Jamuan makan malam digelar di pendopo Bupati Aceh Tengah pada malam tanggal 29 Agustus 2026. Pada jamuan makan malam tersebut, membahas pengembangan dan pemanfaatan Lapangan Pacuan Kuda H.M. Hasan Gayo. Pengembangan Lapangan Pacu Kuda H.M. Hasan Gayo yang merupakan venue warisan Pekan Olahraga Nasional (PON) XXI/2024 Aceh-Sumut, dapat mendorong pengembangan Sport Industry dan Sports Tourism di daerah tersebut sehingga memberikan dampak positif terhadap perekonomian masyarakat. ""Dengan adanya pertandingan olahraga berkuda secara rutin di Lapangan Pacuan Kuda H.M. Hasan Gayo, kami berharap tumbuh Sport Industry dan Sports Tourism yang dapat menggerakkan perekonomian serta meningkatkan kesejahteraan masyarakat Kabupaten Aceh Tengah,"" kata Ketua Presidium Konfederasi Nasional Pordasi, Triwatty. Menurutnya, manfaat tersebut terutama dapat dirasakan oleh para peternak kuda dan pelaku UMKM yang berada di sekitar kawasan kegiatan olahraga. Tentunya potensi besar Lapangan H.M. Hasan Gayo dapat dikembangkan tidak hanya sebagai venue pacuan kuda, tetapi juga sebagai lapangan berkuda memanah berstandar internasional. ""Secara teknis, fasilitas venue H.M. Hasan Gayo yang telah berstandar nasional dapat dikembangkan sebagai lapangan berkuda memanah berstandar internasional. Dengan demikian, penggunaannya akan semakin produktif dan manfaatnya semakin luas,"" kata Triwatty. Pengembangan tersebut diharapkan dapat memperkuat ekosistem olahraga berkuda di Aceh Tengah, baik untuk Pacu Kuda maupun berkuda memanah yang erat kaitannya dengan olahraga Sunnah dalam Islam. Selain menjadi tempat penyelenggaraan pertandingan, keberadaan venue yang aktif juga diharapkan dapat mendukung pembinaan atlet, komunitas olahraga berkuda, peternak kuda, serta berbagai sektor ekonomi masyarakat. (ran/yna)";olahraga
183;"Golf memang jadi salah satu olahraga papan atas dunia. Tapi bukan sekadar adu kemampuan, golf bisa merambah ke banyak sektor termasuk bisnis. Bagi sebagian orang golf memang bukan cuma mencari keringat dan prestasi, tapi juga sarana strategis untuk membangun jaringan bisnis, melatih mental, dan menjaga kesehatan. Itulah mengapa banyak turnamen golf digelar di Indonesia tidak cuma untuk atlet, tapi juga para para pemain amatir dan penikmat. Salah satunya yang baru dilakukan oleh Inventra, platform trading forex dan CFD berlisensi Bappebti (Badan Pengawas Perdagangan Berjangka Komoditi). Untuk memperkuat engagement di luar jaringan, Inventra menjadi sponsor Mangkuluhur Cup 2026, turnamen golf yang diikuti oleh 400 peserta dari berbagai wilayah Indonesia di New Kuta Golf, Bali, 21-22 Agustus lalu. Pesertanya sebagian besar adalah para pebisnis, sehingga menjadikan turnamen ini sekaligus salah satu turnamen golf komunitas dengan jumlah peserta terbesar yang digelar di New Kuta Golf sepanjang 2026. Golf dipilih bukan tanpa alasan. Sebagai olahraga yang identik dengan kalangan pebisnis dan profesional, golf menjadi titik temu alami antara komunitas olahraga dan komunitas bisnis - ruang yang relevan bagi Invetra untuk memperkenalkan diri kepada calon trader dan mitra baru di luar kanal digitalnya. Selama dua hari turnamen, Invetra hadir bukan sekadar lewat logo di banner. Perusahaan membuka booth interaktif untuk memperkenalkan dan mengedukasi peserta seputar aplikasi trading Invetra, dilengkapi merchandise eksklusif bagi pengunjung booth. Sebagai nilai tambah bagi peserta yang tertarik memulai perjalanan trading-nya, Invetra turut menghadirkan promo pendaftaran senilai 500 dolar AS khusus untuk peserta turnamen - menjadikan partisipasi di Mangkuluhur Cup sebagai pintu masuk langsung bagi calon trader baru untuk mengenal platform Invetra. ""Melalui Tournament Golf Mangkuluhur Cup 2026, kami melihat kesempatan untuk memperkenalkan Invetra kepada lebih banyak kalangan, termasuk para profesional yang hadir dari berbagai latar belakang. Bagi kami, ajang seperti ini menjadi cara yang efektif untuk membangun koneksi secara langsung dengan calon trader dan mitra bisnis, sekaligus melengkapi kehadiran kami di kanal digital,"" ujar Jufri Ramadhan Sinurat selaku Direktur PT Invetra Teknologi Berjangka dalam rilis kepada detikSport. Darma Mangkuluhur Hutomo selaku Komisaris Utama PT Intra GolfLink Resorts turut mengapresiasi keterlibatan Invetra sebagai sponsor utama tahun ini. ""Kehadiran Invetra sebagai sponsor utama memberikan dimensi baru bagi turnamen, khususnya dalam mempertemukan komunitas olahraga dengan komunitas profesional dan bisnis. Partisipasi sekitar 400 peserta pada tahun ini menunjukkan besarnya antusiasme masyarakat, dan kami berharap kolaborasi seperti ini dapat terus memberikan nilai positif bagi perkembangan komunitas dan industri di Indonesia,"" kata Darma. Ke depannya event serupa Mangkuluhur Cup berpotensi digelar lagi karena tidak cuma jadi ajang untuk adu kemahiran bermain golf, tapi juga membangun relasi bisnis. (mrp/ran)";olahraga
184;"Persaingan perebutan gelar juara dunia MotoGP 2026 berlangsung ketat. Menurut General Manager Ducati Corse Gigi Dall'Igna, gelar juara pada akhirnya akan ditentukan oleh pebalap yang paling mampu menjaga ketenangan dan konsistensi hingga akhir musim. Dall'Igna menganalisis persaingan MotoGP 2026 dalam wawancara dengan Sky Italia. Menurutnya, kondisi mental dan kemampuan menghindari kesalahan akan menjadi faktor penting dalam menentukan juara dunia. ""Menurut saya, Kejuaraan Dunia akan dimenangkan oleh siapa yang lebih tenang antara sekarang hingga akhir musim, karena saya pikir penting untuk mengumpulkan poin dan menghindari kesalahan,"" kata Dall'Igna seperti dilansir Motosan. Persaingan musim ini memang berlangsung sengit di antara para pebalap terdepan dari Ducati dan Aprilia. Dalam kondisi seperti itu, Dall'Igna menilai konsistensi lebih penting daripada sekadar mengoleksi kemenangan sebanyak-banyaknya dalam sembilan seri tersisa. ""Sejarah beberapa tahun terakhir menunjukkan bahwa tidak penting untuk mungkin memenangi 11 balapan, tetapi Anda harus menang sedikit lebih sedikit. Anda harus lebih konsisten dan stabil, dan yang terpenting, mampu membuat lebih sedikit kesalahan,"" ujarnya. Bagi Dall'Igna, pebalap yang mampu menjaga perolehan poin sekaligus meminimalkan kesalahan akan memiliki peluang terbesar menjadi juara. Artinya, hasil finis secara konsisten dapat menjadi lebih berharga daripada terlalu memaksakan diri demi kemenangan. Dengan persaingan yang masih terbuka, setiap kesalahan bisa menjadi pembeda dalam perburuan gelar MotoGP 2026. Karena itu, kemampuan menjaga kepala tetap dingin hingga seri terakhir diyakini Dall'Igna bakal menjadi kunci utama.";olahraga
185;"Babak utama Seri IV M-15 Men's World Tennis Championship 2026 sudah bergulir. Petenis tuan rumah Nathan Barki lolos ke Babak Kedua. Pada laga perdana di Lapangan D, Bali Beach Country Club, Nusa Dua, Selasa (1/9/2026), Nathan secara mengejutkan mengalahkan lawannya yang merupakan unggulan kedelapan asal Spanyol, Pablo Perez Ramos, lewat pertarungan tiga set selama 2 jam 14 menit. Mengawali laga dengan mantap, Nathan menang 6-2 di set pertama. Namun, Ramos yang berperingkat 984 ATP ini berhasil bangkit dari keterpurukannya untuk merebut set kedua dengan kemenangan 6-2. Sempat tertinggal 2-4 di set ketiga, Nathan tidak patah arang dan malah berhasil membalikkan keadaan. Ramos kesulitan untuk menghadapi tekanan Nathan sebelum akhirnya kalah 4-6. ""Pertandingan pertama memang selalu tidak mudah. Meski unggul di set pertama, lawan ternyata mampu merespon dengan baik di set kedua, bahkan saya sempat tertinggal di set ketiga. Tapi, persiapan matang yang saya lakukan sebelum turnamen jadi kunci kemenangan,"" ujar Nathan dalam rilis kepada detikSport. Di sektor ganda putra, Rafalentino Ali Da Costa/Ethan David Zapp menembus perempatfinal usai mengandaskan perlawanan Raghav Jaisinghani/Udit Kamboj dengan rubber set. Takluk 5-7 di set pertama, ganda muda tuan rumah itu berhasil dengan kemenangan 6-3 di set kedua. Laga harus dilanjutkan ke set ketiga yang menggunakan format super tiebreak, Dengan motivasi tinggi dan bermain lepas, Rafalentino/Ethan sukses menutup set ketiga ini dengan skor meyakinkan 10-4. Sayang langkah keduanya gagal diikuti rekannya Anthony Susanto yang berpasangan dengan Ren Nakamura. Mereka kalah rubber set dari Nan Hsun Lin/Kai-i Wang. Keunggulan 7-6 tiebreak 3 di set pertama, gagal dipertahankan oleh Anthony/Ren karena ganda Taiwan itu sukses merebut dua set berikutnya dengan kemenangan 6-4 dan super tiebreak 10-5 dalam durasi 1 jam 37 menit di lapangan F. (mrp/ran)";olahraga
186;Marc Marquez kembali menjadi yang tercepat di MotoGP Aragon 2026. Rider berjuluk The Baby Alien itu berhasil memenangi balapan di MotorLand Aragon, Minggu (30/8). Kemenangan tersebut membuat Marc mencatat hat-trick di Aragon. Ia kembali berdiri di podium teratas setelah sebelumnya juga memenangi dua edisi terakhir balapan di sirkuit yang sama. Balapan sempat menyajikan perubahan posisi di barisan depan. Marco Bezzecchi yang mengawali race dengan baik sempat memimpin, sebelum Marc mengambil alih posisi pertama pada lap keenam. Pedro Acosta kemudian menjadi rider yang paling dekat dengan Marc. Namun hingga finis, Acosta harus puas di posisi kedua, sementara Bezzecchi melengkapi podium di urutan ketiga. Sementara itu, Alex Marquez dari Gresini Racing harus berjuang setelah kehilangan beberapa posisi di awal balapan. Ia kemudian mampu memperbaiki posisinya dan menyelesaikan race di urutan keempat. Bagi Alex, hasil tersebut tetap berarti. Ia mengantongi 13 poin dari balapan utama dan total membawa pulang 22 poin dari akhir pekan Aragon setelah sebelumnya finis kedua di Sprint Race. Alex mengakui ada kesalahan di awal race yang membuatnya kehilangan waktu. Meski gagal naik podium, tambahan poin tersebut tetap penting untuk menjaga persaingannya di musim 2026. Tebakan Podium Terjawab Keseruan di Aragon tidak hanya terjadi di lintasan. Para penggemar MotoGP sebelumnya juga ikut menguji insting mereka lewat Bold Riders Podium Picks. Dalam kompetisi ini, peserta menebak tiga rider yang akan finis di posisi pertama, kedua, dan ketiga. Setelah race selesai dan seluruh prediksi diperiksa, dua detikers berhasil mengumpulkan poin tertinggi. Mereka adalah: - Nung Jannah - Khoirul Anam Keduanya berhak mendapatkan voucher masing-masing senilai Rp250 ribu. Selamat untuk Nung Jannah dan Khoirul Anam yang berhasil membaca peluang podium di Aragon. Buat detikers yang belum berhasil, masih ada seri MotoGP berikutnya untuk kembali menguji insting. Siapa tahu, tebakan berikutnya justru membawa pulang hadiah. Buat lo yang belum gabung, sekarang waktunya follow Bold Riders, official sponsor Gresini Racing Moto GP team sekaligus wadah komunitas motor multi-genre terbesar di Indonesia. Di sini lo bisa ketemu sesama pecinta motor, riding bareng, sampai ikut berbagai aktivitas seru. Jangan lupa follow Instagram @boldriders supaya nggak ketinggalan update MotoGP, konten otomotif, dan info event motor lainnya. Bold Riders, Spirit of Brotherhood! (prf/ega);olahraga
187;"Rider Ducati, Marc Marquez, memetik kemenangan ganda di MotoGP Aragon 2026. Baby Alien pun memberi pukulan telak untuk pebalap-pebalap Aprilia. Di Sirkuit Aragon pada akhir pekan lalu, Marc Marquez mampu menjadi juara saat sprint race dan main race MotoGP Aragon 2026. Dengan tambahan poin penuh pada seri ke-13 MotoGP 2026, pebalap asal Spanyol itu memperbaiki posisi di klasemen. Saat ini, Marc Marquez ada di posisi kedua klasemen MotoGP 2026 dengan raihan 237 poin. Dia cuma berjarak 19 poin dari Jorge Martin, pebalap Aprilia pemuncak klasemen MotoGP 2026. Pengamat MotoGP, Carlo Pernat, menilai bahwa Marc Marquez menobatkan diri sebagai raja di Sachsenring dan Aragon. Di Aragon, Marc Marquez baru saja mencatatkan hat-trick. ""Marc Marquez, raja Sachsenring dan raja Aragon. Sempat ada sejumlah keraguan, karena Aprilia jelas telah berkembang pesat. Motor tersebut kini bisa kita sebut sebagai motor juara, dengan para pebalap tangguh, khususnya Martin dan Bezzecchi, yang berada di papan atas klasemen dan itu bukanlah sebuah kebetulan,"" kata Pernat seperti dikabarkan oleh GP One. ""Namun, Marc melakukan apa yang ia mau. Dia benar-benar menghajar mereka,"" kata dia menambahkan. MotoGP 2026 akan lanjut lagi pada 13 September 2026. MotoGP San Marino di Misano yang akan menjadi sajiannya. Marc Marquez bisa menang lagi di Misano? (cas/aff)";olahraga
188;Leo Rolly Carnando/Daniel Marthin melaju ke babak kedua China Masters 2026. Leo/Daniel mengalahkan unggulan pertama Kim Won Ho/Seo Seung Jae 21-19, 21-19. Leo Rolly Carnando/Daniel Marthin melawan unggulan pertama Kim Won Ho/Seo Seung Jae (Korea Selatan) pada babak pertama China Masters 2026. Laga ini berlangsung di Court 1, Shenzhen Arena, Selasa (1/9/2026). Leo/Daniel tertinggal di awal gim pertama 1-5. Mereka bisa bangkit mengejar untuk hanya tertinggal satu poin saat skor 5-6. Kedua ganda ini kemudian saling pertukar poin. Kim/Seo unggul 11-9 saat interval gim pertama. Leo/Daniel bisa menyetarakan angka selepas interval saat skor 12-12. Kejar mengejar poin terjadi hingga 16-16. Kim/Seo mendapatkan momentum untuk menjauh usai mendapatkan dua angka. Kim/Seo diambang menutup gim pertama usai unggul 19-16. Namun, Leo/Daniel tampil menawan di poin-poin krusial. Mereka mendulang lima angka beruntun untuk membalikkan situasi. Leo/Daniel mengamankan gim pertama usai menang 21-19. Laga berjalan sengit di awal gim kedua. Kejar mengejar poin terjadi hingga 7-7. Skor masih ketat sampai 10-10. Leo/Daniel mendapatkan satu angka untuk memimpin 11-10 saat interval gim kedua. Selepas interval situasi sempat berbalik dengan Leo/Daniel tertinggal 12-15. Mereka bisa mengejar hingga skor kembali sama kuat saat 15-15. Skor sama kuat hingga 17-17. Leo/Daniel kembali menunjukkan mental yang sangat baik di poin krusial.Leo/Daniel bisa memenangi lagi usai mengamankan gim kedua 21-19. Leo/Daniel melaju ke babak kedua (16 besar). Leo/Daniel mengikuti jejak dari Ali Faathir Rayhan/Devin Artha Wahyudi. Ali Faathir Rayhan/Devin Artha Wahyudi mengalahkan unggulan kelima dari Malaysia, Goh Sze Fei/Nur Izzuddin. Fathir/Devin ke babak kedua usai Goh/Izzudin retired. Mereka mundur setelah kalah 16-21 di gim pertama. (pur/krs);olahraga
189;"Rider Honda Team Asia, Veda Ega Pratama, menjalani akhir pekan yang buruk di Moto3 Aragon. Pebalap asal Gunungkidul itu sudah gagal meraih poin empat kali di Moto3. Di Sirkuit Aragon pada akhir pekan lalu, Veda Ega finis ke-20. Dia sudah kesulitan sejak hari Jumat. Veda Ega harus memulai balapan dari posisi ke-22. Dia pun kesulitan untuk menembus barisan depan. Dengan hasil ini, Veda Ega gagal meraih poin. Raihan angka Rocket Boy masih tertahan 97 poin. Dia tinggal berjarak tujuh poin dari Hakim Danish di posisi kedelapan. Selain di Aragon, Veda Ega juga gagal meraih poin dalam tiga seri lainnya. Dia gagal finis di Moto3 Amerika Serikat, finis ke-16 di Moto3 Hungaria, dan gagal finis di Moto3 Belanda. ""Bukan hasil balapan yang saya inginkan di minggu ini. Memang sepanjang minggu ini saya merasa kesulitan dari sesi di hari Jumat, Sabtu, dan race,"" kata Veda Ega selepas balapan. ""Jalannya balapan saya mencoba untuk start bagus dan mencoba untuk secepatnya ke depan. Tapi saat saya mencoba ke depan, dengan rider lain sempat ada senggolan sedikit sampai akhirnya melakukan kesalahan."" ""Dalam balapan saya mencoba untuk push, push, push untuk mengejar grup di depan. Ya sulit, kesulitan dengan sirkuit Aragon dengan grip yang menurut saya cukup licin. Minggu yang harus saya lupakan, dan ya saya ambil pelajarannya. Saya dan tim akan mencari tahu di mana titik poin yang saya bisa improve lagi. Pada seri di Misano saya akan mencoba lebih baik lagi,"" kata Veda Ega menambahkan. (cas/bay)";olahraga
190;"Rider Ducati, Marc Marquez, mendominasi MotoGP Aragon 2026. Aprilia pun makin termotivasi bisa mengalahkan Baby Alien dalam perburuan gelar juara dunia. Marc Marquez memenangi sprint race dan main race MotoGP Aragon pada akhir pekan lalu. Oleh sebab itu, pebalap 33 tahun itu bisa menembus posisi kedua klasemen MotoGP. Dengan raihan 237 poin, Marc Marquez kini tinggal berjarak 19 angka dari jagoan Aprilia, Jorge Martin. Raihan angka Marc Marquez melewati Marco Bezzecchi dan kini unggul lima poin. Bos Aprilia, Massimo Rivola, mengakui bahwa Marc Marquez masih menjadi rider terkuat di MotoGP. Oleh karena itu, Aprilia makin bersemangat mengalahkan Marc Marquez pada sisa musim ini. ""Memang benar kami telah melakukan langkah-langkah yang tepat, terutama untuk masa depan, tetapi itu saja tidak cukup: kami ada di sini dan kami harus berjuang hingga balapan terakhir melawan pesaing seperti Marquez, yang merupakan salah satu pebalap terkuat dalam sejarah. Mendapat kehormatan untuk bisa mencoba mengalahkannya adalah hal yang luar biasa dan menjadi motivasi yang sangat besar. Kami tidak akan menyerah sampai akhir,"" kata Rivola di GP One. ""Ada banyak hal yang bisa dipelajari dari Marc. Ketika dia tampak kesulitan, dia bisa menang tanpa mengambil risiko, karena dia tahu bahwa konsistensi adalah hal terpenting dari sekarang hingga akhir tahun. Dan ketika saatnya membawa pulang kemenangan, karena dia tahu dia yang terkuat, dia akan melakukannya. Kami harus belajar dari sikapnya,"" kata dia menambahkan. MotoGP 2026 akan lanjut lagi pada 13 September 2026. Balapan MotoGP San Marino yang akan digelar. (cas/aff)";olahraga
191;"Umar Nurmagomedov telan kekalahan dari Song Yadong di lanjutan UFC. Shovel uppercut langsung bikin Umar KO dan tak sadarkan diri. Bukan pukulan hoki! UFC Fight Night: Nurmagomedov vs Song dalam UFC Shanghai digelar di Oriental Sports Center, Sabtu (29/8). Duel utama di kelas bantam UFC, Umar Nurmagomedov di ranking ketiga kontra Song Yadong di ranking keenam. Song Yadong menang KO pada ronde kedua. Shovel uppercut yang dilepaskannya masuk, bikin Umar langsung tersungkur dan tak sadarkan diri, ditambah dua pukulan hammer fist. Dirangkum dari berbagai sumber, pukulan shovel uppercut tidak seperti pukulan uppercut dalam tinju. Teknik ini dilakukan petarung MMA atau Muay Thai. Pukulan ini dilayangkan dari bawah ke atas dengan lintasan diagonal sekitar 45 derajat, menyerupai gerakan seseorang yang sedang mencangkul atau menyekop. Khusus pukulan shovel uppercut Song Yadong, petarung asal China itu melakukannya dengan cantik. Saat Song Yadong lepas pukulan itu dengan tangan kanannya, dirinya tidak memutar pergelangan tangan. Pergelangan tangannya lurus. Song lebih dulu melepas jab. Umar Nurmagomedov yang lakukan duck (merendahkan tubuh bagian atas) langsung kena hantam shovel uppercut Song yang mengenai belakang kupingnya, di belakang bagian temple. Umar langsung terjatuh tidak sadarkan diri. Dari posisi yang terkena pukulan itu pun mengalir darah segar. Song dan timnya sudah baca kebiasaan buruk Umar. Umar suka duck ketika diserang dan lancarkan single leg takedown. Song dengan tepat dapat timing untuk mengeksekusinya. ""Pelatih saya Rudy Hernandez sudah bilang, kami akan menang dengan upper cut. Ya, saya percaya diri untuk melakukannya,"" ungkap Song. ""Kami tahu, Umar akan menghindar ke bawah. Kami sudah memperhatikan itu dan saya bisa melakukannya dengan baik,"" tutup Song. Lihat juga Video Cara Khabib Nurmagomedov Nikmati Masa Pensiun: Makan Apa pun Asal Halal";olahraga
192;"Abdul Kadir Karding jadi Ketum Perserikatan Baseball Softball Seluruh Indonesia (PB Perbasasi) periode 2026-2030. Dirinya singgung soal pembinaan dan prestasi. Abdul Kadir Karding terpilih secara aklamasi sebagai Ketua Umum Pengurus Besar Perserikatan Baseball Softball Seluruh Indonesia (PB Perbasasi). Usai terpilih, Karding menegaskan langkah awal kepengurusannya akan difokuskan pada konsolidasi organisasi sebagai fondasi untuk membangun ekosistem baseball dan softball Indonesia yang lebih kuat. ""Kalau kita tidak solid, kita tidak bisa apa-apa. Jadi kita harus solid dulu, kuat dulu. Setelah itu baru kita bisa membangun target-target prestasi,"" ujar Karding dalam sambutannya di Tangerang, Senin, (31/8). Karding mengusung agenda modernisasi dan kolaborasi untuk memperkuat tata kelola organisasi. Salah satu langkah yang akan didorong adalah pembangunan basis data yang lebih baik bagi pembinaan baseball dan softball di Indonesia. Selain itu, Perbasasi juga akan memperkuat sistem pembinaan atlet secara berjenjang. ""Pembinaan yang berjenjang menjadi penting. Tetapi yang tidak kalah penting adalah bagaimana masyarakat dibuat mencintai baseball dan softball,"" katanya. Untuk meningkatkan popularitas olahraga tersebut, Karding mendorong pembentukan klub-klub baseball dan softball melalui kerja sama dengan berbagai pihak, termasuk pemerintah daerah dan sektor swasta. Ia menilai jaringan yang dimiliki para pengurus dan pemangku kepentingan dapat dimanfaatkan untuk memperluas basis pembinaan dan meningkatkan partisipasi masyarakat. Selain itu, Karding menargetkan Perbasasi mampu meningkatkan prestasi Indonesia di berbagai kompetisi. Ia menyebut keinginan untuk membawa baseball dan softball Indonesia masuk jajaran 10 besar pada sejumlah level kompetisi. Tentu, harus dibangun melalui fondasi organisasi yang kuat. ""Target kita tentu prestasi. Bisa SEA Games, Asian Games, bahkan Olimpiade. Tetapi dana, jaringan, organisasi, dan model pembinaan harus menjadi satu ekosistem baseball dan softball yang baik,"" ujarnya. Karding mengakui persoalan pendanaan menjadi salah satu tantangan utama dalam pengelolaan organisasi olahraga. Karena itu, Perbasasi akan mencari berbagai alternatif pendanaan dan memperkuat kolaborasi dengan berbagai pihak agar program pembinaan dan pengembangan organisasi dapat berjalan secara berkelanjutan. Ia juga membuka ruang keterlibatan yang lebih luas bagi berbagai unsur dalam struktur organisasi Perbasasi. Menurutnya, membangun organisasi tidak dapat dilakukan seorang diri tetapi membutuhkan kerja bersama seluruh pengurus, pengurus daerah, komunitas, atlet, serta pemangku kepentingan lainnya. ""Kita rekonsiliasikan dan kita bangun bersama. Target kita adalah menciptakan ekosistem baseball dan softball yang baik, organisasi yang kuat, serta prestasi Indonesia di tingkat dunia,"" kata Karding. ""Saya tidak bisa bekerja sendiri. Saya berharap semua yang ada di sini bisa terlibat. Kita ingin punya ekosistem baseball dan softball yang bagus, Perbasasi yang kuat, dan prestasi Indonesia di tingkat dunia,"" pungkasnya. Lihat juga Video: Apa Itu Badan Karantina Indonesia yang Kini Dipimpin Kadir Karding";olahraga
193;"Manajer Tim Ducati Davide Tardozzi melontarkan kritik tajam terhadap Francesco Bagnaia setelah MotoGP Aragon. Menurutnya, masalah Bagnaia saat ini bukan soal kecepatan, melainkan aspek psikologis, secara khusus kepercayaan diri dan fokus mental. Bagnaia kembali menjalani akhir pekan yang sulit di Aragon. Pebalap Italia itu gagal menunjukkan performa yang diharapkan Ducati dan akhirnya terjatuh dalam balapan. Ducati sebelumnya berharap Bagnaia setidaknya mampu finis di lima besar di MotorLand Aragon. Namun, ekspektasi tersebut tidak terpenuhi. Tardozzi menyebut tim sempat mencoba perubahan saat sesi pemanasan, tetapi hasilnya tidak sesuai harapan. ""Kami berharap Bagnaia setidaknya bisa berada di lima besar di sini, tetapi kenyataannya tidak demikian. Kami mencoba sesuatu saat pemanasan yang tidak berhasil. Dia tidak memiliki kepercayaan diri, dia tidak memacu motornya, dan kami belum menemukan cara untuk mengatasi masalah ini,"" kata Tardozzi kepada TNT Sports. Tardozzi kemudian menilai persoalan Bagnaia sudah menyentuh aspek psikologis. Menurutnya, kemampuan Bagnaia untuk melaju cepat tidak perlu diragukan, tetapi pendekatannya dalam menghadapi situasi sulit justru membatasi performanya. ""Saya pikir ini adalah masalah psikologis. Pendekatannya terkadang membatasi performanya. Kami tidak meragukan bahwa dia cepat, tetapi sekarang dia harus melewati batas tipis antara percaya diri dan menutup mata terhadap tantangan,"" ujarnya. Pernyataan Tardozzi tersebut menjadi sorotan mengingat Bagnaia akan meninggalkan Ducati pada akhir musim. Mulai 2027, dia akan memperkuat Aprilia Racing, sementara Ducati telah memastikan Pedro Acosta sebagai rekan setim Marc Marquez untuk musim 2027 dan 2028. (krs/bay)";olahraga
194;"Bilal Hasan memulai debut di UFC dengan meyakinkan, menang KO. Legenda UFC, Henry Cejudo dibikin kagum olehnya. UFC Fight Night: Nurmagomedov vs Song dalam UFC Shanghai digelar di Oriental Sports Center, Sabtu (29/8). Bilal Hasan yang jalani laga debut, hadapi petarung asal Peru, Nilson Rojas di kelas flyweight. Kedua petarung punya rekor sama 9-0. Bilal menang di ronde kedua setelah pukulan lurus kanannya masuk sempurna! Bilal Hasan kini punya rekor kemenangan di dunia MMA 9-0. Petarung asal Indonesia itu memulai debut di UFC dengan mulus, bikin Henry Cejudo kagum! ""Bilal melepas pukulan jab dan sesaat ketika tangan kirinya turun, bum! Pukulan kanan yang lurus ke arah tengah,"" katanya di sosial media. ""Anak ini punya daya tarik. Dia punya sebuah pertunjukan dan membuktikannya di dalam oktagon,"" tambahnya. Henry Cejudo merupakan legenda di UFC. Dia pernah menyabet dua gelar di kelas flyweight dan bantam weight. Cejudo sebelumnya pernah juga memuji Bilal Hasan saat kemenangan KO 45 detik. Itu ketika 'The IndoNinja' menang atas petarung asal India, Mridul Saikia dalam perebutan kontrak UFC di Dana White's Contender Series (DWCS) Season 10, Agustus lalu. ""Menang KO cuma 45 detik, ingat-ingat namanya, Bilal Hasan,"" jelas Cejudo. ""Dana White sudah terkesan padanya. Apalagi di kelas flyweight, banyak petarung hebat. Saya nggak sabar menantikan aksi-aksinya,"" sambungnya. Simak juga Video: Menlu AS Bicara Alasan Pemasangan Ring UFC di Halaman Gedung Putih";olahraga
195;"Selesai sudah musim kedua BRI Indonesia Pingpong League (IPL) 2026. Arwana Jaya dan Onic Sport tampil sebagai juara. Grand final season 2 ini menghadirkan format kompetisi yang menuntut konsistensi setiap tim sepanjang empat hari penyelenggaraan, 26-29 Agustus, di Main Atrium Trans Studio Mall Ciubur, Depok. Dalam format Grand Final ini, seluruh tim pada masing-masing kategori Elite Putera dan Elite Puteri saling bertemu. Hasil akhir ditentukan berdasarkan total raihan poin setiap tim selama rangkaian pertandingan. Khusus kategori Elite Puteri, dalam setiap pertemuan terdapat sesi pertandingan ganda. Sementara pada kategori Elite Putera, pertandingan berlangsung tanpa sesi ganda. Persaingan Elite Putera berlangsung ketat hingga pertandingan terakhir. Arwana Jaya berhasil mengumpulkan 6 poin dan keluar sebagai juara. Keberhasilan tersebut menjadi pencapaian istimewa bagi Arwana Jaya karena mereka berhasil mengambil alih tahta dari Onic Sport, yang merupakan juara IPL Season 1. Pilar Arwana Jaya, Muhammad Bima Abdi Negara, menyebut keberhasilan merebut gelar dari juara bertahan menjadi pencapaian yang sangat berarti bagi timnya. ""Kami sangat bersyukur bisa menjadi juara. Onic adalah juara Season 1 dan kami tahu mereka punya kualitas yang sangat bagus. Jadi bisa merebut gelar ini tentu menjadi pencapaian yang sangat spesial bagi kami. Semua pemain memberikan yang terbaik dan kami berusaha menjaga fokus sampai pertandingan terakhir,"" ujar Bima dalam rilis kepada detikSport. ""Dengan sistem seperti ini, setiap pertandingan sangat penting. Walaupun menang mendapatkan dua poin dan kalah masih mendapatkan satu poin, kami tetap tidak boleh lengah. Target kami adalah memenangkan setiap pertandingan dan mengumpulkan poin sebanyak mungkin. Kekompakan dan mental tim menjadi kunci,"" katanya. Sementara itu, Onic Sport tampil sebagai juara di kategori Elite Puteri dengan raihan 6 poin. Onic Sport mengungguli Sukun Kudus di posisi kedua dengan lima poin. Arwana Jaya di posisi ketiga dengan 4 poin dan Jasa Raharja Putera di posisi keempat dengan tiga poin. Pemain Onic Sport, Cindy Marcella, mengaku bangga dapat membawa timnya meraih gelar juara Elite Puteri. Menurut Cindy, konsistensi jadi kunci kemenangan Onic Sport, mengingat turnamen berlangsung cuma empat hari. ""Pastinya kami sangat senang dan bangga bisa menjadi juara. Perjalanan menuju Grand Final tidak mudah karena semua tim punya kualitas yang bagus. Kami berusaha menjaga fokus, saling mendukung, dan memberikan kemampuan terbaik di setiap pertandingan,"" papar Cindy. ""Kami harus menjaga fokus dari pertandingan pertama sampai pertandingan terakhir karena setiap pertandingan punya nilai yang sangat penting. Kami bersyukur bisa menjaga konsistensi dan akhirnya mendapatkan hasil terbaik,"" sambungnya. Grand Final Indonesian Pingpong League Season 2 turut dihadiri Ketua Umum IPL Petrus Reinhard Golose, Sekretaris Jenderal IPL Yon Mardiyono, serta seluruh jajaran pengurus Indonesian Pingpong League. Petrus mengatakan Grand Final menjadi momentum penting bagi para atlet untuk menunjukkan hasil kerja keras mereka sepanjang musim. ""Grand Final adalah panggung bagi para atlet untuk menunjukkan hasil dari kerja keras mereka sepanjang musim. Kami ingin IPL terus menjadi kompetisi yang memberikan ruang bagi atlet untuk berkembang, berprestasi, dan mendapatkan pengalaman bertanding di level tertinggi,"" ujar Petrus. (mrp/adp)";olahraga
196;Bertanding di Court 1, Shenzhen Arena, Selasa (1/9/2026), Jonatan yang menjadi unggulan pertama di dalam turnamen BWF Super 750 itu membutuhkan waktu 44 menit untuk mengunci kemenangan. Pada gim pertama, Jonatan langsung mengamankan kemenangan dengan skor 21-17. Leong Jun Hao berusaha memberikan perlawanan, tetapi Jonatan mampu menjaga keunggulan dari awal hingga gim berakhir. Persaingan lebih ketat terjadi pada gim kedua. Jonatan akhirnya kembali menang dengan skor 21-19 untuk memastikan kemenangan dua gim langsung. Dengan hasil tersebut, Jonatan Christie melaju dari babak 32 besar setelah mengalahkan wakil Malaysia tersebut. Di China Masters 2026 ini sendiri Indonesia memiliki empat orang wakil. Selain Jonatan Christie, ada tiga wakil lain dari nomor ganda. Ketiganya adalah pasangan ganda putra yakni Leo Rolly Carnando/Daniel Marthin, Sabar Karyaman Gutama/Moh Reza Pahlevi Isfahani, dan Ali Faathir Rayhan/Devin Artha Wahyudi. Sejumlah nama lain yang sempat masuk daftar undian pekan lalu urung tampil. Mereka adalah Alwi Farhan, Putri Kusuma Wardani, dan Fajar Alfian/Muhammad Shohibul Fikri. Simak juga Video: Jonatan Christie: Hampir Seumur Hidup untuk Bulu Tangkis Indonesia (krs/bay);olahraga
197;"Rider Ducati Marc Marquez telah kembali dalam persaingan titel juara dunia MotoGP 2026. Marquez mengaku khawatir dengan balapan di Mandalika nanti. Sukses menyapu seri Aragon membawa Marquez terus mendekati pemuncak klasemen MotoGP Jorge Martin. Dengan koleksi 237 poin, superstar balap motor Spanyol itu menghuni peringkat kedua dengan hanya tertinggal 19 poin saja. Marco Bezzecchi mengintai di posisi ketiga usai meraup 232 poin. Di sisi lain, kejuaraan MotoGP 2026 memiliki sembilan seri yang tersisa atau total 18 balapan. Sedangkan MotoGP Indonesia, yang digelar di Sirkuit Mandalika menempati putaran ke-17 pada Oktober mendatang. Marc Marquez belum mau memikirkan soal persaingan gelar dengan Jorge Martin dan Bezzecchi. Pebalap berusia 33 tahun itu ingin fokus melakoni balapan demi balapan, meskipun dia cukup waspada dengan balapan di Mandalika. ""Dari sejarah, Indonesia adalah yang terburuk [buatku], karena setiap tahun aku mendapatkan memori buruk dari sana,"" ceplos juara dunia MotoGP tujuh kali itu dilansir Crash. ""Namun, selain itu, aku merasa baik-baik saja dengan sirkuit-sirkuit yang lain. Jadi balapan demi balapan. Sekarang, mari memulihkan tenaga dari balapan ini dan fokus ke Misano,"" dia menambahkan. Sejauh ini MotoGP Mandalika bak jadi ""kutukan"" bagi Marc Marquez. Mantan rider Honda dan Gresini itu tidak pernah bisa finis di masing-masing dari tiga edisi terakhir balapan MotoGP Mandalika. Bahkan pada edisi tahun lalu, Marquez bertabrakan dengan Marco Bezzecchi sehingga mengalami patah tulang selangka, cedera yang terus mengganggunya sampai sekarang. (rin/adp)";olahraga
198;"Satu wakil Indonesia lolos ke Babak Utama Seri 4 M-15 Amman Mineral Men's World Tennis Championship 2026. Dia adalah Gunawan Trismuwantara. Pada pertandingan final kualifikasi di lapangan A, Bali Beach Country Club, Nusa Dua, Senin (31/8/2026), Gunawan menghadapi Haruto Ishikawa asal Jepang. Petenis 23 tahun itu harus bertarung ketat tiga set selama 1 jam 41 menit untuk memastikan tiket babak utama dengan kemenangan 4-6, 6-6, dan 10-7. Setelah saling balas di dua set pertama, format super tie break harus digunakan di set ketiga untuk menentukan pemenang. Gunawan bisa memenangi set penentuan tersebut dengan skor akhir 10-7. ""Saya memang sering melakukan kesalahan di set pertama, terutama saat poin penting. Namun, saya kembali fokus di sisa game, terutama di babak super tie dan akhirnya bisa menang,"" ujar Gunawan dalam rilis kepada detikSport. Pada pertandingan lainnya di lapangan F, performa impresif Ethan David Zapp gagal dilanjutkan saat bertemu unggulan ketiga dari India, Shanker Heisnam. Meski telah mengeluarkan seluruh permain terbaiknya dan memberikan perlawanan keras terutama di set awal, petenis 17 tahun itu takluk 4-6 dan 1-6 dalam tempo 1 jam 35 menit. Gunawan pun menemani sejumlah pemain Indonesia yang lebih dulu masuk Babak Utama lewat fasilitas Wild Card, seperti Anthony Susanto, Nathan Barki, dan Rafalentino Ali Da Costa. Selain turun dinomor tunggal pada kejuaraan yang berhadiah total 20 ribu dolar AS, Indonesia punya enam wakil di nomor ganda melalui Gunawan Trismuwantara/Kareem Abdul Hakim, Rafalentino Ali Dacosta/Ethan David Zapp serta Anthony Susanto yang menggandeng pemain Jepang Ren Nakamura. (mrp/adp)";olahraga
199;"Marc Marquez mengungkap momen menegangkan saat berduel dengan Marco Bezzecchi di MotoGP Aragon. Kedua pebalap sempat seperti tertarik satu sama lain akibat turbulensi aerodinamika pada kecepatan sekitar 300 km/jam. Menyeramkan! Momen tersebut terjadi pada lap keenam MotoGP Aragon, Minggu (30/8/2026), saat Marc Marquez dan Bezzecchi terlibat duel ketat untuk memperebutkan posisi terdepan. Keduanya berdampingan di trek lurus dengan kecepatan tinggi. Duel itu bermula setelah Marquez melakukan manuver dari sisi dalam terhadap Bezzecchi di chicane. Tapi pebalap Aprilia tersebut mampu kembali berada di samping Marquez berkat keluar tikungan yang lebih baik. Saat keduanya berakselerasi dan menaikkan gigi, Bezzecchi berada di antara Marquez dan sisi dalam trek. Turbulensi yang muncul membuat kedua motor mulai bergoyang ketika melaju dalam kecepatan tinggi. ""Itu momen yang luar biasa. Maksud saya, momen yang menakutkan,"" kata Marc Marquez seperti dilansir Crash.net. ""Karena dengan semua aerodinamika itu, pada kecepatan 300 kilometer per jam motor kami seperti tertarik satu sama lain. Saya mencoba [memberi ruang] dan bergerak ke sisi kanan, tetapi kami seperti 'menempel'. ""Jika Anda melihat tayangan ulangnya, bahkan ada sedikit wheelie di gigi enam! Dan tidak mungkin untuk menjauh dari motornya. Jadi itu momen yang menakutkan, tetapi tontonan yang bagus untuk para penggemar. Kemudian tiba saatnya Marco sedikit menyerah karena dia berada di sisi yang kotor,"" tuturnya mengisahkan. Marquez akhirnya tetap bertahan di depan hingga memasuki zona pengereman. Bezzecchi kemudian kehilangan posisi kedua setelah disalip Pedro Acosta. Tiga pebalap terdepan tersebut kemudian mempertahankan posisi masing-masing hingga bendera finis dikibarkan.";olahraga
200;Baru saja digelar Kejuaraan Nasional (Kejurnas) Fespati 2026. Tampil sebagai juara umum adalah Jawa Timur. Kejurnas Fespati adalah kompetisi memanah untuk segala usia yang digelar di Villa Bukit Tidar, Kota Malang, 22-24 Agustus, yang digelar Federasi Seni Panahan Tradisional (Fespati). Ada total 1.090 peserta dari 16 provinsi di seluruh Indonesia. Ada 13 kategori perlombaan yang dipertandingkan. Mulai dari pelajar U9 sampai U-18, hunting pelajar dan umum, jemparingan pelajar dan umum, jarak 30 dan 50 meter untuk atlet panahan tradisional peserta perempuan dan laki-laki umum. serta HBA atau Horse Back Archery untuk kategori Junior Putra, Open Putri dan Senior Putra. Total peserta ribuan itu melebihi edisi sebelumnya di Klaten, Jawa Tengah, yang diikuti 700 peserta. Kenaikan ini menunjukkan tren positif, karena artinya panahan tradisional semakin banyak peminatnya. Apalagi sertifikat pemenang akan dikurasi oleh Pupresnas atau Pusat Prestasi Nasional, institusi di bawah Kementrian Pendidikan Dasar dan Menengah Republik Indonesia, yang memberikan pengakuan resmi terhadap ajang talenta atau prestasi peserta didik. Malang dipilih sebagai lokasi penyelenggaraan Kejurnas 2026 dikarenakan Malang adalah peringkat utama kota industri pariwisata di Jawa Timur. Diharapkan gelaran Kejurnas bisa membawa dampak positif juga bagi naiknya income bagi pengusaha UMKM dan industri pariwisata di kota Malang, seperti slogan 'Fespati untuk Negeri.' Kejurnas 2027 rencananya akan dihelat di tiga Provinsi, yakni DKI Jakarta, Jawa Barat atau Banten. Imran Taufik selaku Ketua Umum Fespati menyebut kejurnas bisa jadi seleksi untuk para pemanah muda yang mau membela Indonesia di kancah internasional. (mrp/adp);olahraga
